2026-09-19 17:52:55.998 INFO  service=auditoria-service correlationId= thread=main logger=b.c.f.auditoria.AuditoriaApplication - Starting AuditoriaApplication using Java 21.0.8 with PID 2984 (D:\Faculdade\TPs e ATs\8 semestre\Domain-Driven Design (DDD) e Arquitetura de Softwares Escaláveis com Java\AT\freela-marketplace-assessment\auditoria-service\target\classes started by diego in D:\Faculdade\TPs e ATs\8 semestre\Domain-Driven Design (DDD) e Arquitetura de Softwares Escaláveis com Java\AT\freela-marketplace-assessment\auditoria-service)
2026-09-19 17:52:56.009 INFO  service=auditoria-service correlationId= thread=main logger=b.c.f.auditoria.AuditoriaApplication - No active profile set, falling back to 1 default profile: "default"
2026-09-19 17:52:56.921 INFO  service=auditoria-service correlationId= thread=main logger=o.s.d.r.c.RepositoryConfigurationDelegate - Bootstrapping Spring Data JPA repositories in DEFAULT mode.
2026-09-19 17:52:57.048 INFO  service=auditoria-service correlationId= thread=main logger=o.s.d.r.c.RepositoryConfigurationDelegate - Finished Spring Data repository scanning in 118 ms. Found 2 JPA repository interfaces.
2026-09-19 17:52:57.461 INFO  service=auditoria-service correlationId= thread=main logger=o.s.cloud.context.scope.GenericScope - BeanFactory id=643a5eb7-accf-3265-8d1d-e564c4d8e48a
2026-09-19 17:52:57.905 INFO  service=auditoria-service correlationId= thread=main logger=o.s.boot.tomcat.TomcatWebServer - Tomcat initialized with port 8084 (http)
2026-09-19 17:52:57.924 INFO  service=auditoria-service correlationId= thread=main logger=o.a.catalina.core.StandardService - Starting service [Tomcat]
2026-09-19 17:52:57.925 INFO  service=auditoria-service correlationId= thread=main logger=o.a.catalina.core.StandardEngine - Starting Servlet engine: [Apache Tomcat/11.0.22]
2026-09-19 17:52:58.003 INFO  service=auditoria-service correlationId= thread=main logger=o.s.b.w.c.s.WebApplicationContextInitializer - Root WebApplicationContext: initialization completed in 1924 ms
2026-09-19 17:52:58.548 INFO  service=auditoria-service correlationId= thread=main logger=org.hibernate.orm.jpa - HHH008540: Processing PersistenceUnitInfo [name: default]
2026-09-19 17:52:58.609 INFO  service=auditoria-service correlationId= thread=main logger=org.hibernate.orm.core - HHH000001: Hibernate ORM core version 7.4.1.Final
2026-09-19 17:52:59.036 INFO  service=auditoria-service correlationId= thread=main logger=o.s.o.j.p.SpringPersistenceUnitInfo - No LoadTimeWeaver setup: ignoring JPA class transformer
2026-09-19 17:52:59.069 INFO  service=auditoria-service correlationId= thread=main logger=com.zaxxer.hikari.HikariDataSource - HikariPool-1 - Starting...
2026-09-19 17:52:59.228 INFO  service=auditoria-service correlationId= thread=main logger=com.zaxxer.hikari.pool.HikariPool - HikariPool-1 - Added connection org.postgresql.jdbc.PgConnection@247a8411
2026-09-19 17:52:59.230 INFO  service=auditoria-service correlationId= thread=main logger=com.zaxxer.hikari.HikariDataSource - HikariPool-1 - Start completed.
2026-09-19 17:52:59.316 INFO  service=auditoria-service correlationId= thread=main logger=o.hibernate.orm.connections.pooling - HHH10001005: Database info:
	Database JDBC URL [jdbc:postgresql://localhost:5432/auditoria_db]
	Database driver: PostgreSQL JDBC Driver
	Database dialect: PostgreSQLDialect
	Database version: 16.13
	Default catalog/schema: auditoria_db/public
	Autocommit mode: undefined/unknown
	Isolation level: READ_COMMITTED [default READ_COMMITTED]
	JDBC fetch size: none
	Pool: DataSourceConnectionProvider
	Minimum pool size: undefined/unknown
	Maximum pool size: undefined/unknown
2026-09-19 17:53:00.325 INFO  service=auditoria-service correlationId= thread=main logger=org.hibernate.orm.core - HHH000489: No JTA platform available (set 'hibernate.transaction.jta.platform' to enable JTA platform integration)
2026-09-19 17:53:00.427 INFO  service=auditoria-service correlationId= thread=main logger=o.s.o.j.LocalContainerEntityManagerFactoryBean - Initialized JPA EntityManagerFactory for persistence unit 'default'
2026-09-19 17:53:00.548 INFO  service=auditoria-service correlationId= thread=main logger=o.s.d.j.r.q.QueryEnhancerFactories - Hibernate is in classpath; If applicable, HQL parser will be used.
2026-09-19 17:53:02.490 INFO  service=auditoria-service correlationId= thread=main logger=o.s.cloud.commons.util.InetUtils - Cannot determine local hostname
2026-09-19 17:53:03.833 INFO  service=auditoria-service correlationId= thread=main logger=o.s.cloud.commons.util.InetUtils - Cannot determine local hostname
2026-09-19 17:53:03.865 INFO  service=auditoria-service correlationId= thread=main logger=o.s.c.n.e.c.DiscoveryClientOptionalArgsConfiguration - Eureka HTTP Client uses RestClient.
2026-09-19 17:53:03.942 WARN  service=auditoria-service correlationId= thread=main logger=o.s.c.l.c.LoadBalancerCacheAutoConfiguration$LoadBalancerCaffeineWarnLogger - Spring Cloud LoadBalancer is currently working with the default cache. While this cache implementation is useful for development and tests, it's recommended to use Caffeine cache in production.You can switch to using Caffeine cache, by adding it and org.springframework.cache.caffeine.CaffeineCacheManager to the classpath.
2026-09-19 17:53:03.951 INFO  service=auditoria-service correlationId= thread=main logger=o.s.b.a.e.web.EndpointLinksResolver - Exposing 3 endpoints beneath base path '/actuator'
2026-09-19 17:53:04.141 INFO  service=auditoria-service correlationId= thread=main logger=o.s.c.n.eureka.InstanceInfoFactory - Setting initial instance status as: STARTING
2026-09-19 17:53:04.208 INFO  service=auditoria-service correlationId= thread=main logger=c.netflix.discovery.DiscoveryClient - Initializing Eureka in region us-east-1
2026-09-19 17:53:04.218 INFO  service=auditoria-service correlationId= thread=main logger=c.n.d.s.r.aws.ConfigClusterResolver - Resolving eureka endpoints via configuration
2026-09-19 17:53:04.252 INFO  service=auditoria-service correlationId= thread=main logger=c.netflix.discovery.DiscoveryClient - Disable delta property : false
2026-09-19 17:53:04.253 INFO  service=auditoria-service correlationId= thread=main logger=c.netflix.discovery.DiscoveryClient - Single vip registry refresh property : null
2026-09-19 17:53:04.254 INFO  service=auditoria-service correlationId= thread=main logger=c.netflix.discovery.DiscoveryClient - Force full registry fetch : false
2026-09-19 17:53:04.254 INFO  service=auditoria-service correlationId= thread=main logger=c.netflix.discovery.DiscoveryClient - Application is null : false
2026-09-19 17:53:04.254 INFO  service=auditoria-service correlationId= thread=main logger=c.netflix.discovery.DiscoveryClient - Registered Applications size is zero : true
2026-09-19 17:53:04.254 INFO  service=auditoria-service correlationId= thread=main logger=c.netflix.discovery.DiscoveryClient - Application version is -1: true
2026-09-19 17:53:04.254 INFO  service=auditoria-service correlationId= thread=main logger=c.netflix.discovery.DiscoveryClient - Getting all instance registry info from the eureka server
2026-09-19 17:53:04.686 INFO  service=auditoria-service correlationId= thread=main logger=c.netflix.discovery.DiscoveryClient - The response status is 200
2026-09-19 17:53:04.688 INFO  service=auditoria-service correlationId= thread=main logger=c.netflix.discovery.DiscoveryClient - Starting heartbeat executor: renew interval is: 30
2026-09-19 17:53:04.691 INFO  service=auditoria-service correlationId= thread=main logger=c.n.discovery.InstanceInfoReplicator - InstanceInfoReplicator onDemand update allowed rate per min is 4
2026-09-19 17:53:04.694 INFO  service=auditoria-service correlationId= thread=main logger=c.netflix.discovery.DiscoveryClient - Discovery Client initialized at timestamp 1789851184693 with initial instances count: 1
2026-09-19 17:53:04.698 INFO  service=auditoria-service correlationId= thread=main logger=o.s.c.n.e.s.EurekaServiceRegistry - Registering application AUDITORIA-SERVICE with eureka with status UP
2026-09-19 17:53:04.700 INFO  service=auditoria-service correlationId= thread=main logger=c.netflix.discovery.DiscoveryClient - Saw local status change event StatusChangeEvent [timestamp=1789851184699, current=UP, previous=STARTING]
2026-09-19 17:53:04.702 INFO  service=auditoria-service correlationId= thread=DiscoveryClient-InstanceInfoReplicator-%d logger=c.netflix.discovery.DiscoveryClient - DiscoveryClient_AUDITORIA-SERVICE/localhost:auditoria-service:8084: registering service...
2026-09-19 17:53:04.716 INFO  service=auditoria-service correlationId= thread=main logger=o.s.boot.tomcat.TomcatWebServer - Tomcat started on port 8084 (http) with context path '/'
2026-09-19 17:53:04.718 INFO  service=auditoria-service correlationId= thread=main logger=o.s.c.n.e.s.EurekaAutoServiceRegistration - Updating port to 8084
2026-09-19 17:53:04.753 INFO  service=auditoria-service correlationId= thread=DiscoveryClient-InstanceInfoReplicator-%d logger=c.netflix.discovery.DiscoveryClient - DiscoveryClient_AUDITORIA-SERVICE/localhost:auditoria-service:8084 - registration status: 204
2026-09-19 17:53:05.727 INFO  service=auditoria-service correlationId= thread=main logger=o.s.cloud.commons.util.InetUtils - Cannot determine local hostname
2026-09-19 17:53:05.791 INFO  service=auditoria-service correlationId= thread=main logger=o.a.k.common.config.AbstractConfig - ConsumerConfig values: 
	allow.auto.create.topics = true
	auto.commit.interval.ms = 5000
	auto.offset.reset = earliest
	bootstrap.servers = [localhost:9092]
	check.crcs = true
	client.dns.lookup = use_all_dns_ips
	client.id = consumer-auditoria-service-1
	client.rack = 
	config.providers = []
	connections.max.idle.ms = 540000
	default.api.timeout.ms = 60000
	enable.auto.commit = false
	enable.metrics.push = true
	exclude.internal.topics = true
	fetch.max.bytes = 52428800
	fetch.max.wait.ms = 500
	fetch.min.bytes = 1
	group.id = auditoria-service
	group.instance.id = null
	group.protocol = classic
	group.remote.assignor = null
	heartbeat.interval.ms = 3000
	interceptor.classes = []
	internal.throw.on.fetch.stable.offset.unsupported = false
	isolation.level = read_uncommitted
	key.deserializer = class org.apache.kafka.common.serialization.StringDeserializer
	max.partition.fetch.bytes = 1048576
	max.poll.interval.ms = 300000
	max.poll.records = 500
	metadata.max.age.ms = 300000
	metadata.recovery.rebootstrap.trigger.ms = 300000
	metadata.recovery.strategy = rebootstrap
	metric.reporters = [org.apache.kafka.common.metrics.JmxReporter]
	metrics.num.samples = 2
	metrics.recording.level = INFO
	metrics.sample.window.ms = 30000
	partition.assignment.strategy = [class org.apache.kafka.clients.consumer.RangeAssignor, class org.apache.kafka.clients.consumer.CooperativeStickyAssignor]
	receive.buffer.bytes = 65536
	reconnect.backoff.max.ms = 1000
	reconnect.backoff.ms = 50
	request.timeout.ms = 30000
	retry.backoff.max.ms = 1000
	retry.backoff.ms = 100
	sasl.client.callback.handler.class = null
	sasl.jaas.config = null
	sasl.kerberos.kinit.cmd = /usr/bin/kinit
	sasl.kerberos.min.time.before.relogin = 60000
	sasl.kerberos.service.name = null
	sasl.kerberos.ticket.renew.jitter = 0.05
	sasl.kerberos.ticket.renew.window.factor = 0.8
	sasl.login.callback.handler.class = null
	sasl.login.class = null
	sasl.login.connect.timeout.ms = null
	sasl.login.read.timeout.ms = null
	sasl.login.refresh.buffer.seconds = 300
	sasl.login.refresh.min.period.seconds = 60
	sasl.login.refresh.window.factor = 0.8
	sasl.login.refresh.window.jitter = 0.05
	sasl.login.retry.backoff.max.ms = 10000
	sasl.login.retry.backoff.ms = 100
	sasl.mechanism = GSSAPI
	sasl.oauthbearer.assertion.algorithm = RS256
	sasl.oauthbearer.assertion.claim.aud = null
	sasl.oauthbearer.assertion.claim.exp.seconds = 300
	sasl.oauthbearer.assertion.claim.iss = null
	sasl.oauthbearer.assertion.claim.jti.include = false
	sasl.oauthbearer.assertion.claim.nbf.seconds = 60
	sasl.oauthbearer.assertion.claim.sub = null
	sasl.oauthbearer.assertion.file = null
	sasl.oauthbearer.assertion.private.key.file = null
	sasl.oauthbearer.assertion.private.key.passphrase = null
	sasl.oauthbearer.assertion.template.file = null
	sasl.oauthbearer.client.credentials.client.id = null
	sasl.oauthbearer.client.credentials.client.secret = null
	sasl.oauthbearer.clock.skew.seconds = 30
	sasl.oauthbearer.expected.audience = []
	sasl.oauthbearer.expected.issuer = null
	sasl.oauthbearer.header.urlencode = false
	sasl.oauthbearer.jwks.endpoint.refresh.ms = 3600000
	sasl.oauthbearer.jwks.endpoint.retry.backoff.max.ms = 10000
	sasl.oauthbearer.jwks.endpoint.retry.backoff.ms = 100
	sasl.oauthbearer.jwks.endpoint.url = null
	sasl.oauthbearer.jwt.retriever.class = class org.apache.kafka.common.security.oauthbearer.DefaultJwtRetriever
	sasl.oauthbearer.jwt.validator.class = class org.apache.kafka.common.security.oauthbearer.DefaultJwtValidator
	sasl.oauthbearer.scope = null
	sasl.oauthbearer.scope.claim.name = scope
	sasl.oauthbearer.sub.claim.name = sub
	sasl.oauthbearer.token.endpoint.url = null
	security.protocol = PLAINTEXT
	security.providers = null
	send.buffer.bytes = 131072
	session.timeout.ms = 45000
	share.acknowledgement.mode = implicit
	share.acquire.mode = BATCH_OPTIMIZED
	socket.connection.setup.timeout.max.ms = 30000
	socket.connection.setup.timeout.ms = 10000
	ssl.cipher.suites = []
	ssl.enabled.protocols = [TLSv1.2, TLSv1.3]
	ssl.endpoint.identification.algorithm = https
	ssl.engine.factory.class = null
	ssl.key.password = null
	ssl.keymanager.algorithm = SunX509
	ssl.keystore.certificate.chain = null
	ssl.keystore.key = null
	ssl.keystore.location = null
	ssl.keystore.password = null
	ssl.keystore.type = JKS
	ssl.protocol = TLSv1.3
	ssl.provider = null
	ssl.secure.random.implementation = null
	ssl.trustmanager.algorithm = PKIX
	ssl.truststore.certificates = null
	ssl.truststore.location = null
	ssl.truststore.password = null
	ssl.truststore.type = JKS
	value.deserializer = class org.apache.kafka.common.serialization.StringDeserializer

2026-09-19 17:53:05.852 INFO  service=auditoria-service correlationId= thread=main logger=o.a.k.c.t.i.KafkaMetricsCollector - initializing Kafka metrics collector
2026-09-19 17:53:06.050 INFO  service=auditoria-service correlationId= thread=main logger=o.a.kafka.common.utils.AppInfoParser - Kafka version: 4.2.1
2026-09-19 17:53:06.050 INFO  service=auditoria-service correlationId= thread=main logger=o.a.kafka.common.utils.AppInfoParser - Kafka commitId: 92f61c44867f39dc
2026-09-19 17:53:06.050 INFO  service=auditoria-service correlationId= thread=main logger=o.a.kafka.common.utils.AppInfoParser - Kafka startTimeMs: 1789851186047
2026-09-19 17:53:06.069 INFO  service=auditoria-service correlationId= thread=main logger=o.a.k.c.c.i.ClassicKafkaConsumer - [Consumer clientId=consumer-auditoria-service-1, groupId=auditoria-service] Subscribed to topic(s): contrato-eventos
2026-09-19 17:53:06.096 INFO  service=auditoria-service correlationId= thread=main logger=b.c.f.auditoria.AuditoriaApplication - Started AuditoriaApplication in 11.696 seconds (process running for 12.403)
2026-09-19 17:53:06.737 INFO  service=auditoria-service correlationId= thread=org.springframework.kafka.KafkaListenerEndpointContainer#0-0-C-1 logger=org.apache.kafka.clients.Metadata - [Consumer clientId=consumer-auditoria-service-1, groupId=auditoria-service] Cluster ID: 5L6g3nShT-eMCtK--X86sw
2026-09-19 17:53:06.741 INFO  service=auditoria-service correlationId= thread=org.springframework.kafka.KafkaListenerEndpointContainer#0-0-C-1 logger=o.a.k.c.c.i.ConsumerCoordinator - [Consumer clientId=consumer-auditoria-service-1, groupId=auditoria-service] Discovered group coordinator localhost:9092 (id: 2147483646 rack: null isFenced: false)
2026-09-19 17:53:06.745 INFO  service=auditoria-service correlationId= thread=org.springframework.kafka.KafkaListenerEndpointContainer#0-0-C-1 logger=o.a.k.c.c.i.ConsumerCoordinator - [Consumer clientId=consumer-auditoria-service-1, groupId=auditoria-service] (Re-)joining group
2026-09-19 17:53:06.770 INFO  service=auditoria-service correlationId= thread=org.springframework.kafka.KafkaListenerEndpointContainer#0-0-C-1 logger=o.a.k.c.c.i.ConsumerCoordinator - [Consumer clientId=consumer-auditoria-service-1, groupId=auditoria-service] Request joining group due to: need to re-join with the given member-id: consumer-auditoria-service-1-86a9a60c-de2a-44e2-a417-6f6e18d9a88a
2026-09-19 17:53:06.771 INFO  service=auditoria-service correlationId= thread=org.springframework.kafka.KafkaListenerEndpointContainer#0-0-C-1 logger=o.a.k.c.c.i.ConsumerCoordinator - [Consumer clientId=consumer-auditoria-service-1, groupId=auditoria-service] (Re-)joining group
2026-09-19 17:53:06.777 INFO  service=auditoria-service correlationId= thread=org.springframework.kafka.KafkaListenerEndpointContainer#0-0-C-1 logger=o.a.k.c.c.i.ConsumerCoordinator - [Consumer clientId=consumer-auditoria-service-1, groupId=auditoria-service] Successfully joined group with generation Generation{generationId=1, memberId='consumer-auditoria-service-1-86a9a60c-de2a-44e2-a417-6f6e18d9a88a', protocol='range'}
2026-09-19 17:53:06.788 INFO  service=auditoria-service correlationId= thread=org.springframework.kafka.KafkaListenerEndpointContainer#0-0-C-1 logger=o.a.k.c.c.i.ConsumerCoordinator - [Consumer clientId=consumer-auditoria-service-1, groupId=auditoria-service] Finished assignment for group at generation 1: {consumer-auditoria-service-1-86a9a60c-de2a-44e2-a417-6f6e18d9a88a=Assignment(partitions=[contrato-eventos-0, contrato-eventos-1, contrato-eventos-2])}
2026-09-19 17:53:06.799 INFO  service=auditoria-service correlationId= thread=org.springframework.kafka.KafkaListenerEndpointContainer#0-0-C-1 logger=o.a.k.c.c.i.ConsumerCoordinator - [Consumer clientId=consumer-auditoria-service-1, groupId=auditoria-service] Successfully synced group in generation Generation{generationId=1, memberId='consumer-auditoria-service-1-86a9a60c-de2a-44e2-a417-6f6e18d9a88a', protocol='range'}
2026-09-19 17:53:06.800 INFO  service=auditoria-service correlationId= thread=org.springframework.kafka.KafkaListenerEndpointContainer#0-0-C-1 logger=o.a.k.c.c.i.ConsumerCoordinator - [Consumer clientId=consumer-auditoria-service-1, groupId=auditoria-service] Notifying assignor about the new Assignment(partitions=[contrato-eventos-0, contrato-eventos-1, contrato-eventos-2])
2026-09-19 17:53:06.804 INFO  service=auditoria-service correlationId= thread=org.springframework.kafka.KafkaListenerEndpointContainer#0-0-C-1 logger=o.a.k.c.c.i.ConsumerRebalanceListenerInvoker - [Consumer clientId=consumer-auditoria-service-1, groupId=auditoria-service] Adding newly assigned partitions: [contrato-eventos-0, contrato-eventos-1, contrato-eventos-2]
2026-09-19 17:53:06.816 INFO  service=auditoria-service correlationId= thread=org.springframework.kafka.KafkaListenerEndpointContainer#0-0-C-1 logger=o.a.k.c.c.i.ConsumerCoordinator - [Consumer clientId=consumer-auditoria-service-1, groupId=auditoria-service] Found no committed offset for partition contrato-eventos-0
2026-09-19 17:53:06.816 INFO  service=auditoria-service correlationId= thread=org.springframework.kafka.KafkaListenerEndpointContainer#0-0-C-1 logger=o.a.k.c.c.i.ConsumerCoordinator - [Consumer clientId=consumer-auditoria-service-1, groupId=auditoria-service] Found no committed offset for partition contrato-eventos-1
2026-09-19 17:53:06.816 INFO  service=auditoria-service correlationId= thread=org.springframework.kafka.KafkaListenerEndpointContainer#0-0-C-1 logger=o.a.k.c.c.i.ConsumerCoordinator - [Consumer clientId=consumer-auditoria-service-1, groupId=auditoria-service] Found no committed offset for partition contrato-eventos-2
2026-09-19 17:53:06.837 INFO  service=auditoria-service correlationId= thread=org.springframework.kafka.KafkaListenerEndpointContainer#0-0-C-1 logger=o.a.k.c.c.i.SubscriptionState - [Consumer clientId=consumer-auditoria-service-1, groupId=auditoria-service] Resetting offset for partition contrato-eventos-0 to position FetchPosition{offset=0, offsetEpoch=Optional.empty, currentLeader=LeaderAndEpoch{leader=Optional[localhost:9092 (id: 1 rack: null isFenced: false)], epoch=0}}.
2026-09-19 17:53:06.839 INFO  service=auditoria-service correlationId= thread=org.springframework.kafka.KafkaListenerEndpointContainer#0-0-C-1 logger=o.a.k.c.c.i.SubscriptionState - [Consumer clientId=consumer-auditoria-service-1, groupId=auditoria-service] Resetting offset for partition contrato-eventos-1 to position FetchPosition{offset=0, offsetEpoch=Optional.empty, currentLeader=LeaderAndEpoch{leader=Optional[localhost:9092 (id: 1 rack: null isFenced: false)], epoch=0}}.
2026-09-19 17:53:06.839 INFO  service=auditoria-service correlationId= thread=org.springframework.kafka.KafkaListenerEndpointContainer#0-0-C-1 logger=o.a.k.c.c.i.SubscriptionState - [Consumer clientId=consumer-auditoria-service-1, groupId=auditoria-service] Resetting offset for partition contrato-eventos-2 to position FetchPosition{offset=0, offsetEpoch=Optional.empty, currentLeader=LeaderAndEpoch{leader=Optional[localhost:9092 (id: 1 rack: null isFenced: false)], epoch=0}}.
2026-09-19 17:53:06.840 INFO  service=auditoria-service correlationId= thread=org.springframework.kafka.KafkaListenerEndpointContainer#0-0-C-1 logger=o.s.k.l.KafkaMessageListenerContainer - auditoria-service: partitions assigned: [contrato-eventos-0, contrato-eventos-1, contrato-eventos-2]
2026-09-19 17:58:04.258 INFO  service=auditoria-service correlationId= thread=AsyncResolver-bootstrap-executor-%d logger=c.n.d.s.r.aws.ConfigClusterResolver - Resolving eureka endpoints via configuration
2026-09-19 18:02:54.058 INFO  service=auditoria-service correlationId= thread=org.springframework.kafka.KafkaListenerEndpointContainer#0-0-C-1 logger=o.a.k.common.config.AbstractConfig - AdminClientConfig values: 
	bootstrap.controllers = []
	bootstrap.servers = [localhost:9092]
	client.dns.lookup = use_all_dns_ips
	client.id = auditoria-service-admin-0
	config.providers = []
	connections.max.idle.ms = 300000
	default.api.timeout.ms = 60000
	enable.metrics.push = false
	metadata.max.age.ms = 300000
	metadata.recovery.rebootstrap.trigger.ms = 300000
	metadata.recovery.strategy = rebootstrap
	metric.reporters = [org.apache.kafka.common.metrics.JmxReporter]
	metrics.num.samples = 2
	metrics.recording.level = INFO
	metrics.sample.window.ms = 30000
	receive.buffer.bytes = 65536
	reconnect.backoff.max.ms = 1000
	reconnect.backoff.ms = 50
	request.timeout.ms = 30000
	retries = 2147483647
	retry.backoff.max.ms = 1000
	retry.backoff.ms = 100
	sasl.client.callback.handler.class = null
	sasl.jaas.config = null
	sasl.kerberos.kinit.cmd = /usr/bin/kinit
	sasl.kerberos.min.time.before.relogin = 60000
	sasl.kerberos.service.name = null
	sasl.kerberos.ticket.renew.jitter = 0.05
	sasl.kerberos.ticket.renew.window.factor = 0.8
	sasl.login.callback.handler.class = null
	sasl.login.class = null
	sasl.login.connect.timeout.ms = null
	sasl.login.read.timeout.ms = null
	sasl.login.refresh.buffer.seconds = 300
	sasl.login.refresh.min.period.seconds = 60
	sasl.login.refresh.window.factor = 0.8
	sasl.login.refresh.window.jitter = 0.05
	sasl.login.retry.backoff.max.ms = 10000
	sasl.login.retry.backoff.ms = 100
	sasl.mechanism = GSSAPI
	sasl.oauthbearer.assertion.algorithm = RS256
	sasl.oauthbearer.assertion.claim.aud = null
	sasl.oauthbearer.assertion.claim.exp.seconds = 300
	sasl.oauthbearer.assertion.claim.iss = null
	sasl.oauthbearer.assertion.claim.jti.include = false
	sasl.oauthbearer.assertion.claim.nbf.seconds = 60
	sasl.oauthbearer.assertion.claim.sub = null
	sasl.oauthbearer.assertion.file = null
	sasl.oauthbearer.assertion.private.key.file = null
	sasl.oauthbearer.assertion.private.key.passphrase = null
	sasl.oauthbearer.assertion.template.file = null
	sasl.oauthbearer.client.credentials.client.id = null
	sasl.oauthbearer.client.credentials.client.secret = null
	sasl.oauthbearer.clock.skew.seconds = 30
	sasl.oauthbearer.expected.audience = []
	sasl.oauthbearer.expected.issuer = null
	sasl.oauthbearer.header.urlencode = false
	sasl.oauthbearer.jwks.endpoint.refresh.ms = 3600000
	sasl.oauthbearer.jwks.endpoint.retry.backoff.max.ms = 10000
	sasl.oauthbearer.jwks.endpoint.retry.backoff.ms = 100
	sasl.oauthbearer.jwks.endpoint.url = null
	sasl.oauthbearer.jwt.retriever.class = class org.apache.kafka.common.security.oauthbearer.DefaultJwtRetriever
	sasl.oauthbearer.jwt.validator.class = class org.apache.kafka.common.security.oauthbearer.DefaultJwtValidator
	sasl.oauthbearer.scope = null
	sasl.oauthbearer.scope.claim.name = scope
	sasl.oauthbearer.sub.claim.name = sub
	sasl.oauthbearer.token.endpoint.url = null
	security.protocol = PLAINTEXT
	security.providers = null
	send.buffer.bytes = 131072
	socket.connection.setup.timeout.max.ms = 30000
	socket.connection.setup.timeout.ms = 10000
	ssl.cipher.suites = []
	ssl.enabled.protocols = [TLSv1.2, TLSv1.3]
	ssl.endpoint.identification.algorithm = https
	ssl.engine.factory.class = null
	ssl.key.password = null
	ssl.keymanager.algorithm = SunX509
	ssl.keystore.certificate.chain = null
	ssl.keystore.key = null
	ssl.keystore.location = null
	ssl.keystore.password = null
	ssl.keystore.type = JKS
	ssl.protocol = TLSv1.3
	ssl.provider = null
	ssl.secure.random.implementation = null
	ssl.trustmanager.algorithm = PKIX
	ssl.truststore.certificates = null
	ssl.truststore.location = null
	ssl.truststore.password = null
	ssl.truststore.type = JKS

2026-09-19 18:02:54.102 INFO  service=auditoria-service correlationId= thread=org.springframework.kafka.KafkaListenerEndpointContainer#0-0-C-1 logger=o.a.kafka.common.utils.AppInfoParser - Kafka version: 4.2.1
2026-09-19 18:02:54.103 INFO  service=auditoria-service correlationId= thread=org.springframework.kafka.KafkaListenerEndpointContainer#0-0-C-1 logger=o.a.kafka.common.utils.AppInfoParser - Kafka commitId: 92f61c44867f39dc
2026-09-19 18:02:54.104 INFO  service=auditoria-service correlationId= thread=org.springframework.kafka.KafkaListenerEndpointContainer#0-0-C-1 logger=o.a.kafka.common.utils.AppInfoParser - Kafka startTimeMs: 1789851774102
2026-09-19 18:02:54.145 INFO  service=auditoria-service correlationId= thread=org.springframework.kafka.KafkaListenerEndpointContainer#0-0-C-1 logger=o.a.kafka.common.metrics.Metrics - Metrics scheduler closed
2026-09-19 18:02:54.146 INFO  service=auditoria-service correlationId= thread=org.springframework.kafka.KafkaListenerEndpointContainer#0-0-C-1 logger=o.a.kafka.common.metrics.Metrics - Closing reporter org.apache.kafka.common.metrics.JmxReporter
2026-09-19 18:02:54.146 INFO  service=auditoria-service correlationId= thread=org.springframework.kafka.KafkaListenerEndpointContainer#0-0-C-1 logger=o.a.kafka.common.metrics.Metrics - Metrics reporters closed
2026-09-19 18:02:54.150 INFO  service=auditoria-service correlationId= thread=kafka-admin-client-thread | auditoria-service-admin-0 logger=o.a.kafka.common.utils.AppInfoParser - App info kafka.admin.client for auditoria-service-admin-0 unregistered
2026-09-19 18:02:54.156 INFO  service=auditoria-service correlationId= thread=kafka-admin-client-thread | auditoria-service-admin-0 logger=o.a.kafka.common.metrics.Metrics - Metrics scheduler closed
2026-09-19 18:02:54.157 INFO  service=auditoria-service correlationId= thread=kafka-admin-client-thread | auditoria-service-admin-0 logger=o.a.kafka.common.metrics.Metrics - Closing reporter org.apache.kafka.common.metrics.JmxReporter
2026-09-19 18:02:54.157 INFO  service=auditoria-service correlationId= thread=kafka-admin-client-thread | auditoria-service-admin-0 logger=o.a.kafka.common.metrics.Metrics - Metrics reporters closed
2026-09-19 18:02:54.798 INFO  service=auditoria-service correlationId=8ee51926-4dd4-435e-bb97-188c77577b31 thread=org.springframework.kafka.KafkaListenerEndpointContainer#0-0-C-1 logger=b.c.f.a.ContratoEventoListener - auditoria.evento.recebido eventId=2ecd9a00-3fd7-420a-8bc6-3f7e36fc86a1 contratoId=d9d59fd4-ad81-4f66-90fc-8ecda6f9f334 eventType=ContratoCriado
2026-09-19 18:02:54.800 INFO  service=auditoria-service correlationId=8ee51926-4dd4-435e-bb97-188c77577b31 thread=org.springframework.kafka.KafkaListenerEndpointContainer#0-0-C-1 logger=b.c.f.auditoria.AuditoriaService - auditoria.registro.inicio eventId=2ecd9a00-3fd7-420a-8bc6-3f7e36fc86a1 aggregateId=d9d59fd4-ad81-4f66-90fc-8ecda6f9f334 eventType=ContratoCriado correlationId=8ee51926-4dd4-435e-bb97-188c77577b31
2026-09-19 18:02:54.845 INFO  service=auditoria-service correlationId=8ee51926-4dd4-435e-bb97-188c77577b31 thread=org.springframework.kafka.KafkaListenerEndpointContainer#0-0-C-1 logger=b.c.f.auditoria.AuditoriaService - auditoria.registro.sucesso auditoriaId=38d38515-7072-4a06-b8a2-9ef8f71f4577 eventId=2ecd9a00-3fd7-420a-8bc6-3f7e36fc86a1 aggregateId=d9d59fd4-ad81-4f66-90fc-8ecda6f9f334 eventType=ContratoCriado
2026-09-19 18:02:54.850 INFO  service=auditoria-service correlationId=8ee51926-4dd4-435e-bb97-188c77577b31 thread=org.springframework.kafka.KafkaListenerEndpointContainer#0-0-C-1 logger=b.c.f.a.ContratoEventoListener - auditoria.evento.processado eventId=2ecd9a00-3fd7-420a-8bc6-3f7e36fc86a1 contratoId=d9d59fd4-ad81-4f66-90fc-8ecda6f9f334
2026-09-19 18:03:04.259 INFO  service=auditoria-service correlationId= thread=AsyncResolver-bootstrap-executor-%d logger=c.n.d.s.r.aws.ConfigClusterResolver - Resolving eureka endpoints via configuration
2026-09-19 18:03:20.140 INFO  service=auditoria-service correlationId=d40f13df-2851-4226-a41f-d7e7f0cb8388 thread=org.springframework.kafka.KafkaListenerEndpointContainer#0-0-C-1 logger=b.c.f.a.ContratoEventoListener - auditoria.evento.recebido eventId=36c79753-303a-45a8-a74e-d9d0e5caca51 contratoId=1d724835-a59a-40b5-95aa-b6600f38a42e eventType=ContratoCriado
2026-09-19 18:03:20.140 INFO  service=auditoria-service correlationId=d40f13df-2851-4226-a41f-d7e7f0cb8388 thread=org.springframework.kafka.KafkaListenerEndpointContainer#0-0-C-1 logger=b.c.f.auditoria.AuditoriaService - auditoria.registro.inicio eventId=36c79753-303a-45a8-a74e-d9d0e5caca51 aggregateId=1d724835-a59a-40b5-95aa-b6600f38a42e eventType=ContratoCriado correlationId=d40f13df-2851-4226-a41f-d7e7f0cb8388
2026-09-19 18:03:20.143 INFO  service=auditoria-service correlationId=d40f13df-2851-4226-a41f-d7e7f0cb8388 thread=org.springframework.kafka.KafkaListenerEndpointContainer#0-0-C-1 logger=b.c.f.auditoria.AuditoriaService - auditoria.registro.sucesso auditoriaId=8c90c427-4414-4ba4-bed5-3eca35a74fcf eventId=36c79753-303a-45a8-a74e-d9d0e5caca51 aggregateId=1d724835-a59a-40b5-95aa-b6600f38a42e eventType=ContratoCriado
2026-09-19 18:03:20.147 INFO  service=auditoria-service correlationId=d40f13df-2851-4226-a41f-d7e7f0cb8388 thread=org.springframework.kafka.KafkaListenerEndpointContainer#0-0-C-1 logger=b.c.f.a.ContratoEventoListener - auditoria.evento.processado eventId=36c79753-303a-45a8-a74e-d9d0e5caca51 contratoId=1d724835-a59a-40b5-95aa-b6600f38a42e
2026-09-19 18:03:34.195 INFO  service=auditoria-service correlationId=e4da46e1-4a65-42f4-9f0e-b23515bdb44e thread=org.springframework.kafka.KafkaListenerEndpointContainer#0-0-C-1 logger=b.c.f.a.ContratoEventoListener - auditoria.evento.recebido eventId=2507c3a3-d040-4eee-926c-fca875b9f660 contratoId=c028615b-61f1-4e1d-bfdb-8e9f093c24a5 eventType=ContratoCriado
2026-09-19 18:03:34.195 INFO  service=auditoria-service correlationId=e4da46e1-4a65-42f4-9f0e-b23515bdb44e thread=org.springframework.kafka.KafkaListenerEndpointContainer#0-0-C-1 logger=b.c.f.auditoria.AuditoriaService - auditoria.registro.inicio eventId=2507c3a3-d040-4eee-926c-fca875b9f660 aggregateId=c028615b-61f1-4e1d-bfdb-8e9f093c24a5 eventType=ContratoCriado correlationId=e4da46e1-4a65-42f4-9f0e-b23515bdb44e
2026-09-19 18:03:34.198 INFO  service=auditoria-service correlationId=e4da46e1-4a65-42f4-9f0e-b23515bdb44e thread=org.springframework.kafka.KafkaListenerEndpointContainer#0-0-C-1 logger=b.c.f.auditoria.AuditoriaService - auditoria.registro.sucesso auditoriaId=547c4306-f160-4982-9e53-9ac906523628 eventId=2507c3a3-d040-4eee-926c-fca875b9f660 aggregateId=c028615b-61f1-4e1d-bfdb-8e9f093c24a5 eventType=ContratoCriado
2026-09-19 18:03:34.201 INFO  service=auditoria-service correlationId=e4da46e1-4a65-42f4-9f0e-b23515bdb44e thread=org.springframework.kafka.KafkaListenerEndpointContainer#0-0-C-1 logger=b.c.f.a.ContratoEventoListener - auditoria.evento.processado eventId=2507c3a3-d040-4eee-926c-fca875b9f660 contratoId=c028615b-61f1-4e1d-bfdb-8e9f093c24a5
2026-09-19 18:04:04.295 INFO  service=auditoria-service correlationId=f56b938c-7e1c-42f0-8319-36f9db9c9441 thread=org.springframework.kafka.KafkaListenerEndpointContainer#0-0-C-1 logger=b.c.f.a.ContratoEventoListener - auditoria.evento.recebido eventId=506ef701-3102-410f-b5ed-95daca151065 contratoId=d9d59fd4-ad81-4f66-90fc-8ecda6f9f334 eventType=EntregaRegistrada
2026-09-19 18:04:04.296 INFO  service=auditoria-service correlationId=f56b938c-7e1c-42f0-8319-36f9db9c9441 thread=org.springframework.kafka.KafkaListenerEndpointContainer#0-0-C-1 logger=b.c.f.auditoria.AuditoriaService - auditoria.registro.inicio eventId=506ef701-3102-410f-b5ed-95daca151065 aggregateId=d9d59fd4-ad81-4f66-90fc-8ecda6f9f334 eventType=EntregaRegistrada correlationId=f56b938c-7e1c-42f0-8319-36f9db9c9441
2026-09-19 18:04:04.298 INFO  service=auditoria-service correlationId=f56b938c-7e1c-42f0-8319-36f9db9c9441 thread=org.springframework.kafka.KafkaListenerEndpointContainer#0-0-C-1 logger=b.c.f.auditoria.AuditoriaService - auditoria.registro.sucesso auditoriaId=7003b915-db45-4c9f-95fe-ab482f7fb492 eventId=506ef701-3102-410f-b5ed-95daca151065 aggregateId=d9d59fd4-ad81-4f66-90fc-8ecda6f9f334 eventType=EntregaRegistrada
2026-09-19 18:04:04.301 INFO  service=auditoria-service correlationId=f56b938c-7e1c-42f0-8319-36f9db9c9441 thread=org.springframework.kafka.KafkaListenerEndpointContainer#0-0-C-1 logger=b.c.f.a.ContratoEventoListener - auditoria.evento.processado eventId=506ef701-3102-410f-b5ed-95daca151065 contratoId=d9d59fd4-ad81-4f66-90fc-8ecda6f9f334
2026-09-19 18:04:16.344 INFO  service=auditoria-service correlationId=d8249d1f-5f13-4168-86e8-acd8f690ac2f thread=org.springframework.kafka.KafkaListenerEndpointContainer#0-0-C-1 logger=b.c.f.a.ContratoEventoListener - auditoria.evento.recebido eventId=62d58253-6e2a-4b43-9e6f-c59453d25d93 contratoId=1d724835-a59a-40b5-95aa-b6600f38a42e eventType=EntregaRegistrada
2026-09-19 18:04:16.344 INFO  service=auditoria-service correlationId=d8249d1f-5f13-4168-86e8-acd8f690ac2f thread=org.springframework.kafka.KafkaListenerEndpointContainer#0-0-C-1 logger=b.c.f.auditoria.AuditoriaService - auditoria.registro.inicio eventId=62d58253-6e2a-4b43-9e6f-c59453d25d93 aggregateId=1d724835-a59a-40b5-95aa-b6600f38a42e eventType=EntregaRegistrada correlationId=d8249d1f-5f13-4168-86e8-acd8f690ac2f
2026-09-19 18:04:16.347 INFO  service=auditoria-service correlationId=d8249d1f-5f13-4168-86e8-acd8f690ac2f thread=org.springframework.kafka.KafkaListenerEndpointContainer#0-0-C-1 logger=b.c.f.auditoria.AuditoriaService - auditoria.registro.sucesso auditoriaId=87c62477-8ad8-4564-832e-72a518ce54e8 eventId=62d58253-6e2a-4b43-9e6f-c59453d25d93 aggregateId=1d724835-a59a-40b5-95aa-b6600f38a42e eventType=EntregaRegistrada
2026-09-19 18:04:16.350 INFO  service=auditoria-service correlationId=d8249d1f-5f13-4168-86e8-acd8f690ac2f thread=org.springframework.kafka.KafkaListenerEndpointContainer#0-0-C-1 logger=b.c.f.a.ContratoEventoListener - auditoria.evento.processado eventId=62d58253-6e2a-4b43-9e6f-c59453d25d93 contratoId=1d724835-a59a-40b5-95aa-b6600f38a42e
2026-09-19 18:04:28.396 INFO  service=auditoria-service correlationId=41520f5f-2cd7-4b1f-beb5-967ab63a96e5 thread=org.springframework.kafka.KafkaListenerEndpointContainer#0-0-C-1 logger=b.c.f.a.ContratoEventoListener - auditoria.evento.recebido eventId=4789cd17-f7b8-48ef-994e-13f41c4b1006 contratoId=c028615b-61f1-4e1d-bfdb-8e9f093c24a5 eventType=EntregaRegistrada
2026-09-19 18:04:28.396 INFO  service=auditoria-service correlationId=41520f5f-2cd7-4b1f-beb5-967ab63a96e5 thread=org.springframework.kafka.KafkaListenerEndpointContainer#0-0-C-1 logger=b.c.f.auditoria.AuditoriaService - auditoria.registro.inicio eventId=4789cd17-f7b8-48ef-994e-13f41c4b1006 aggregateId=c028615b-61f1-4e1d-bfdb-8e9f093c24a5 eventType=EntregaRegistrada correlationId=41520f5f-2cd7-4b1f-beb5-967ab63a96e5
2026-09-19 18:04:28.399 INFO  service=auditoria-service correlationId=41520f5f-2cd7-4b1f-beb5-967ab63a96e5 thread=org.springframework.kafka.KafkaListenerEndpointContainer#0-0-C-1 logger=b.c.f.auditoria.AuditoriaService - auditoria.registro.sucesso auditoriaId=047b058a-f39c-41a3-8ac1-7e6315173ee7 eventId=4789cd17-f7b8-48ef-994e-13f41c4b1006 aggregateId=c028615b-61f1-4e1d-bfdb-8e9f093c24a5 eventType=EntregaRegistrada
2026-09-19 18:04:28.402 INFO  service=auditoria-service correlationId=41520f5f-2cd7-4b1f-beb5-967ab63a96e5 thread=org.springframework.kafka.KafkaListenerEndpointContainer#0-0-C-1 logger=b.c.f.a.ContratoEventoListener - auditoria.evento.processado eventId=4789cd17-f7b8-48ef-994e-13f41c4b1006 contratoId=c028615b-61f1-4e1d-bfdb-8e9f093c24a5
2026-09-19 18:04:38.437 INFO  service=auditoria-service correlationId=sem-correlation-id thread=org.springframework.kafka.KafkaListenerEndpointContainer#0-0-C-1 logger=b.c.f.a.ContratoEventoListener - auditoria.evento.recebido eventId=7f8f2d4e-6c5d-4d73-b811-19c49cacc764 contratoId=c028615b-61f1-4e1d-bfdb-8e9f093c24a5 eventType=ContratoConcluido
2026-09-19 18:04:38.438 INFO  service=auditoria-service correlationId=sem-correlation-id thread=org.springframework.kafka.KafkaListenerEndpointContainer#0-0-C-1 logger=b.c.f.auditoria.AuditoriaService - auditoria.registro.inicio eventId=7f8f2d4e-6c5d-4d73-b811-19c49cacc764 aggregateId=c028615b-61f1-4e1d-bfdb-8e9f093c24a5 eventType=ContratoConcluido correlationId=sem-correlation-id
2026-09-19 18:04:38.441 INFO  service=auditoria-service correlationId=sem-correlation-id thread=org.springframework.kafka.KafkaListenerEndpointContainer#0-0-C-1 logger=b.c.f.auditoria.AuditoriaService - auditoria.registro.sucesso auditoriaId=41d54f47-a8ee-4fb3-8eb5-4c140dfdb5f2 eventId=7f8f2d4e-6c5d-4d73-b811-19c49cacc764 aggregateId=c028615b-61f1-4e1d-bfdb-8e9f093c24a5 eventType=ContratoConcluido
2026-09-19 18:04:38.444 INFO  service=auditoria-service correlationId=sem-correlation-id thread=org.springframework.kafka.KafkaListenerEndpointContainer#0-0-C-1 logger=b.c.f.a.ContratoEventoListener - auditoria.evento.processado eventId=7f8f2d4e-6c5d-4d73-b811-19c49cacc764 contratoId=c028615b-61f1-4e1d-bfdb-8e9f093c24a5
2026-09-19 18:04:52.489 INFO  service=auditoria-service correlationId=sem-correlation-id thread=org.springframework.kafka.KafkaListenerEndpointContainer#0-0-C-1 logger=b.c.f.a.ContratoEventoListener - auditoria.evento.recebido eventId=5eb38688-cc33-4e32-a3fd-0268aa8cf86c contratoId=1d724835-a59a-40b5-95aa-b6600f38a42e eventType=ContratoConcluido
2026-09-19 18:04:52.489 INFO  service=auditoria-service correlationId=sem-correlation-id thread=org.springframework.kafka.KafkaListenerEndpointContainer#0-0-C-1 logger=b.c.f.auditoria.AuditoriaService - auditoria.registro.inicio eventId=5eb38688-cc33-4e32-a3fd-0268aa8cf86c aggregateId=1d724835-a59a-40b5-95aa-b6600f38a42e eventType=ContratoConcluido correlationId=sem-correlation-id
2026-09-19 18:04:52.492 INFO  service=auditoria-service correlationId=sem-correlation-id thread=org.springframework.kafka.KafkaListenerEndpointContainer#0-0-C-1 logger=b.c.f.auditoria.AuditoriaService - auditoria.registro.sucesso auditoriaId=99f3fa11-f442-4f50-9fc5-55470f8f3a23 eventId=5eb38688-cc33-4e32-a3fd-0268aa8cf86c aggregateId=1d724835-a59a-40b5-95aa-b6600f38a42e eventType=ContratoConcluido
2026-09-19 18:04:52.494 INFO  service=auditoria-service correlationId=sem-correlation-id thread=org.springframework.kafka.KafkaListenerEndpointContainer#0-0-C-1 logger=b.c.f.a.ContratoEventoListener - auditoria.evento.processado eventId=5eb38688-cc33-4e32-a3fd-0268aa8cf86c contratoId=1d724835-a59a-40b5-95aa-b6600f38a42e
2026-09-19 18:05:04.534 INFO  service=auditoria-service correlationId=sem-correlation-id thread=org.springframework.kafka.KafkaListenerEndpointContainer#0-0-C-1 logger=b.c.f.a.ContratoEventoListener - auditoria.evento.recebido eventId=22a6694d-d8fc-476f-ab53-f38a11214ef8 contratoId=d9d59fd4-ad81-4f66-90fc-8ecda6f9f334 eventType=ContratoConcluido
2026-09-19 18:05:04.534 INFO  service=auditoria-service correlationId=sem-correlation-id thread=org.springframework.kafka.KafkaListenerEndpointContainer#0-0-C-1 logger=b.c.f.auditoria.AuditoriaService - auditoria.registro.inicio eventId=22a6694d-d8fc-476f-ab53-f38a11214ef8 aggregateId=d9d59fd4-ad81-4f66-90fc-8ecda6f9f334 eventType=ContratoConcluido correlationId=sem-correlation-id
2026-09-19 18:05:04.537 INFO  service=auditoria-service correlationId=sem-correlation-id thread=org.springframework.kafka.KafkaListenerEndpointContainer#0-0-C-1 logger=b.c.f.auditoria.AuditoriaService - auditoria.registro.sucesso auditoriaId=81c9d745-3d16-41aa-9583-6d9d3490d2bb eventId=22a6694d-d8fc-476f-ab53-f38a11214ef8 aggregateId=d9d59fd4-ad81-4f66-90fc-8ecda6f9f334 eventType=ContratoConcluido
2026-09-19 18:05:04.539 INFO  service=auditoria-service correlationId=sem-correlation-id thread=org.springframework.kafka.KafkaListenerEndpointContainer#0-0-C-1 logger=b.c.f.a.ContratoEventoListener - auditoria.evento.processado eventId=22a6694d-d8fc-476f-ab53-f38a11214ef8 contratoId=d9d59fd4-ad81-4f66-90fc-8ecda6f9f334
2026-09-19 18:08:04.260 INFO  service=auditoria-service correlationId= thread=AsyncResolver-bootstrap-executor-%d logger=c.n.d.s.r.aws.ConfigClusterResolver - Resolving eureka endpoints via configuration
2026-09-19 18:13:04.262 INFO  service=auditoria-service correlationId= thread=AsyncResolver-bootstrap-executor-%d logger=c.n.d.s.r.aws.ConfigClusterResolver - Resolving eureka endpoints via configuration
2026-09-19 18:18:04.263 INFO  service=auditoria-service correlationId= thread=AsyncResolver-bootstrap-executor-%d logger=c.n.d.s.r.aws.ConfigClusterResolver - Resolving eureka endpoints via configuration
2026-09-19 18:18:26.252 INFO  service=auditoria-service correlationId= thread=SpringApplicationShutdownHook logger=o.s.c.n.e.s.EurekaServiceRegistry - Unregistering application AUDITORIA-SERVICE with eureka with status DOWN
2026-09-19 18:18:26.253 INFO  service=auditoria-service correlationId= thread=SpringApplicationShutdownHook logger=c.netflix.discovery.DiscoveryClient - Saw local status change event StatusChangeEvent [timestamp=1789852706253, current=DOWN, previous=UP]
2026-09-19 18:18:26.253 INFO  service=auditoria-service correlationId= thread=DiscoveryClient-InstanceInfoReplicator-%d logger=c.netflix.discovery.DiscoveryClient - DiscoveryClient_AUDITORIA-SERVICE/localhost:auditoria-service:8084: registering service...
2026-09-19 18:18:26.264 INFO  service=auditoria-service correlationId= thread=org.springframework.kafka.KafkaListenerEndpointContainer#0-0-C-1 logger=o.a.k.c.c.i.ConsumerRebalanceListenerInvoker - [Consumer clientId=consumer-auditoria-service-1, groupId=auditoria-service] Revoke previously assigned partitions [contrato-eventos-0, contrato-eventos-1, contrato-eventos-2]
2026-09-19 18:18:26.264 INFO  service=auditoria-service correlationId= thread=DiscoveryClient-InstanceInfoReplicator-%d logger=c.netflix.discovery.DiscoveryClient - DiscoveryClient_AUDITORIA-SERVICE/localhost:auditoria-service:8084 - registration status: 204
2026-09-19 18:18:26.268 INFO  service=auditoria-service correlationId= thread=org.springframework.kafka.KafkaListenerEndpointContainer#0-0-C-1 logger=o.s.k.l.KafkaMessageListenerContainer - auditoria-service: partitions revoked: [contrato-eventos-0, contrato-eventos-1, contrato-eventos-2]
2026-09-19 18:18:26.270 INFO  service=auditoria-service correlationId= thread=org.springframework.kafka.KafkaListenerEndpointContainer#0-0-C-1 logger=o.a.k.c.c.i.ConsumerCoordinator - [Consumer clientId=consumer-auditoria-service-1, groupId=auditoria-service] Member consumer-auditoria-service-1-86a9a60c-de2a-44e2-a417-6f6e18d9a88a sending LeaveGroup request to coordinator localhost:9092 (id: 2147483646 rack: null isFenced: false) due to the consumer unsubscribed from all topics
2026-09-19 18:18:26.271 INFO  service=auditoria-service correlationId= thread=org.springframework.kafka.KafkaListenerEndpointContainer#0-0-C-1 logger=o.a.k.c.c.i.ConsumerCoordinator - [Consumer clientId=consumer-auditoria-service-1, groupId=auditoria-service] Resetting generation and member id due to: consumer pro-actively leaving the group
2026-09-19 18:18:26.272 INFO  service=auditoria-service correlationId= thread=org.springframework.kafka.KafkaListenerEndpointContainer#0-0-C-1 logger=o.a.k.c.c.i.ConsumerCoordinator - [Consumer clientId=consumer-auditoria-service-1, groupId=auditoria-service] Request joining group due to: consumer pro-actively leaving the group
2026-09-19 18:18:26.278 INFO  service=auditoria-service correlationId= thread=org.springframework.kafka.KafkaListenerEndpointContainer#0-0-C-1 logger=o.a.k.c.c.i.ClassicKafkaConsumer - [Consumer clientId=consumer-auditoria-service-1, groupId=auditoria-service] Unsubscribed all topics or patterns and assigned partitions
2026-09-19 18:18:26.292 INFO  service=auditoria-service correlationId= thread=org.springframework.kafka.KafkaListenerEndpointContainer#0-0-C-1 logger=o.a.k.c.c.i.ConsumerCoordinator - [Consumer clientId=consumer-auditoria-service-1, groupId=auditoria-service] Resetting generation and member id due to: consumer pro-actively leaving the group
2026-09-19 18:18:26.292 INFO  service=auditoria-service correlationId= thread=org.springframework.kafka.KafkaListenerEndpointContainer#0-0-C-1 logger=o.a.k.c.c.i.ConsumerCoordinator - [Consumer clientId=consumer-auditoria-service-1, groupId=auditoria-service] Request joining group due to: consumer pro-actively leaving the group
2026-09-19 18:18:26.638 INFO  service=auditoria-service correlationId= thread=org.springframework.kafka.KafkaListenerEndpointContainer#0-0-C-1 logger=o.a.kafka.common.metrics.Metrics - Metrics scheduler closed
2026-09-19 18:18:26.638 INFO  service=auditoria-service correlationId= thread=org.springframework.kafka.KafkaListenerEndpointContainer#0-0-C-1 logger=o.a.kafka.common.metrics.Metrics - Closing reporter org.apache.kafka.common.metrics.JmxReporter
2026-09-19 18:18:26.639 INFO  service=auditoria-service correlationId= thread=org.springframework.kafka.KafkaListenerEndpointContainer#0-0-C-1 logger=o.a.kafka.common.metrics.Metrics - Closing reporter org.apache.kafka.common.telemetry.internals.ClientTelemetryReporter
2026-09-19 18:18:26.639 INFO  service=auditoria-service correlationId= thread=org.springframework.kafka.KafkaListenerEndpointContainer#0-0-C-1 logger=o.a.kafka.common.metrics.Metrics - Metrics reporters closed
2026-09-19 18:18:26.644 INFO  service=auditoria-service correlationId= thread=org.springframework.kafka.KafkaListenerEndpointContainer#0-0-C-1 logger=o.a.kafka.common.utils.AppInfoParser - App info kafka.consumer for consumer-auditoria-service-1 unregistered
2026-09-19 18:18:26.645 INFO  service=auditoria-service correlationId= thread=org.springframework.kafka.KafkaListenerEndpointContainer#0-0-C-1 logger=o.s.k.l.KafkaMessageListenerContainer - auditoria-service: Consumer stopped
2026-09-19 18:18:26.647 INFO  service=auditoria-service correlationId= thread=SpringApplicationShutdownHook logger=o.s.boot.tomcat.GracefulShutdown - Commencing graceful shutdown. Waiting for active requests to complete
2026-09-19 18:18:26.661 INFO  service=auditoria-service correlationId= thread=tomcat-shutdown logger=o.s.boot.tomcat.GracefulShutdown - Graceful shutdown complete
2026-09-19 18:18:26.669 INFO  service=auditoria-service correlationId= thread=SpringApplicationShutdownHook logger=o.s.o.j.LocalContainerEntityManagerFactoryBean - Closing JPA EntityManagerFactory for persistence unit 'default'
2026-09-19 18:18:26.672 INFO  service=auditoria-service correlationId= thread=SpringApplicationShutdownHook logger=com.zaxxer.hikari.HikariDataSource - HikariPool-1 - Shutdown initiated...
2026-09-19 18:18:26.678 INFO  service=auditoria-service correlationId= thread=SpringApplicationShutdownHook logger=com.zaxxer.hikari.HikariDataSource - HikariPool-1 - Shutdown completed.
2026-09-19 18:18:27.497 INFO  service=auditoria-service correlationId= thread=SpringApplicationShutdownHook logger=c.netflix.discovery.DiscoveryClient - Shutting down DiscoveryClient ...
2026-09-19 18:18:30.499 INFO  service=auditoria-service correlationId= thread=SpringApplicationShutdownHook logger=c.netflix.discovery.DiscoveryClient - Unregistering ...
2026-09-19 18:18:30.507 INFO  service=auditoria-service correlationId= thread=SpringApplicationShutdownHook logger=c.netflix.discovery.DiscoveryClient - DiscoveryClient_AUDITORIA-SERVICE/localhost:auditoria-service:8084 - deregister  status: 200
2026-09-19 18:18:30.508 INFO  service=auditoria-service correlationId= thread=SpringApplicationShutdownHook logger=c.netflix.discovery.DiscoveryClient - Completed shut down of DiscoveryClient
2026-09-19 18:18:36.127 INFO  service=auditoria-service correlationId= thread=main logger=b.c.f.auditoria.AuditoriaApplication - Starting AuditoriaApplication using Java 21.0.8 with PID 1316 (D:\Faculdade\TPs e ATs\8 semestre\Domain-Driven Design (DDD) e Arquitetura de Softwares Escaláveis com Java\AT\freela-marketplace-assessment\auditoria-service\target\classes started by diego in D:\Faculdade\TPs e ATs\8 semestre\Domain-Driven Design (DDD) e Arquitetura de Softwares Escaláveis com Java\AT\freela-marketplace-assessment\auditoria-service)
2026-09-19 18:18:36.134 INFO  service=auditoria-service correlationId= thread=main logger=b.c.f.auditoria.AuditoriaApplication - No active profile set, falling back to 1 default profile: "default"
2026-09-19 18:18:37.237 INFO  service=auditoria-service correlationId= thread=main logger=o.s.d.r.c.RepositoryConfigurationDelegate - Bootstrapping Spring Data JPA repositories in DEFAULT mode.
2026-09-19 18:18:37.423 INFO  service=auditoria-service correlationId= thread=main logger=o.s.d.r.c.RepositoryConfigurationDelegate - Finished Spring Data repository scanning in 171 ms. Found 2 JPA repository interfaces.
2026-09-19 18:18:38.079 INFO  service=auditoria-service correlationId= thread=main logger=o.s.cloud.context.scope.GenericScope - BeanFactory id=643a5eb7-accf-3265-8d1d-e564c4d8e48a
2026-09-19 18:18:38.741 INFO  service=auditoria-service correlationId= thread=main logger=o.s.boot.tomcat.TomcatWebServer - Tomcat initialized with port 8084 (http)
2026-09-19 18:18:38.777 INFO  service=auditoria-service correlationId= thread=main logger=o.a.catalina.core.StandardService - Starting service [Tomcat]
2026-09-19 18:18:38.778 INFO  service=auditoria-service correlationId= thread=main logger=o.a.catalina.core.StandardEngine - Starting Servlet engine: [Apache Tomcat/11.0.22]
2026-09-19 18:18:38.907 INFO  service=auditoria-service correlationId= thread=main logger=o.s.b.w.c.s.WebApplicationContextInitializer - Root WebApplicationContext: initialization completed in 2727 ms
2026-09-19 18:18:39.794 INFO  service=auditoria-service correlationId= thread=main logger=org.hibernate.orm.jpa - HHH008540: Processing PersistenceUnitInfo [name: default]
2026-09-19 18:18:39.898 INFO  service=auditoria-service correlationId= thread=main logger=org.hibernate.orm.core - HHH000001: Hibernate ORM core version 7.4.1.Final
2026-09-19 18:18:40.614 INFO  service=auditoria-service correlationId= thread=main logger=o.s.o.j.p.SpringPersistenceUnitInfo - No LoadTimeWeaver setup: ignoring JPA class transformer
2026-09-19 18:18:40.698 INFO  service=auditoria-service correlationId= thread=main logger=com.zaxxer.hikari.HikariDataSource - HikariPool-1 - Starting...
2026-09-19 18:18:40.873 INFO  service=auditoria-service correlationId= thread=main logger=com.zaxxer.hikari.pool.HikariPool - HikariPool-1 - Added connection org.postgresql.jdbc.PgConnection@ff1a5a0
2026-09-19 18:18:40.875 INFO  service=auditoria-service correlationId= thread=main logger=com.zaxxer.hikari.HikariDataSource - HikariPool-1 - Start completed.
2026-09-19 18:18:40.967 INFO  service=auditoria-service correlationId= thread=main logger=o.hibernate.orm.connections.pooling - HHH10001005: Database info:
	Database JDBC URL [jdbc:postgresql://localhost:5432/auditoria_db]
	Database driver: PostgreSQL JDBC Driver
	Database dialect: PostgreSQLDialect
	Database version: 16.13
	Default catalog/schema: auditoria_db/public
	Autocommit mode: undefined/unknown
	Isolation level: READ_COMMITTED [default READ_COMMITTED]
	JDBC fetch size: none
	Pool: DataSourceConnectionProvider
	Minimum pool size: undefined/unknown
	Maximum pool size: undefined/unknown
2026-09-19 18:18:42.046 INFO  service=auditoria-service correlationId= thread=main logger=org.hibernate.orm.core - HHH000489: No JTA platform available (set 'hibernate.transaction.jta.platform' to enable JTA platform integration)
2026-09-19 18:18:42.125 INFO  service=auditoria-service correlationId= thread=main logger=o.s.o.j.LocalContainerEntityManagerFactoryBean - Initialized JPA EntityManagerFactory for persistence unit 'default'
2026-09-19 18:18:42.218 INFO  service=auditoria-service correlationId= thread=main logger=o.s.d.j.r.q.QueryEnhancerFactories - Hibernate is in classpath; If applicable, HQL parser will be used.
2026-09-19 18:18:43.891 INFO  service=auditoria-service correlationId= thread=main logger=o.s.cloud.commons.util.InetUtils - Cannot determine local hostname
2026-09-19 18:18:45.130 INFO  service=auditoria-service correlationId= thread=main logger=o.s.cloud.commons.util.InetUtils - Cannot determine local hostname
2026-09-19 18:18:45.151 INFO  service=auditoria-service correlationId= thread=main logger=o.s.c.n.e.c.DiscoveryClientOptionalArgsConfiguration - Eureka HTTP Client uses RestClient.
2026-09-19 18:18:45.191 WARN  service=auditoria-service correlationId= thread=main logger=o.s.c.l.c.LoadBalancerCacheAutoConfiguration$LoadBalancerCaffeineWarnLogger - Spring Cloud LoadBalancer is currently working with the default cache. While this cache implementation is useful for development and tests, it's recommended to use Caffeine cache in production.You can switch to using Caffeine cache, by adding it and org.springframework.cache.caffeine.CaffeineCacheManager to the classpath.
2026-09-19 18:18:45.200 INFO  service=auditoria-service correlationId= thread=main logger=o.s.b.a.e.web.EndpointLinksResolver - Exposing 3 endpoints beneath base path '/actuator'
2026-09-19 18:18:45.302 INFO  service=auditoria-service correlationId= thread=main logger=o.s.c.n.eureka.InstanceInfoFactory - Setting initial instance status as: STARTING
2026-09-19 18:18:45.326 INFO  service=auditoria-service correlationId= thread=main logger=c.netflix.discovery.DiscoveryClient - Initializing Eureka in region us-east-1
2026-09-19 18:18:45.330 INFO  service=auditoria-service correlationId= thread=main logger=c.n.d.s.r.aws.ConfigClusterResolver - Resolving eureka endpoints via configuration
2026-09-19 18:18:45.338 INFO  service=auditoria-service correlationId= thread=main logger=c.netflix.discovery.DiscoveryClient - Disable delta property : false
2026-09-19 18:18:45.338 INFO  service=auditoria-service correlationId= thread=main logger=c.netflix.discovery.DiscoveryClient - Single vip registry refresh property : null
2026-09-19 18:18:45.338 INFO  service=auditoria-service correlationId= thread=main logger=c.netflix.discovery.DiscoveryClient - Force full registry fetch : false
2026-09-19 18:18:45.338 INFO  service=auditoria-service correlationId= thread=main logger=c.netflix.discovery.DiscoveryClient - Application is null : false
2026-09-19 18:18:45.339 INFO  service=auditoria-service correlationId= thread=main logger=c.netflix.discovery.DiscoveryClient - Registered Applications size is zero : true
2026-09-19 18:18:45.339 INFO  service=auditoria-service correlationId= thread=main logger=c.netflix.discovery.DiscoveryClient - Application version is -1: true
2026-09-19 18:18:45.339 INFO  service=auditoria-service correlationId= thread=main logger=c.netflix.discovery.DiscoveryClient - Getting all instance registry info from the eureka server
2026-09-19 18:18:45.630 INFO  service=auditoria-service correlationId= thread=main logger=c.netflix.discovery.DiscoveryClient - The response status is 200
2026-09-19 18:18:45.632 INFO  service=auditoria-service correlationId= thread=main logger=c.netflix.discovery.DiscoveryClient - Starting heartbeat executor: renew interval is: 30
2026-09-19 18:18:45.634 INFO  service=auditoria-service correlationId= thread=main logger=c.n.discovery.InstanceInfoReplicator - InstanceInfoReplicator onDemand update allowed rate per min is 4
2026-09-19 18:18:45.636 INFO  service=auditoria-service correlationId= thread=main logger=c.netflix.discovery.DiscoveryClient - Discovery Client initialized at timestamp 1789852725635 with initial instances count: 4
2026-09-19 18:18:45.640 INFO  service=auditoria-service correlationId= thread=main logger=o.s.c.n.e.s.EurekaServiceRegistry - Registering application AUDITORIA-SERVICE with eureka with status UP
2026-09-19 18:18:45.641 INFO  service=auditoria-service correlationId= thread=main logger=c.netflix.discovery.DiscoveryClient - Saw local status change event StatusChangeEvent [timestamp=1789852725641, current=UP, previous=STARTING]
2026-09-19 18:18:45.642 INFO  service=auditoria-service correlationId= thread=DiscoveryClient-InstanceInfoReplicator-%d logger=c.netflix.discovery.DiscoveryClient - DiscoveryClient_AUDITORIA-SERVICE/localhost:auditoria-service:8084: registering service...
2026-09-19 18:18:45.660 INFO  service=auditoria-service correlationId= thread=main logger=o.s.boot.tomcat.TomcatWebServer - Tomcat started on port 8084 (http) with context path '/'
2026-09-19 18:18:45.661 INFO  service=auditoria-service correlationId= thread=main logger=o.s.c.n.e.s.EurekaAutoServiceRegistration - Updating port to 8084
2026-09-19 18:18:45.685 INFO  service=auditoria-service correlationId= thread=DiscoveryClient-InstanceInfoReplicator-%d logger=c.netflix.discovery.DiscoveryClient - DiscoveryClient_AUDITORIA-SERVICE/localhost:auditoria-service:8084 - registration status: 204
2026-09-19 18:18:46.670 INFO  service=auditoria-service correlationId= thread=main logger=o.s.cloud.commons.util.InetUtils - Cannot determine local hostname
2026-09-19 18:18:46.721 INFO  service=auditoria-service correlationId= thread=main logger=o.a.k.common.config.AbstractConfig - ConsumerConfig values: 
	allow.auto.create.topics = true
	auto.commit.interval.ms = 5000
	auto.offset.reset = earliest
	bootstrap.servers = [localhost:9092]
	check.crcs = true
	client.dns.lookup = use_all_dns_ips
	client.id = consumer-auditoria-service-1
	client.rack = 
	config.providers = []
	connections.max.idle.ms = 540000
	default.api.timeout.ms = 60000
	enable.auto.commit = false
	enable.metrics.push = true
	exclude.internal.topics = true
	fetch.max.bytes = 52428800
	fetch.max.wait.ms = 500
	fetch.min.bytes = 1
	group.id = auditoria-service
	group.instance.id = null
	group.protocol = classic
	group.remote.assignor = null
	heartbeat.interval.ms = 3000
	interceptor.classes = []
	internal.throw.on.fetch.stable.offset.unsupported = false
	isolation.level = read_uncommitted
	key.deserializer = class org.apache.kafka.common.serialization.StringDeserializer
	max.partition.fetch.bytes = 1048576
	max.poll.interval.ms = 300000
	max.poll.records = 500
	metadata.max.age.ms = 300000
	metadata.recovery.rebootstrap.trigger.ms = 300000
	metadata.recovery.strategy = rebootstrap
	metric.reporters = [org.apache.kafka.common.metrics.JmxReporter]
	metrics.num.samples = 2
	metrics.recording.level = INFO
	metrics.sample.window.ms = 30000
	partition.assignment.strategy = [class org.apache.kafka.clients.consumer.RangeAssignor, class org.apache.kafka.clients.consumer.CooperativeStickyAssignor]
	receive.buffer.bytes = 65536
	reconnect.backoff.max.ms = 1000
	reconnect.backoff.ms = 50
	request.timeout.ms = 30000
	retry.backoff.max.ms = 1000
	retry.backoff.ms = 100
	sasl.client.callback.handler.class = null
	sasl.jaas.config = null
	sasl.kerberos.kinit.cmd = /usr/bin/kinit
	sasl.kerberos.min.time.before.relogin = 60000
	sasl.kerberos.service.name = null
	sasl.kerberos.ticket.renew.jitter = 0.05
	sasl.kerberos.ticket.renew.window.factor = 0.8
	sasl.login.callback.handler.class = null
	sasl.login.class = null
	sasl.login.connect.timeout.ms = null
	sasl.login.read.timeout.ms = null
	sasl.login.refresh.buffer.seconds = 300
	sasl.login.refresh.min.period.seconds = 60
	sasl.login.refresh.window.factor = 0.8
	sasl.login.refresh.window.jitter = 0.05
	sasl.login.retry.backoff.max.ms = 10000
	sasl.login.retry.backoff.ms = 100
	sasl.mechanism = GSSAPI
	sasl.oauthbearer.assertion.algorithm = RS256
	sasl.oauthbearer.assertion.claim.aud = null
	sasl.oauthbearer.assertion.claim.exp.seconds = 300
	sasl.oauthbearer.assertion.claim.iss = null
	sasl.oauthbearer.assertion.claim.jti.include = false
	sasl.oauthbearer.assertion.claim.nbf.seconds = 60
	sasl.oauthbearer.assertion.claim.sub = null
	sasl.oauthbearer.assertion.file = null
	sasl.oauthbearer.assertion.private.key.file = null
	sasl.oauthbearer.assertion.private.key.passphrase = null
	sasl.oauthbearer.assertion.template.file = null
	sasl.oauthbearer.client.credentials.client.id = null
	sasl.oauthbearer.client.credentials.client.secret = null
	sasl.oauthbearer.clock.skew.seconds = 30
	sasl.oauthbearer.expected.audience = []
	sasl.oauthbearer.expected.issuer = null
	sasl.oauthbearer.header.urlencode = false
	sasl.oauthbearer.jwks.endpoint.refresh.ms = 3600000
	sasl.oauthbearer.jwks.endpoint.retry.backoff.max.ms = 10000
	sasl.oauthbearer.jwks.endpoint.retry.backoff.ms = 100
	sasl.oauthbearer.jwks.endpoint.url = null
	sasl.oauthbearer.jwt.retriever.class = class org.apache.kafka.common.security.oauthbearer.DefaultJwtRetriever
	sasl.oauthbearer.jwt.validator.class = class org.apache.kafka.common.security.oauthbearer.DefaultJwtValidator
	sasl.oauthbearer.scope = null
	sasl.oauthbearer.scope.claim.name = scope
	sasl.oauthbearer.sub.claim.name = sub
	sasl.oauthbearer.token.endpoint.url = null
	security.protocol = PLAINTEXT
	security.providers = null
	send.buffer.bytes = 131072
	session.timeout.ms = 45000
	share.acknowledgement.mode = implicit
	share.acquire.mode = BATCH_OPTIMIZED
	socket.connection.setup.timeout.max.ms = 30000
	socket.connection.setup.timeout.ms = 10000
	ssl.cipher.suites = []
	ssl.enabled.protocols = [TLSv1.2, TLSv1.3]
	ssl.endpoint.identification.algorithm = https
	ssl.engine.factory.class = null
	ssl.key.password = null
	ssl.keymanager.algorithm = SunX509
	ssl.keystore.certificate.chain = null
	ssl.keystore.key = null
	ssl.keystore.location = null
	ssl.keystore.password = null
	ssl.keystore.type = JKS
	ssl.protocol = TLSv1.3
	ssl.provider = null
	ssl.secure.random.implementation = null
	ssl.trustmanager.algorithm = PKIX
	ssl.truststore.certificates = null
	ssl.truststore.location = null
	ssl.truststore.password = null
	ssl.truststore.type = JKS
	value.deserializer = class org.apache.kafka.common.serialization.StringDeserializer

2026-09-19 18:18:46.772 INFO  service=auditoria-service correlationId= thread=main logger=o.a.k.c.t.i.KafkaMetricsCollector - initializing Kafka metrics collector
2026-09-19 18:18:46.922 INFO  service=auditoria-service correlationId= thread=main logger=o.a.kafka.common.utils.AppInfoParser - Kafka version: 4.2.1
2026-09-19 18:18:46.923 INFO  service=auditoria-service correlationId= thread=main logger=o.a.kafka.common.utils.AppInfoParser - Kafka commitId: 92f61c44867f39dc
2026-09-19 18:18:46.923 INFO  service=auditoria-service correlationId= thread=main logger=o.a.kafka.common.utils.AppInfoParser - Kafka startTimeMs: 1789852726921
2026-09-19 18:18:46.933 INFO  service=auditoria-service correlationId= thread=main logger=o.a.k.c.c.i.ClassicKafkaConsumer - [Consumer clientId=consumer-auditoria-service-1, groupId=auditoria-service] Subscribed to topic(s): contrato-eventos
2026-09-19 18:18:46.941 INFO  service=auditoria-service correlationId= thread=main logger=o.a.k.common.config.AbstractConfig - ConsumerConfig values: 
	allow.auto.create.topics = true
	auto.commit.interval.ms = 5000
	auto.offset.reset = earliest
	bootstrap.servers = [localhost:9092]
	check.crcs = true
	client.dns.lookup = use_all_dns_ips
	client.id = consumer-auditoria-service-2
	client.rack = 
	config.providers = []
	connections.max.idle.ms = 540000
	default.api.timeout.ms = 60000
	enable.auto.commit = false
	enable.metrics.push = true
	exclude.internal.topics = true
	fetch.max.bytes = 52428800
	fetch.max.wait.ms = 500
	fetch.min.bytes = 1
	group.id = auditoria-service
	group.instance.id = null
	group.protocol = classic
	group.remote.assignor = null
	heartbeat.interval.ms = 3000
	interceptor.classes = []
	internal.throw.on.fetch.stable.offset.unsupported = false
	isolation.level = read_uncommitted
	key.deserializer = class org.apache.kafka.common.serialization.StringDeserializer
	max.partition.fetch.bytes = 1048576
	max.poll.interval.ms = 300000
	max.poll.records = 500
	metadata.max.age.ms = 300000
	metadata.recovery.rebootstrap.trigger.ms = 300000
	metadata.recovery.strategy = rebootstrap
	metric.reporters = [org.apache.kafka.common.metrics.JmxReporter]
	metrics.num.samples = 2
	metrics.recording.level = INFO
	metrics.sample.window.ms = 30000
	partition.assignment.strategy = [class org.apache.kafka.clients.consumer.RangeAssignor, class org.apache.kafka.clients.consumer.CooperativeStickyAssignor]
	receive.buffer.bytes = 65536
	reconnect.backoff.max.ms = 1000
	reconnect.backoff.ms = 50
	request.timeout.ms = 30000
	retry.backoff.max.ms = 1000
	retry.backoff.ms = 100
	sasl.client.callback.handler.class = null
	sasl.jaas.config = null
	sasl.kerberos.kinit.cmd = /usr/bin/kinit
	sasl.kerberos.min.time.before.relogin = 60000
	sasl.kerberos.service.name = null
	sasl.kerberos.ticket.renew.jitter = 0.05
	sasl.kerberos.ticket.renew.window.factor = 0.8
	sasl.login.callback.handler.class = null
	sasl.login.class = null
	sasl.login.connect.timeout.ms = null
	sasl.login.read.timeout.ms = null
	sasl.login.refresh.buffer.seconds = 300
	sasl.login.refresh.min.period.seconds = 60
	sasl.login.refresh.window.factor = 0.8
	sasl.login.refresh.window.jitter = 0.05
	sasl.login.retry.backoff.max.ms = 10000
	sasl.login.retry.backoff.ms = 100
	sasl.mechanism = GSSAPI
	sasl.oauthbearer.assertion.algorithm = RS256
	sasl.oauthbearer.assertion.claim.aud = null
	sasl.oauthbearer.assertion.claim.exp.seconds = 300
	sasl.oauthbearer.assertion.claim.iss = null
	sasl.oauthbearer.assertion.claim.jti.include = false
	sasl.oauthbearer.assertion.claim.nbf.seconds = 60
	sasl.oauthbearer.assertion.claim.sub = null
	sasl.oauthbearer.assertion.file = null
	sasl.oauthbearer.assertion.private.key.file = null
	sasl.oauthbearer.assertion.private.key.passphrase = null
	sasl.oauthbearer.assertion.template.file = null
	sasl.oauthbearer.client.credentials.client.id = null
	sasl.oauthbearer.client.credentials.client.secret = null
	sasl.oauthbearer.clock.skew.seconds = 30
	sasl.oauthbearer.expected.audience = []
	sasl.oauthbearer.expected.issuer = null
	sasl.oauthbearer.header.urlencode = false
	sasl.oauthbearer.jwks.endpoint.refresh.ms = 3600000
	sasl.oauthbearer.jwks.endpoint.retry.backoff.max.ms = 10000
	sasl.oauthbearer.jwks.endpoint.retry.backoff.ms = 100
	sasl.oauthbearer.jwks.endpoint.url = null
	sasl.oauthbearer.jwt.retriever.class = class org.apache.kafka.common.security.oauthbearer.DefaultJwtRetriever
	sasl.oauthbearer.jwt.validator.class = class org.apache.kafka.common.security.oauthbearer.DefaultJwtValidator
	sasl.oauthbearer.scope = null
	sasl.oauthbearer.scope.claim.name = scope
	sasl.oauthbearer.sub.claim.name = sub
	sasl.oauthbearer.token.endpoint.url = null
	security.protocol = PLAINTEXT
	security.providers = null
	send.buffer.bytes = 131072
	session.timeout.ms = 45000
	share.acknowledgement.mode = implicit
	share.acquire.mode = BATCH_OPTIMIZED
	socket.connection.setup.timeout.max.ms = 30000
	socket.connection.setup.timeout.ms = 10000
	ssl.cipher.suites = []
	ssl.enabled.protocols = [TLSv1.2, TLSv1.3]
	ssl.endpoint.identification.algorithm = https
	ssl.engine.factory.class = null
	ssl.key.password = null
	ssl.keymanager.algorithm = SunX509
	ssl.keystore.certificate.chain = null
	ssl.keystore.key = null
	ssl.keystore.location = null
	ssl.keystore.password = null
	ssl.keystore.type = JKS
	ssl.protocol = TLSv1.3
	ssl.provider = null
	ssl.secure.random.implementation = null
	ssl.trustmanager.algorithm = PKIX
	ssl.truststore.certificates = null
	ssl.truststore.location = null
	ssl.truststore.password = null
	ssl.truststore.type = JKS
	value.deserializer = class org.apache.kafka.common.serialization.StringDeserializer

2026-09-19 18:18:46.942 INFO  service=auditoria-service correlationId= thread=main logger=o.a.k.c.t.i.KafkaMetricsCollector - initializing Kafka metrics collector
2026-09-19 18:18:46.949 INFO  service=auditoria-service correlationId= thread=main logger=o.a.kafka.common.utils.AppInfoParser - Kafka version: 4.2.1
2026-09-19 18:18:46.949 INFO  service=auditoria-service correlationId= thread=main logger=o.a.kafka.common.utils.AppInfoParser - Kafka commitId: 92f61c44867f39dc
2026-09-19 18:18:46.949 INFO  service=auditoria-service correlationId= thread=main logger=o.a.kafka.common.utils.AppInfoParser - Kafka startTimeMs: 1789852726949
2026-09-19 18:18:46.953 INFO  service=auditoria-service correlationId= thread=main logger=o.a.k.c.c.i.ClassicKafkaConsumer - [Consumer clientId=consumer-auditoria-service-2, groupId=auditoria-service] Subscribed to topic(s): contrato-eventos
2026-09-19 18:18:46.955 INFO  service=auditoria-service correlationId= thread=main logger=o.a.k.common.config.AbstractConfig - ConsumerConfig values: 
	allow.auto.create.topics = true
	auto.commit.interval.ms = 5000
	auto.offset.reset = earliest
	bootstrap.servers = [localhost:9092]
	check.crcs = true
	client.dns.lookup = use_all_dns_ips
	client.id = consumer-auditoria-service-3
	client.rack = 
	config.providers = []
	connections.max.idle.ms = 540000
	default.api.timeout.ms = 60000
	enable.auto.commit = false
	enable.metrics.push = true
	exclude.internal.topics = true
	fetch.max.bytes = 52428800
	fetch.max.wait.ms = 500
	fetch.min.bytes = 1
	group.id = auditoria-service
	group.instance.id = null
	group.protocol = classic
	group.remote.assignor = null
	heartbeat.interval.ms = 3000
	interceptor.classes = []
	internal.throw.on.fetch.stable.offset.unsupported = false
	isolation.level = read_uncommitted
	key.deserializer = class org.apache.kafka.common.serialization.StringDeserializer
	max.partition.fetch.bytes = 1048576
	max.poll.interval.ms = 300000
	max.poll.records = 500
	metadata.max.age.ms = 300000
	metadata.recovery.rebootstrap.trigger.ms = 300000
	metadata.recovery.strategy = rebootstrap
	metric.reporters = [org.apache.kafka.common.metrics.JmxReporter]
	metrics.num.samples = 2
	metrics.recording.level = INFO
	metrics.sample.window.ms = 30000
	partition.assignment.strategy = [class org.apache.kafka.clients.consumer.RangeAssignor, class org.apache.kafka.clients.consumer.CooperativeStickyAssignor]
	receive.buffer.bytes = 65536
	reconnect.backoff.max.ms = 1000
	reconnect.backoff.ms = 50
	request.timeout.ms = 30000
	retry.backoff.max.ms = 1000
	retry.backoff.ms = 100
	sasl.client.callback.handler.class = null
	sasl.jaas.config = null
	sasl.kerberos.kinit.cmd = /usr/bin/kinit
	sasl.kerberos.min.time.before.relogin = 60000
	sasl.kerberos.service.name = null
	sasl.kerberos.ticket.renew.jitter = 0.05
	sasl.kerberos.ticket.renew.window.factor = 0.8
	sasl.login.callback.handler.class = null
	sasl.login.class = null
	sasl.login.connect.timeout.ms = null
	sasl.login.read.timeout.ms = null
	sasl.login.refresh.buffer.seconds = 300
	sasl.login.refresh.min.period.seconds = 60
	sasl.login.refresh.window.factor = 0.8
	sasl.login.refresh.window.jitter = 0.05
	sasl.login.retry.backoff.max.ms = 10000
	sasl.login.retry.backoff.ms = 100
	sasl.mechanism = GSSAPI
	sasl.oauthbearer.assertion.algorithm = RS256
	sasl.oauthbearer.assertion.claim.aud = null
	sasl.oauthbearer.assertion.claim.exp.seconds = 300
	sasl.oauthbearer.assertion.claim.iss = null
	sasl.oauthbearer.assertion.claim.jti.include = false
	sasl.oauthbearer.assertion.claim.nbf.seconds = 60
	sasl.oauthbearer.assertion.claim.sub = null
	sasl.oauthbearer.assertion.file = null
	sasl.oauthbearer.assertion.private.key.file = null
	sasl.oauthbearer.assertion.private.key.passphrase = null
	sasl.oauthbearer.assertion.template.file = null
	sasl.oauthbearer.client.credentials.client.id = null
	sasl.oauthbearer.client.credentials.client.secret = null
	sasl.oauthbearer.clock.skew.seconds = 30
	sasl.oauthbearer.expected.audience = []
	sasl.oauthbearer.expected.issuer = null
	sasl.oauthbearer.header.urlencode = false
	sasl.oauthbearer.jwks.endpoint.refresh.ms = 3600000
	sasl.oauthbearer.jwks.endpoint.retry.backoff.max.ms = 10000
	sasl.oauthbearer.jwks.endpoint.retry.backoff.ms = 100
	sasl.oauthbearer.jwks.endpoint.url = null
	sasl.oauthbearer.jwt.retriever.class = class org.apache.kafka.common.security.oauthbearer.DefaultJwtRetriever
	sasl.oauthbearer.jwt.validator.class = class org.apache.kafka.common.security.oauthbearer.DefaultJwtValidator
	sasl.oauthbearer.scope = null
	sasl.oauthbearer.scope.claim.name = scope
	sasl.oauthbearer.sub.claim.name = sub
	sasl.oauthbearer.token.endpoint.url = null
	security.protocol = PLAINTEXT
	security.providers = null
	send.buffer.bytes = 131072
	session.timeout.ms = 45000
	share.acknowledgement.mode = implicit
	share.acquire.mode = BATCH_OPTIMIZED
	socket.connection.setup.timeout.max.ms = 30000
	socket.connection.setup.timeout.ms = 10000
	ssl.cipher.suites = []
	ssl.enabled.protocols = [TLSv1.2, TLSv1.3]
	ssl.endpoint.identification.algorithm = https
	ssl.engine.factory.class = null
	ssl.key.password = null
	ssl.keymanager.algorithm = SunX509
	ssl.keystore.certificate.chain = null
	ssl.keystore.key = null
	ssl.keystore.location = null
	ssl.keystore.password = null
	ssl.keystore.type = JKS
	ssl.protocol = TLSv1.3
	ssl.provider = null
	ssl.secure.random.implementation = null
	ssl.trustmanager.algorithm = PKIX
	ssl.truststore.certificates = null
	ssl.truststore.location = null
	ssl.truststore.password = null
	ssl.truststore.type = JKS
	value.deserializer = class org.apache.kafka.common.serialization.StringDeserializer

2026-09-19 18:18:46.956 INFO  service=auditoria-service correlationId= thread=main logger=o.a.k.c.t.i.KafkaMetricsCollector - initializing Kafka metrics collector
2026-09-19 18:18:46.963 INFO  service=auditoria-service correlationId= thread=main logger=o.a.kafka.common.utils.AppInfoParser - Kafka version: 4.2.1
2026-09-19 18:18:46.963 INFO  service=auditoria-service correlationId= thread=main logger=o.a.kafka.common.utils.AppInfoParser - Kafka commitId: 92f61c44867f39dc
2026-09-19 18:18:46.963 INFO  service=auditoria-service correlationId= thread=main logger=o.a.kafka.common.utils.AppInfoParser - Kafka startTimeMs: 1789852726963
2026-09-19 18:18:46.967 INFO  service=auditoria-service correlationId= thread=main logger=o.a.k.c.c.i.ClassicKafkaConsumer - [Consumer clientId=consumer-auditoria-service-3, groupId=auditoria-service] Subscribed to topic(s): contrato-eventos
2026-09-19 18:18:46.977 INFO  service=auditoria-service correlationId= thread=main logger=b.c.f.auditoria.AuditoriaApplication - Started AuditoriaApplication in 12.385 seconds (process running for 13.101)
2026-09-19 18:18:47.353 INFO  service=auditoria-service correlationId= thread=org.springframework.kafka.KafkaListenerEndpointContainer#0-2-C-1 logger=org.apache.kafka.clients.Metadata - [Consumer clientId=consumer-auditoria-service-3, groupId=auditoria-service] Cluster ID: 5L6g3nShT-eMCtK--X86sw
2026-09-19 18:18:47.353 INFO  service=auditoria-service correlationId= thread=org.springframework.kafka.KafkaListenerEndpointContainer#0-1-C-1 logger=org.apache.kafka.clients.Metadata - [Consumer clientId=consumer-auditoria-service-2, groupId=auditoria-service] Cluster ID: 5L6g3nShT-eMCtK--X86sw
2026-09-19 18:18:47.353 INFO  service=auditoria-service correlationId= thread=org.springframework.kafka.KafkaListenerEndpointContainer#0-0-C-1 logger=org.apache.kafka.clients.Metadata - [Consumer clientId=consumer-auditoria-service-1, groupId=auditoria-service] Cluster ID: 5L6g3nShT-eMCtK--X86sw
2026-09-19 18:18:47.356 INFO  service=auditoria-service correlationId= thread=org.springframework.kafka.KafkaListenerEndpointContainer#0-1-C-1 logger=o.a.k.c.c.i.ConsumerCoordinator - [Consumer clientId=consumer-auditoria-service-2, groupId=auditoria-service] Discovered group coordinator localhost:9092 (id: 2147483646 rack: null isFenced: false)
2026-09-19 18:18:47.356 INFO  service=auditoria-service correlationId= thread=org.springframework.kafka.KafkaListenerEndpointContainer#0-2-C-1 logger=o.a.k.c.c.i.ConsumerCoordinator - [Consumer clientId=consumer-auditoria-service-3, groupId=auditoria-service] Discovered group coordinator localhost:9092 (id: 2147483646 rack: null isFenced: false)
2026-09-19 18:18:47.356 INFO  service=auditoria-service correlationId= thread=org.springframework.kafka.KafkaListenerEndpointContainer#0-0-C-1 logger=o.a.k.c.c.i.ConsumerCoordinator - [Consumer clientId=consumer-auditoria-service-1, groupId=auditoria-service] Discovered group coordinator localhost:9092 (id: 2147483646 rack: null isFenced: false)
2026-09-19 18:18:47.359 INFO  service=auditoria-service correlationId= thread=org.springframework.kafka.KafkaListenerEndpointContainer#0-1-C-1 logger=o.a.k.c.c.i.ConsumerCoordinator - [Consumer clientId=consumer-auditoria-service-2, groupId=auditoria-service] (Re-)joining group
2026-09-19 18:18:47.359 INFO  service=auditoria-service correlationId= thread=org.springframework.kafka.KafkaListenerEndpointContainer#0-2-C-1 logger=o.a.k.c.c.i.ConsumerCoordinator - [Consumer clientId=consumer-auditoria-service-3, groupId=auditoria-service] (Re-)joining group
2026-09-19 18:18:47.359 INFO  service=auditoria-service correlationId= thread=org.springframework.kafka.KafkaListenerEndpointContainer#0-0-C-1 logger=o.a.k.c.c.i.ConsumerCoordinator - [Consumer clientId=consumer-auditoria-service-1, groupId=auditoria-service] (Re-)joining group
2026-09-19 18:18:47.378 INFO  service=auditoria-service correlationId= thread=org.springframework.kafka.KafkaListenerEndpointContainer#0-1-C-1 logger=o.a.k.c.c.i.ConsumerCoordinator - [Consumer clientId=consumer-auditoria-service-2, groupId=auditoria-service] Request joining group due to: need to re-join with the given member-id: consumer-auditoria-service-2-ceebe812-447e-4476-a3c4-5d65aae31b4e
2026-09-19 18:18:47.378 INFO  service=auditoria-service correlationId= thread=org.springframework.kafka.KafkaListenerEndpointContainer#0-2-C-1 logger=o.a.k.c.c.i.ConsumerCoordinator - [Consumer clientId=consumer-auditoria-service-3, groupId=auditoria-service] Request joining group due to: need to re-join with the given member-id: consumer-auditoria-service-3-49df389f-0064-4d64-89e2-70f723ff7123
2026-09-19 18:18:47.378 INFO  service=auditoria-service correlationId= thread=org.springframework.kafka.KafkaListenerEndpointContainer#0-0-C-1 logger=o.a.k.c.c.i.ConsumerCoordinator - [Consumer clientId=consumer-auditoria-service-1, groupId=auditoria-service] Request joining group due to: need to re-join with the given member-id: consumer-auditoria-service-1-6666e822-54e0-43e3-9a77-920c17095a40
2026-09-19 18:18:47.379 INFO  service=auditoria-service correlationId= thread=org.springframework.kafka.KafkaListenerEndpointContainer#0-2-C-1 logger=o.a.k.c.c.i.ConsumerCoordinator - [Consumer clientId=consumer-auditoria-service-3, groupId=auditoria-service] (Re-)joining group
2026-09-19 18:18:47.379 INFO  service=auditoria-service correlationId= thread=org.springframework.kafka.KafkaListenerEndpointContainer#0-0-C-1 logger=o.a.k.c.c.i.ConsumerCoordinator - [Consumer clientId=consumer-auditoria-service-1, groupId=auditoria-service] (Re-)joining group
2026-09-19 18:18:47.379 INFO  service=auditoria-service correlationId= thread=org.springframework.kafka.KafkaListenerEndpointContainer#0-1-C-1 logger=o.a.k.c.c.i.ConsumerCoordinator - [Consumer clientId=consumer-auditoria-service-2, groupId=auditoria-service] (Re-)joining group
2026-09-19 18:18:47.384 INFO  service=auditoria-service correlationId= thread=org.springframework.kafka.KafkaListenerEndpointContainer#0-0-C-1 logger=o.a.k.c.c.i.ConsumerCoordinator - [Consumer clientId=consumer-auditoria-service-1, groupId=auditoria-service] Successfully joined group with generation Generation{generationId=3, memberId='consumer-auditoria-service-1-6666e822-54e0-43e3-9a77-920c17095a40', protocol='range'}
2026-09-19 18:18:47.384 INFO  service=auditoria-service correlationId= thread=org.springframework.kafka.KafkaListenerEndpointContainer#0-1-C-1 logger=o.a.k.c.c.i.ConsumerCoordinator - [Consumer clientId=consumer-auditoria-service-2, groupId=auditoria-service] Successfully joined group with generation Generation{generationId=3, memberId='consumer-auditoria-service-2-ceebe812-447e-4476-a3c4-5d65aae31b4e', protocol='range'}
2026-09-19 18:18:47.384 INFO  service=auditoria-service correlationId= thread=org.springframework.kafka.KafkaListenerEndpointContainer#0-2-C-1 logger=o.a.k.c.c.i.ConsumerCoordinator - [Consumer clientId=consumer-auditoria-service-3, groupId=auditoria-service] Successfully joined group with generation Generation{generationId=3, memberId='consumer-auditoria-service-3-49df389f-0064-4d64-89e2-70f723ff7123', protocol='range'}
2026-09-19 18:18:47.392 INFO  service=auditoria-service correlationId= thread=org.springframework.kafka.KafkaListenerEndpointContainer#0-1-C-1 logger=o.a.k.c.c.i.ConsumerCoordinator - [Consumer clientId=consumer-auditoria-service-2, groupId=auditoria-service] Finished assignment for group at generation 3: {consumer-auditoria-service-2-ceebe812-447e-4476-a3c4-5d65aae31b4e=Assignment(partitions=[contrato-eventos-1]), consumer-auditoria-service-1-6666e822-54e0-43e3-9a77-920c17095a40=Assignment(partitions=[contrato-eventos-0]), consumer-auditoria-service-3-49df389f-0064-4d64-89e2-70f723ff7123=Assignment(partitions=[contrato-eventos-2])}
2026-09-19 18:18:47.399 INFO  service=auditoria-service correlationId= thread=org.springframework.kafka.KafkaListenerEndpointContainer#0-0-C-1 logger=o.a.k.c.c.i.ConsumerCoordinator - [Consumer clientId=consumer-auditoria-service-1, groupId=auditoria-service] Successfully synced group in generation Generation{generationId=3, memberId='consumer-auditoria-service-1-6666e822-54e0-43e3-9a77-920c17095a40', protocol='range'}
2026-09-19 18:18:47.399 INFO  service=auditoria-service correlationId= thread=org.springframework.kafka.KafkaListenerEndpointContainer#0-2-C-1 logger=o.a.k.c.c.i.ConsumerCoordinator - [Consumer clientId=consumer-auditoria-service-3, groupId=auditoria-service] Successfully synced group in generation Generation{generationId=3, memberId='consumer-auditoria-service-3-49df389f-0064-4d64-89e2-70f723ff7123', protocol='range'}
2026-09-19 18:18:47.399 INFO  service=auditoria-service correlationId= thread=org.springframework.kafka.KafkaListenerEndpointContainer#0-1-C-1 logger=o.a.k.c.c.i.ConsumerCoordinator - [Consumer clientId=consumer-auditoria-service-2, groupId=auditoria-service] Successfully synced group in generation Generation{generationId=3, memberId='consumer-auditoria-service-2-ceebe812-447e-4476-a3c4-5d65aae31b4e', protocol='range'}
2026-09-19 18:18:47.400 INFO  service=auditoria-service correlationId= thread=org.springframework.kafka.KafkaListenerEndpointContainer#0-2-C-1 logger=o.a.k.c.c.i.ConsumerCoordinator - [Consumer clientId=consumer-auditoria-service-3, groupId=auditoria-service] Notifying assignor about the new Assignment(partitions=[contrato-eventos-2])
2026-09-19 18:18:47.400 INFO  service=auditoria-service correlationId= thread=org.springframework.kafka.KafkaListenerEndpointContainer#0-0-C-1 logger=o.a.k.c.c.i.ConsumerCoordinator - [Consumer clientId=consumer-auditoria-service-1, groupId=auditoria-service] Notifying assignor about the new Assignment(partitions=[contrato-eventos-0])
2026-09-19 18:18:47.400 INFO  service=auditoria-service correlationId= thread=org.springframework.kafka.KafkaListenerEndpointContainer#0-1-C-1 logger=o.a.k.c.c.i.ConsumerCoordinator - [Consumer clientId=consumer-auditoria-service-2, groupId=auditoria-service] Notifying assignor about the new Assignment(partitions=[contrato-eventos-1])
2026-09-19 18:18:47.402 INFO  service=auditoria-service correlationId= thread=org.springframework.kafka.KafkaListenerEndpointContainer#0-0-C-1 logger=o.a.k.c.c.i.ConsumerRebalanceListenerInvoker - [Consumer clientId=consumer-auditoria-service-1, groupId=auditoria-service] Adding newly assigned partitions: [contrato-eventos-0]
2026-09-19 18:18:47.402 INFO  service=auditoria-service correlationId= thread=org.springframework.kafka.KafkaListenerEndpointContainer#0-1-C-1 logger=o.a.k.c.c.i.ConsumerRebalanceListenerInvoker - [Consumer clientId=consumer-auditoria-service-2, groupId=auditoria-service] Adding newly assigned partitions: [contrato-eventos-1]
2026-09-19 18:18:47.402 INFO  service=auditoria-service correlationId= thread=org.springframework.kafka.KafkaListenerEndpointContainer#0-2-C-1 logger=o.a.k.c.c.i.ConsumerRebalanceListenerInvoker - [Consumer clientId=consumer-auditoria-service-3, groupId=auditoria-service] Adding newly assigned partitions: [contrato-eventos-2]
2026-09-19 18:18:47.411 INFO  service=auditoria-service correlationId= thread=org.springframework.kafka.KafkaListenerEndpointContainer#0-0-C-1 logger=o.a.k.c.c.i.ConsumerCoordinator - [Consumer clientId=consumer-auditoria-service-1, groupId=auditoria-service] Found no committed offset for partition contrato-eventos-0
2026-09-19 18:18:47.412 INFO  service=auditoria-service correlationId= thread=org.springframework.kafka.KafkaListenerEndpointContainer#0-2-C-1 logger=o.a.k.c.c.internals.ConsumerUtils - Setting offset for partition contrato-eventos-2 to the committed offset FetchPosition{offset=6, offsetEpoch=Optional.empty, currentLeader=LeaderAndEpoch{leader=Optional[localhost:9092 (id: 1 rack: null isFenced: false)], epoch=0}}
2026-09-19 18:18:47.412 INFO  service=auditoria-service correlationId= thread=org.springframework.kafka.KafkaListenerEndpointContainer#0-1-C-1 logger=o.a.k.c.c.internals.ConsumerUtils - Setting offset for partition contrato-eventos-1 to the committed offset FetchPosition{offset=3, offsetEpoch=Optional.empty, currentLeader=LeaderAndEpoch{leader=Optional[localhost:9092 (id: 1 rack: null isFenced: false)], epoch=0}}
2026-09-19 18:18:47.416 INFO  service=auditoria-service correlationId= thread=org.springframework.kafka.KafkaListenerEndpointContainer#0-1-C-1 logger=o.s.k.l.KafkaMessageListenerContainer - auditoria-service: partitions assigned: [contrato-eventos-1]
2026-09-19 18:18:47.416 INFO  service=auditoria-service correlationId= thread=org.springframework.kafka.KafkaListenerEndpointContainer#0-2-C-1 logger=o.s.k.l.KafkaMessageListenerContainer - auditoria-service: partitions assigned: [contrato-eventos-2]
2026-09-19 18:18:47.423 INFO  service=auditoria-service correlationId= thread=org.springframework.kafka.KafkaListenerEndpointContainer#0-0-C-1 logger=o.a.k.c.c.i.SubscriptionState - [Consumer clientId=consumer-auditoria-service-1, groupId=auditoria-service] Resetting offset for partition contrato-eventos-0 to position FetchPosition{offset=0, offsetEpoch=Optional.empty, currentLeader=LeaderAndEpoch{leader=Optional[localhost:9092 (id: 1 rack: null isFenced: false)], epoch=0}}.
2026-09-19 18:18:47.424 INFO  service=auditoria-service correlationId= thread=org.springframework.kafka.KafkaListenerEndpointContainer#0-0-C-1 logger=o.s.k.l.KafkaMessageListenerContainer - auditoria-service: partitions assigned: [contrato-eventos-0]
2026-09-19 18:23:45.342 INFO  service=auditoria-service correlationId= thread=AsyncResolver-bootstrap-executor-%d logger=c.n.d.s.r.aws.ConfigClusterResolver - Resolving eureka endpoints via configuration
2026-09-19 18:28:45.343 INFO  service=auditoria-service correlationId= thread=AsyncResolver-bootstrap-executor-%d logger=c.n.d.s.r.aws.ConfigClusterResolver - Resolving eureka endpoints via configuration
2026-09-19 18:33:45.345 INFO  service=auditoria-service correlationId= thread=AsyncResolver-bootstrap-executor-%d logger=c.n.d.s.r.aws.ConfigClusterResolver - Resolving eureka endpoints via configuration
2026-09-19 18:38:45.346 INFO  service=auditoria-service correlationId= thread=AsyncResolver-bootstrap-executor-%d logger=c.n.d.s.r.aws.ConfigClusterResolver - Resolving eureka endpoints via configuration
2026-09-19 18:39:40.859 INFO  service=auditoria-service correlationId= thread=http-nio-8084-exec-1 logger=o.a.c.c.C.[Tomcat].[localhost].[/] - Initializing Spring DispatcherServlet 'dispatcherServlet'
2026-09-19 18:39:40.860 INFO  service=auditoria-service correlationId= thread=http-nio-8084-exec-1 logger=o.s.web.servlet.DispatcherServlet - Initializing Servlet 'dispatcherServlet'
2026-09-19 18:39:40.864 INFO  service=auditoria-service correlationId= thread=http-nio-8084-exec-1 logger=o.s.web.servlet.DispatcherServlet - Completed initialization in 3 ms
2026-09-19 18:39:40.909 INFO  service=auditoria-service correlationId= thread=http-nio-8084-exec-1 logger=b.c.f.auditoria.AuditoriaController - http.auditoria.listar correlationId=null
2026-09-19 18:43:45.347 INFO  service=auditoria-service correlationId= thread=AsyncResolver-bootstrap-executor-%d logger=c.n.d.s.r.aws.ConfigClusterResolver - Resolving eureka endpoints via configuration
2026-09-19 18:48:45.348 INFO  service=auditoria-service correlationId= thread=AsyncResolver-bootstrap-executor-%d logger=c.n.d.s.r.aws.ConfigClusterResolver - Resolving eureka endpoints via configuration
2026-09-19 18:51:23.324 INFO  service=auditoria-service correlationId= thread=org.springframework.kafka.KafkaListenerEndpointContainer#0-2-C-1 logger=o.apache.kafka.clients.NetworkClient - [Consumer clientId=consumer-auditoria-service-3, groupId=auditoria-service] Node 1 disconnected.
2026-09-19 18:51:23.325 INFO  service=auditoria-service correlationId= thread=org.springframework.kafka.KafkaListenerEndpointContainer#0-2-C-1 logger=o.apache.kafka.clients.NetworkClient - [Consumer clientId=consumer-auditoria-service-3, groupId=auditoria-service] Cancelled in-flight FETCH request with correlation id 4566 due to node 1 being disconnected (elapsed time since creation: 12ms, elapsed time since send: 12ms, throttle time: 0ms, request timeout: 30000ms)
2026-09-19 18:51:23.324 INFO  service=auditoria-service correlationId= thread=org.springframework.kafka.KafkaListenerEndpointContainer#0-0-C-1 logger=o.apache.kafka.clients.NetworkClient - [Consumer clientId=consumer-auditoria-service-1, groupId=auditoria-service] Node 2147483646 disconnected.
2026-09-19 18:51:23.324 INFO  service=auditoria-service correlationId= thread=org.springframework.kafka.KafkaListenerEndpointContainer#0-1-C-1 logger=o.apache.kafka.clients.NetworkClient - [Consumer clientId=consumer-auditoria-service-2, groupId=auditoria-service] Node 2147483646 disconnected.
2026-09-19 18:51:23.328 INFO  service=auditoria-service correlationId= thread=org.springframework.kafka.KafkaListenerEndpointContainer#0-1-C-1 logger=o.a.k.c.c.i.ConsumerCoordinator - [Consumer clientId=consumer-auditoria-service-2, groupId=auditoria-service] Group coordinator localhost:9092 (id: 2147483646 rack: null isFenced: false) is unavailable or invalid due to cause: coordinator unavailable. isDisconnected: true. Rediscovery will be attempted.
2026-09-19 18:51:23.328 INFO  service=auditoria-service correlationId= thread=org.springframework.kafka.KafkaListenerEndpointContainer#0-0-C-1 logger=o.a.k.c.c.i.ConsumerCoordinator - [Consumer clientId=consumer-auditoria-service-1, groupId=auditoria-service] Group coordinator localhost:9092 (id: 2147483646 rack: null isFenced: false) is unavailable or invalid due to cause: coordinator unavailable. isDisconnected: true. Rediscovery will be attempted.
2026-09-19 18:51:23.329 INFO  service=auditoria-service correlationId= thread=org.springframework.kafka.KafkaListenerEndpointContainer#0-0-C-1 logger=o.apache.kafka.clients.NetworkClient - [Consumer clientId=consumer-auditoria-service-1, groupId=auditoria-service] Node 1 disconnected.
2026-09-19 18:51:23.329 INFO  service=auditoria-service correlationId= thread=org.springframework.kafka.KafkaListenerEndpointContainer#0-0-C-1 logger=o.apache.kafka.clients.NetworkClient - [Consumer clientId=consumer-auditoria-service-1, groupId=auditoria-service] Cancelled in-flight FETCH request with correlation id 4566 due to node 1 being disconnected (elapsed time since creation: 17ms, elapsed time since send: 17ms, throttle time: 0ms, request timeout: 30000ms)
2026-09-19 18:51:23.330 INFO  service=auditoria-service correlationId= thread=org.springframework.kafka.KafkaListenerEndpointContainer#0-0-C-1 logger=o.apache.kafka.clients.NetworkClient - [Consumer clientId=consumer-auditoria-service-1, groupId=auditoria-service] Cancelled in-flight FIND_COORDINATOR request with correlation id 4567 due to node 1 being disconnected (elapsed time since creation: 1ms, elapsed time since send: 1ms, throttle time: 0ms, request timeout: 30000ms)
2026-09-19 18:51:23.327 INFO  service=auditoria-service correlationId= thread=org.springframework.kafka.KafkaListenerEndpointContainer#0-2-C-1 logger=o.a.k.clients.FetchSessionHandler - [Consumer clientId=consumer-auditoria-service-3, groupId=auditoria-service] Error sending fetch request (sessionId=589185857, epoch=3898) to node 1:
org.apache.kafka.common.errors.DisconnectException
2026-09-19 18:51:23.330 INFO  service=auditoria-service correlationId= thread=org.springframework.kafka.KafkaListenerEndpointContainer#0-0-C-1 logger=o.a.k.clients.FetchSessionHandler - [Consumer clientId=consumer-auditoria-service-1, groupId=auditoria-service] Error sending fetch request (sessionId=241586075, epoch=3897) to node 1:
org.apache.kafka.common.errors.DisconnectException
2026-09-19 18:51:23.335 INFO  service=auditoria-service correlationId= thread=org.springframework.kafka.KafkaListenerEndpointContainer#0-2-C-1 logger=o.apache.kafka.clients.NetworkClient - [Consumer clientId=consumer-auditoria-service-3, groupId=auditoria-service] Node 2147483646 disconnected.
2026-09-19 18:51:23.335 INFO  service=auditoria-service correlationId= thread=org.springframework.kafka.KafkaListenerEndpointContainer#0-1-C-1 logger=o.apache.kafka.clients.NetworkClient - [Consumer clientId=consumer-auditoria-service-2, groupId=auditoria-service] Node 1 disconnected.
2026-09-19 18:51:23.337 INFO  service=auditoria-service correlationId= thread=org.springframework.kafka.KafkaListenerEndpointContainer#0-2-C-1 logger=o.a.k.c.c.i.ConsumerCoordinator - [Consumer clientId=consumer-auditoria-service-3, groupId=auditoria-service] Group coordinator localhost:9092 (id: 2147483646 rack: null isFenced: false) is unavailable or invalid due to cause: coordinator unavailable. isDisconnected: true. Rediscovery will be attempted.
2026-09-19 18:51:23.337 INFO  service=auditoria-service correlationId= thread=org.springframework.kafka.KafkaListenerEndpointContainer#0-1-C-1 logger=o.apache.kafka.clients.NetworkClient - [Consumer clientId=consumer-auditoria-service-2, groupId=auditoria-service] Cancelled in-flight FETCH request with correlation id 4564 due to node 1 being disconnected (elapsed time since creation: 27ms, elapsed time since send: 27ms, throttle time: 0ms, request timeout: 30000ms)
2026-09-19 18:51:23.340 INFO  service=auditoria-service correlationId= thread=org.springframework.kafka.KafkaListenerEndpointContainer#0-1-C-1 logger=o.apache.kafka.clients.NetworkClient - [Consumer clientId=consumer-auditoria-service-2, groupId=auditoria-service] Cancelled in-flight FIND_COORDINATOR request with correlation id 4565 due to node 1 being disconnected (elapsed time since creation: 7ms, elapsed time since send: 7ms, throttle time: 0ms, request timeout: 30000ms)
2026-09-19 18:51:23.341 INFO  service=auditoria-service correlationId= thread=org.springframework.kafka.KafkaListenerEndpointContainer#0-1-C-1 logger=o.a.k.clients.FetchSessionHandler - [Consumer clientId=consumer-auditoria-service-2, groupId=auditoria-service] Error sending fetch request (sessionId=419391699, epoch=3896) to node 1:
org.apache.kafka.common.errors.DisconnectException
2026-09-19 18:51:23.421 INFO  service=auditoria-service correlationId= thread=org.springframework.kafka.KafkaListenerEndpointContainer#0-0-C-1 logger=o.apache.kafka.clients.NetworkClient - [Consumer clientId=consumer-auditoria-service-1, groupId=auditoria-service] Node 1 disconnected.
2026-09-19 18:51:23.422 INFO  service=auditoria-service correlationId= thread=org.springframework.kafka.KafkaListenerEndpointContainer#0-0-C-1 logger=o.apache.kafka.clients.NetworkClient - [Consumer clientId=consumer-auditoria-service-1, groupId=auditoria-service] Cancelled in-flight API_VERSIONS request with correlation id 4568 due to node 1 being disconnected (elapsed time since creation: 2ms, elapsed time since send: 2ms, throttle time: 0ms, request timeout: 30000ms)
2026-09-19 18:51:23.435 INFO  service=auditoria-service correlationId= thread=org.springframework.kafka.KafkaListenerEndpointContainer#0-1-C-1 logger=o.apache.kafka.clients.NetworkClient - [Consumer clientId=consumer-auditoria-service-2, groupId=auditoria-service] Node 1 disconnected.
2026-09-19 18:51:23.436 INFO  service=auditoria-service correlationId= thread=org.springframework.kafka.KafkaListenerEndpointContainer#0-1-C-1 logger=o.apache.kafka.clients.NetworkClient - [Consumer clientId=consumer-auditoria-service-2, groupId=auditoria-service] Cancelled in-flight API_VERSIONS request with correlation id 4566 due to node 1 being disconnected (elapsed time since creation: 2ms, elapsed time since send: 2ms, throttle time: 0ms, request timeout: 30000ms)
2026-09-19 18:51:23.448 INFO  service=auditoria-service correlationId= thread=org.springframework.kafka.KafkaListenerEndpointContainer#0-2-C-1 logger=o.apache.kafka.clients.NetworkClient - [Consumer clientId=consumer-auditoria-service-3, groupId=auditoria-service] Node 1 disconnected.
2026-09-19 18:51:23.448 INFO  service=auditoria-service correlationId= thread=org.springframework.kafka.KafkaListenerEndpointContainer#0-2-C-1 logger=o.apache.kafka.clients.NetworkClient - [Consumer clientId=consumer-auditoria-service-3, groupId=auditoria-service] Cancelled in-flight API_VERSIONS request with correlation id 4567 due to node 1 being disconnected (elapsed time since creation: 2ms, elapsed time since send: 2ms, throttle time: 0ms, request timeout: 30000ms)
2026-09-19 18:51:23.523 INFO  service=auditoria-service correlationId= thread=org.springframework.kafka.KafkaListenerEndpointContainer#0-0-C-1 logger=org.apache.kafka.clients.Metadata - [Consumer clientId=consumer-auditoria-service-1, groupId=auditoria-service] Rebootstrapping with [localhost/127.0.0.1:9092]
2026-09-19 18:51:23.528 INFO  service=auditoria-service correlationId= thread=org.springframework.kafka.KafkaListenerEndpointContainer#0-0-C-1 logger=o.apache.kafka.clients.NetworkClient - [Consumer clientId=consumer-auditoria-service-1, groupId=auditoria-service] Node -1 disconnected.
2026-09-19 18:51:23.528 INFO  service=auditoria-service correlationId= thread=org.springframework.kafka.KafkaListenerEndpointContainer#0-0-C-1 logger=o.apache.kafka.clients.NetworkClient - [Consumer clientId=consumer-auditoria-service-1, groupId=auditoria-service] Cancelled in-flight API_VERSIONS request with correlation id 4569 due to node -1 being disconnected (elapsed time since creation: 3ms, elapsed time since send: 3ms, throttle time: 0ms, request timeout: 30000ms)
2026-09-19 18:51:23.529 WARN  service=auditoria-service correlationId= thread=org.springframework.kafka.KafkaListenerEndpointContainer#0-0-C-1 logger=o.apache.kafka.clients.NetworkClient - [Consumer clientId=consumer-auditoria-service-1, groupId=auditoria-service] Bootstrap broker localhost:9092 (id: -1 rack: null isFenced: false) disconnected
2026-09-19 18:51:23.543 INFO  service=auditoria-service correlationId= thread=org.springframework.kafka.KafkaListenerEndpointContainer#0-2-C-1 logger=org.apache.kafka.clients.Metadata - [Consumer clientId=consumer-auditoria-service-3, groupId=auditoria-service] Rebootstrapping with [localhost/127.0.0.1:9092]
2026-09-19 18:51:23.547 INFO  service=auditoria-service correlationId= thread=org.springframework.kafka.KafkaListenerEndpointContainer#0-2-C-1 logger=o.apache.kafka.clients.NetworkClient - [Consumer clientId=consumer-auditoria-service-3, groupId=auditoria-service] Node -1 disconnected.
2026-09-19 18:51:23.548 INFO  service=auditoria-service correlationId= thread=org.springframework.kafka.KafkaListenerEndpointContainer#0-2-C-1 logger=o.apache.kafka.clients.NetworkClient - [Consumer clientId=consumer-auditoria-service-3, groupId=auditoria-service] Cancelled in-flight API_VERSIONS request with correlation id 4568 due to node -1 being disconnected (elapsed time since creation: 2ms, elapsed time since send: 2ms, throttle time: 0ms, request timeout: 30000ms)
2026-09-19 18:51:23.548 WARN  service=auditoria-service correlationId= thread=org.springframework.kafka.KafkaListenerEndpointContainer#0-2-C-1 logger=o.apache.kafka.clients.NetworkClient - [Consumer clientId=consumer-auditoria-service-3, groupId=auditoria-service] Bootstrap broker localhost:9092 (id: -1 rack: null isFenced: false) disconnected
2026-09-19 18:51:23.567 INFO  service=auditoria-service correlationId= thread=org.springframework.kafka.KafkaListenerEndpointContainer#0-1-C-1 logger=o.apache.kafka.clients.NetworkClient - [Consumer clientId=consumer-auditoria-service-2, groupId=auditoria-service] Node 1 disconnected.
2026-09-19 18:51:23.567 INFO  service=auditoria-service correlationId= thread=org.springframework.kafka.KafkaListenerEndpointContainer#0-1-C-1 logger=o.apache.kafka.clients.NetworkClient - [Consumer clientId=consumer-auditoria-service-2, groupId=auditoria-service] Cancelled in-flight API_VERSIONS request with correlation id 4567 due to node 1 being disconnected (elapsed time since creation: 14ms, elapsed time since send: 14ms, throttle time: 0ms, request timeout: 30000ms)
2026-09-19 18:51:23.731 INFO  service=auditoria-service correlationId= thread=org.springframework.kafka.KafkaListenerEndpointContainer#0-2-C-1 logger=o.apache.kafka.clients.NetworkClient - [Consumer clientId=consumer-auditoria-service-3, groupId=auditoria-service] Node -1 disconnected.
2026-09-19 18:51:23.731 INFO  service=auditoria-service correlationId= thread=org.springframework.kafka.KafkaListenerEndpointContainer#0-0-C-1 logger=o.apache.kafka.clients.NetworkClient - [Consumer clientId=consumer-auditoria-service-1, groupId=auditoria-service] Node -1 disconnected.
2026-09-19 18:51:23.734 INFO  service=auditoria-service correlationId= thread=org.springframework.kafka.KafkaListenerEndpointContainer#0-2-C-1 logger=o.apache.kafka.clients.NetworkClient - [Consumer clientId=consumer-auditoria-service-3, groupId=auditoria-service] Cancelled in-flight API_VERSIONS request with correlation id 4570 due to node -1 being disconnected (elapsed time since creation: 12ms, elapsed time since send: 12ms, throttle time: 0ms, request timeout: 30000ms)
2026-09-19 18:51:23.740 INFO  service=auditoria-service correlationId= thread=org.springframework.kafka.KafkaListenerEndpointContainer#0-0-C-1 logger=o.apache.kafka.clients.NetworkClient - [Consumer clientId=consumer-auditoria-service-1, groupId=auditoria-service] Cancelled in-flight API_VERSIONS request with correlation id 4571 due to node -1 being disconnected (elapsed time since creation: 17ms, elapsed time since send: 17ms, throttle time: 0ms, request timeout: 30000ms)
2026-09-19 18:51:23.742 WARN  service=auditoria-service correlationId= thread=org.springframework.kafka.KafkaListenerEndpointContainer#0-2-C-1 logger=o.apache.kafka.clients.NetworkClient - [Consumer clientId=consumer-auditoria-service-3, groupId=auditoria-service] Bootstrap broker localhost:9092 (id: -1 rack: null isFenced: false) disconnected
2026-09-19 18:51:23.742 WARN  service=auditoria-service correlationId= thread=org.springframework.kafka.KafkaListenerEndpointContainer#0-0-C-1 logger=o.apache.kafka.clients.NetworkClient - [Consumer clientId=consumer-auditoria-service-1, groupId=auditoria-service] Bootstrap broker localhost:9092 (id: -1 rack: null isFenced: false) disconnected
2026-09-19 18:51:23.751 INFO  service=auditoria-service correlationId= thread=org.springframework.kafka.KafkaListenerEndpointContainer#0-0-C-1 logger=org.apache.kafka.clients.Metadata - [Consumer clientId=consumer-auditoria-service-1, groupId=auditoria-service] Rebootstrapping with [localhost/127.0.0.1:9092]
2026-09-19 18:51:23.769 INFO  service=auditoria-service correlationId= thread=org.springframework.kafka.KafkaListenerEndpointContainer#0-1-C-1 logger=org.apache.kafka.clients.Metadata - [Consumer clientId=consumer-auditoria-service-2, groupId=auditoria-service] Rebootstrapping with [localhost/127.0.0.1:9092]
2026-09-19 18:51:23.774 INFO  service=auditoria-service correlationId= thread=org.springframework.kafka.KafkaListenerEndpointContainer#0-1-C-1 logger=o.apache.kafka.clients.NetworkClient - [Consumer clientId=consumer-auditoria-service-2, groupId=auditoria-service] Node -1 disconnected.
2026-09-19 18:51:23.775 INFO  service=auditoria-service correlationId= thread=org.springframework.kafka.KafkaListenerEndpointContainer#0-1-C-1 logger=o.apache.kafka.clients.NetworkClient - [Consumer clientId=consumer-auditoria-service-2, groupId=auditoria-service] Cancelled in-flight API_VERSIONS request with correlation id 4568 due to node -1 being disconnected (elapsed time since creation: 3ms, elapsed time since send: 3ms, throttle time: 0ms, request timeout: 30000ms)
2026-09-19 18:51:23.775 WARN  service=auditoria-service correlationId= thread=org.springframework.kafka.KafkaListenerEndpointContainer#0-1-C-1 logger=o.apache.kafka.clients.NetworkClient - [Consumer clientId=consumer-auditoria-service-2, groupId=auditoria-service] Bootstrap broker localhost:9092 (id: -1 rack: null isFenced: false) disconnected
2026-09-19 18:51:23.803 INFO  service=auditoria-service correlationId= thread=org.springframework.kafka.KafkaListenerEndpointContainer#0-0-C-1 logger=org.apache.kafka.clients.Metadata - [Consumer clientId=consumer-auditoria-service-1, groupId=auditoria-service] Rebootstrapping with [localhost/127.0.0.1:9092]
2026-09-19 18:51:23.923 INFO  service=auditoria-service correlationId= thread=org.springframework.kafka.KafkaListenerEndpointContainer#0-2-C-1 logger=org.apache.kafka.clients.Metadata - [Consumer clientId=consumer-auditoria-service-3, groupId=auditoria-service] Rebootstrapping with [localhost/127.0.0.1:9092]
2026-09-19 18:51:23.984 INFO  service=auditoria-service correlationId= thread=org.springframework.kafka.KafkaListenerEndpointContainer#0-2-C-1 logger=o.apache.kafka.clients.NetworkClient - [Consumer clientId=consumer-auditoria-service-3, groupId=auditoria-service] Node -1 disconnected.
2026-09-19 18:51:23.984 INFO  service=auditoria-service correlationId= thread=org.springframework.kafka.KafkaListenerEndpointContainer#0-2-C-1 logger=o.apache.kafka.clients.NetworkClient - [Consumer clientId=consumer-auditoria-service-3, groupId=auditoria-service] Cancelled in-flight API_VERSIONS request with correlation id 4572 due to node -1 being disconnected (elapsed time since creation: 8ms, elapsed time since send: 8ms, throttle time: 0ms, request timeout: 30000ms)
2026-09-19 18:51:23.985 WARN  service=auditoria-service correlationId= thread=org.springframework.kafka.KafkaListenerEndpointContainer#0-2-C-1 logger=o.apache.kafka.clients.NetworkClient - [Consumer clientId=consumer-auditoria-service-3, groupId=auditoria-service] Bootstrap broker localhost:9092 (id: -1 rack: null isFenced: false) disconnected
2026-09-19 18:51:24.188 INFO  service=auditoria-service correlationId= thread=org.springframework.kafka.KafkaListenerEndpointContainer#0-1-C-1 logger=o.apache.kafka.clients.NetworkClient - [Consumer clientId=consumer-auditoria-service-2, groupId=auditoria-service] Node -1 disconnected.
2026-09-19 18:51:24.188 INFO  service=auditoria-service correlationId= thread=org.springframework.kafka.KafkaListenerEndpointContainer#0-1-C-1 logger=o.apache.kafka.clients.NetworkClient - [Consumer clientId=consumer-auditoria-service-2, groupId=auditoria-service] Cancelled in-flight API_VERSIONS request with correlation id 4570 due to node -1 being disconnected (elapsed time since creation: 2ms, elapsed time since send: 2ms, throttle time: 0ms, request timeout: 30000ms)
2026-09-19 18:51:24.189 WARN  service=auditoria-service correlationId= thread=org.springframework.kafka.KafkaListenerEndpointContainer#0-1-C-1 logger=o.apache.kafka.clients.NetworkClient - [Consumer clientId=consumer-auditoria-service-2, groupId=auditoria-service] Bootstrap broker localhost:9092 (id: -1 rack: null isFenced: false) disconnected
2026-09-19 18:51:24.218 INFO  service=auditoria-service correlationId= thread=org.springframework.kafka.KafkaListenerEndpointContainer#0-0-C-1 logger=o.apache.kafka.clients.NetworkClient - [Consumer clientId=consumer-auditoria-service-1, groupId=auditoria-service] Node -1 disconnected.
2026-09-19 18:51:24.219 INFO  service=auditoria-service correlationId= thread=org.springframework.kafka.KafkaListenerEndpointContainer#0-0-C-1 logger=o.apache.kafka.clients.NetworkClient - [Consumer clientId=consumer-auditoria-service-1, groupId=auditoria-service] Cancelled in-flight API_VERSIONS request with correlation id 4572 due to node -1 being disconnected (elapsed time since creation: 1ms, elapsed time since send: 1ms, throttle time: 0ms, request timeout: 30000ms)
2026-09-19 18:51:24.219 WARN  service=auditoria-service correlationId= thread=org.springframework.kafka.KafkaListenerEndpointContainer#0-0-C-1 logger=o.apache.kafka.clients.NetworkClient - [Consumer clientId=consumer-auditoria-service-1, groupId=auditoria-service] Bootstrap broker localhost:9092 (id: -1 rack: null isFenced: false) disconnected
2026-09-19 18:51:24.367 INFO  service=auditoria-service correlationId= thread=org.springframework.kafka.KafkaListenerEndpointContainer#0-2-C-1 logger=o.apache.kafka.clients.NetworkClient - [Consumer clientId=consumer-auditoria-service-3, groupId=auditoria-service] Node -1 disconnected.
2026-09-19 18:51:24.367 INFO  service=auditoria-service correlationId= thread=org.springframework.kafka.KafkaListenerEndpointContainer#0-2-C-1 logger=o.apache.kafka.clients.NetworkClient - [Consumer clientId=consumer-auditoria-service-3, groupId=auditoria-service] Cancelled in-flight API_VERSIONS request with correlation id 4573 due to node -1 being disconnected (elapsed time since creation: 3ms, elapsed time since send: 3ms, throttle time: 0ms, request timeout: 30000ms)
2026-09-19 18:51:24.367 WARN  service=auditoria-service correlationId= thread=org.springframework.kafka.KafkaListenerEndpointContainer#0-2-C-1 logger=o.apache.kafka.clients.NetworkClient - [Consumer clientId=consumer-auditoria-service-3, groupId=auditoria-service] Bootstrap broker localhost:9092 (id: -1 rack: null isFenced: false) disconnected
2026-09-19 18:51:24.699 INFO  service=auditoria-service correlationId= thread=org.springframework.kafka.KafkaListenerEndpointContainer#0-0-C-1 logger=o.apache.kafka.clients.NetworkClient - [Consumer clientId=consumer-auditoria-service-1, groupId=auditoria-service] Node -1 disconnected.
2026-09-19 18:51:24.699 WARN  service=auditoria-service correlationId= thread=org.springframework.kafka.KafkaListenerEndpointContainer#0-0-C-1 logger=o.apache.kafka.clients.NetworkClient - [Consumer clientId=consumer-auditoria-service-1, groupId=auditoria-service] Connection to node -1 (localhost/127.0.0.1:9092) could not be established. Node may not be available.
2026-09-19 18:51:24.699 WARN  service=auditoria-service correlationId= thread=org.springframework.kafka.KafkaListenerEndpointContainer#0-0-C-1 logger=o.apache.kafka.clients.NetworkClient - [Consumer clientId=consumer-auditoria-service-1, groupId=auditoria-service] Bootstrap broker localhost:9092 (id: -1 rack: null isFenced: false) disconnected
2026-09-19 18:51:24.993 INFO  service=auditoria-service correlationId= thread=org.springframework.kafka.KafkaListenerEndpointContainer#0-1-C-1 logger=o.apache.kafka.clients.NetworkClient - [Consumer clientId=consumer-auditoria-service-2, groupId=auditoria-service] Node -1 disconnected.
2026-09-19 18:51:24.993 WARN  service=auditoria-service correlationId= thread=org.springframework.kafka.KafkaListenerEndpointContainer#0-1-C-1 logger=o.apache.kafka.clients.NetworkClient - [Consumer clientId=consumer-auditoria-service-2, groupId=auditoria-service] Connection to node -1 (localhost/127.0.0.1:9092) could not be established. Node may not be available.
2026-09-19 18:51:24.993 WARN  service=auditoria-service correlationId= thread=org.springframework.kafka.KafkaListenerEndpointContainer#0-1-C-1 logger=o.apache.kafka.clients.NetworkClient - [Consumer clientId=consumer-auditoria-service-2, groupId=auditoria-service] Bootstrap broker localhost:9092 (id: -1 rack: null isFenced: false) disconnected
2026-09-19 18:51:25.070 INFO  service=auditoria-service correlationId= thread=org.springframework.kafka.KafkaListenerEndpointContainer#0-2-C-1 logger=org.apache.kafka.clients.Metadata - [Consumer clientId=consumer-auditoria-service-3, groupId=auditoria-service] Rebootstrapping with [localhost/127.0.0.1:9092]
2026-09-19 18:51:25.095 INFO  service=auditoria-service correlationId= thread=org.springframework.kafka.KafkaListenerEndpointContainer#0-1-C-1 logger=org.apache.kafka.clients.Metadata - [Consumer clientId=consumer-auditoria-service-2, groupId=auditoria-service] Rebootstrapping with [localhost/127.0.0.1:9092]
2026-09-19 18:51:25.148 INFO  service=auditoria-service correlationId= thread=org.springframework.kafka.KafkaListenerEndpointContainer#0-1-C-1 logger=org.apache.kafka.clients.Metadata - [Consumer clientId=consumer-auditoria-service-2, groupId=auditoria-service] Rebootstrapping with [localhost/127.0.0.1:9092]
2026-09-19 18:51:25.503 INFO  service=auditoria-service correlationId= thread=org.springframework.kafka.KafkaListenerEndpointContainer#0-0-C-1 logger=org.apache.kafka.clients.Metadata - [Consumer clientId=consumer-auditoria-service-1, groupId=auditoria-service] Rebootstrapping with [localhost/127.0.0.1:9092]
2026-09-19 18:51:25.612 INFO  service=auditoria-service correlationId= thread=org.springframework.kafka.KafkaListenerEndpointContainer#0-1-C-1 logger=o.apache.kafka.clients.NetworkClient - [Consumer clientId=consumer-auditoria-service-2, groupId=auditoria-service] Node -1 disconnected.
2026-09-19 18:51:25.612 WARN  service=auditoria-service correlationId= thread=org.springframework.kafka.KafkaListenerEndpointContainer#0-1-C-1 logger=o.apache.kafka.clients.NetworkClient - [Consumer clientId=consumer-auditoria-service-2, groupId=auditoria-service] Connection to node -1 (localhost/127.0.0.1:9092) could not be established. Node may not be available.
2026-09-19 18:51:25.613 WARN  service=auditoria-service correlationId= thread=org.springframework.kafka.KafkaListenerEndpointContainer#0-1-C-1 logger=o.apache.kafka.clients.NetworkClient - [Consumer clientId=consumer-auditoria-service-2, groupId=auditoria-service] Bootstrap broker localhost:9092 (id: -1 rack: null isFenced: false) disconnected
2026-09-19 18:51:25.988 INFO  service=auditoria-service correlationId= thread=org.springframework.kafka.KafkaListenerEndpointContainer#0-2-C-1 logger=o.apache.kafka.clients.NetworkClient - [Consumer clientId=consumer-auditoria-service-3, groupId=auditoria-service] Node -1 disconnected.
2026-09-19 18:51:25.988 WARN  service=auditoria-service correlationId= thread=org.springframework.kafka.KafkaListenerEndpointContainer#0-2-C-1 logger=o.apache.kafka.clients.NetworkClient - [Consumer clientId=consumer-auditoria-service-3, groupId=auditoria-service] Connection to node -1 (localhost/127.0.0.1:9092) could not be established. Node may not be available.
2026-09-19 18:51:25.988 WARN  service=auditoria-service correlationId= thread=org.springframework.kafka.KafkaListenerEndpointContainer#0-2-C-1 logger=o.apache.kafka.clients.NetworkClient - [Consumer clientId=consumer-auditoria-service-3, groupId=auditoria-service] Bootstrap broker localhost:9092 (id: -1 rack: null isFenced: false) disconnected
2026-09-19 18:51:26.408 INFO  service=auditoria-service correlationId= thread=org.springframework.kafka.KafkaListenerEndpointContainer#0-0-C-1 logger=o.apache.kafka.clients.NetworkClient - [Consumer clientId=consumer-auditoria-service-1, groupId=auditoria-service] Node -1 disconnected.
2026-09-19 18:51:26.409 WARN  service=auditoria-service correlationId= thread=org.springframework.kafka.KafkaListenerEndpointContainer#0-0-C-1 logger=o.apache.kafka.clients.NetworkClient - [Consumer clientId=consumer-auditoria-service-1, groupId=auditoria-service] Connection to node -1 (localhost/127.0.0.1:9092) could not be established. Node may not be available.
2026-09-19 18:51:26.409 WARN  service=auditoria-service correlationId= thread=org.springframework.kafka.KafkaListenerEndpointContainer#0-0-C-1 logger=o.apache.kafka.clients.NetworkClient - [Consumer clientId=consumer-auditoria-service-1, groupId=auditoria-service] Bootstrap broker localhost:9092 (id: -1 rack: null isFenced: false) disconnected
2026-09-19 18:51:26.613 INFO  service=auditoria-service correlationId= thread=org.springframework.kafka.KafkaListenerEndpointContainer#0-1-C-1 logger=o.apache.kafka.clients.NetworkClient - [Consumer clientId=consumer-auditoria-service-2, groupId=auditoria-service] Node -1 disconnected.
2026-09-19 18:51:26.613 WARN  service=auditoria-service correlationId= thread=org.springframework.kafka.KafkaListenerEndpointContainer#0-1-C-1 logger=o.apache.kafka.clients.NetworkClient - [Consumer clientId=consumer-auditoria-service-2, groupId=auditoria-service] Connection to node -1 (localhost/127.0.0.1:9092) could not be established. Node may not be available.
2026-09-19 18:51:26.614 WARN  service=auditoria-service correlationId= thread=org.springframework.kafka.KafkaListenerEndpointContainer#0-1-C-1 logger=o.apache.kafka.clients.NetworkClient - [Consumer clientId=consumer-auditoria-service-2, groupId=auditoria-service] Bootstrap broker localhost:9092 (id: -1 rack: null isFenced: false) disconnected
2026-09-19 18:51:26.964 INFO  service=auditoria-service correlationId= thread=org.springframework.kafka.KafkaListenerEndpointContainer#0-2-C-1 logger=org.apache.kafka.clients.Metadata - [Consumer clientId=consumer-auditoria-service-3, groupId=auditoria-service] Rebootstrapping with [localhost/127.0.0.1:9092]
2026-09-19 18:51:27.015 INFO  service=auditoria-service correlationId= thread=org.springframework.kafka.KafkaListenerEndpointContainer#0-2-C-1 logger=o.apache.kafka.clients.NetworkClient - [Consumer clientId=consumer-auditoria-service-3, groupId=auditoria-service] Node -1 disconnected.
2026-09-19 18:51:27.016 WARN  service=auditoria-service correlationId= thread=org.springframework.kafka.KafkaListenerEndpointContainer#0-2-C-1 logger=o.apache.kafka.clients.NetworkClient - [Consumer clientId=consumer-auditoria-service-3, groupId=auditoria-service] Connection to node -1 (localhost/127.0.0.1:9092) could not be established. Node may not be available.
2026-09-19 18:51:27.016 WARN  service=auditoria-service correlationId= thread=org.springframework.kafka.KafkaListenerEndpointContainer#0-2-C-1 logger=o.apache.kafka.clients.NetworkClient - [Consumer clientId=consumer-auditoria-service-3, groupId=auditoria-service] Bootstrap broker localhost:9092 (id: -1 rack: null isFenced: false) disconnected
2026-09-19 18:51:27.093 INFO  service=auditoria-service correlationId= thread=org.springframework.kafka.KafkaListenerEndpointContainer#0-1-C-1 logger=o.apache.kafka.clients.NetworkClient - [Consumer clientId=consumer-auditoria-service-2, groupId=auditoria-service] Node 1 disconnected.
2026-09-19 18:51:27.093 WARN  service=auditoria-service correlationId= thread=org.springframework.kafka.KafkaListenerEndpointContainer#0-1-C-1 logger=o.apache.kafka.clients.NetworkClient - [Consumer clientId=consumer-auditoria-service-2, groupId=auditoria-service] Connection to node 1 (localhost/127.0.0.1:9092) could not be established. Node may not be available.
2026-09-19 18:51:27.094 INFO  service=auditoria-service correlationId= thread=org.springframework.kafka.KafkaListenerEndpointContainer#0-1-C-1 logger=o.a.k.clients.FetchSessionHandler - [Consumer clientId=consumer-auditoria-service-2, groupId=auditoria-service] Error sending fetch request (sessionId=419391699, epoch=INITIAL) to node 1:
org.apache.kafka.common.errors.DisconnectException
2026-09-19 18:51:27.110 INFO  service=auditoria-service correlationId= thread=org.springframework.kafka.KafkaListenerEndpointContainer#0-0-C-1 logger=o.apache.kafka.clients.NetworkClient - [Consumer clientId=consumer-auditoria-service-1, groupId=auditoria-service] Node 1 disconnected.
2026-09-19 18:51:27.110 WARN  service=auditoria-service correlationId= thread=org.springframework.kafka.KafkaListenerEndpointContainer#0-0-C-1 logger=o.apache.kafka.clients.NetworkClient - [Consumer clientId=consumer-auditoria-service-1, groupId=auditoria-service] Connection to node 1 (localhost/127.0.0.1:9092) could not be established. Node may not be available.
2026-09-19 18:51:27.111 INFO  service=auditoria-service correlationId= thread=org.springframework.kafka.KafkaListenerEndpointContainer#0-0-C-1 logger=o.a.k.clients.FetchSessionHandler - [Consumer clientId=consumer-auditoria-service-1, groupId=auditoria-service] Error sending fetch request (sessionId=241586075, epoch=INITIAL) to node 1:
org.apache.kafka.common.errors.DisconnectException
2026-09-19 18:51:27.117 INFO  service=auditoria-service correlationId= thread=org.springframework.kafka.KafkaListenerEndpointContainer#0-2-C-1 logger=o.apache.kafka.clients.NetworkClient - [Consumer clientId=consumer-auditoria-service-3, groupId=auditoria-service] Node 1 disconnected.
2026-09-19 18:51:27.117 WARN  service=auditoria-service correlationId= thread=org.springframework.kafka.KafkaListenerEndpointContainer#0-2-C-1 logger=o.apache.kafka.clients.NetworkClient - [Consumer clientId=consumer-auditoria-service-3, groupId=auditoria-service] Connection to node 1 (localhost/127.0.0.1:9092) could not be established. Node may not be available.
2026-09-19 18:51:27.117 INFO  service=auditoria-service correlationId= thread=org.springframework.kafka.KafkaListenerEndpointContainer#0-2-C-1 logger=o.a.k.clients.FetchSessionHandler - [Consumer clientId=consumer-auditoria-service-3, groupId=auditoria-service] Error sending fetch request (sessionId=589185857, epoch=INITIAL) to node 1:
org.apache.kafka.common.errors.DisconnectException
2026-09-19 18:51:27.409 INFO  service=auditoria-service correlationId= thread=org.springframework.kafka.KafkaListenerEndpointContainer#0-0-C-1 logger=o.apache.kafka.clients.NetworkClient - [Consumer clientId=consumer-auditoria-service-1, groupId=auditoria-service] Node -1 disconnected.
2026-09-19 18:51:27.409 WARN  service=auditoria-service correlationId= thread=org.springframework.kafka.KafkaListenerEndpointContainer#0-0-C-1 logger=o.apache.kafka.clients.NetworkClient - [Consumer clientId=consumer-auditoria-service-1, groupId=auditoria-service] Connection to node -1 (localhost/127.0.0.1:9092) could not be established. Node may not be available.
2026-09-19 18:51:27.409 WARN  service=auditoria-service correlationId= thread=org.springframework.kafka.KafkaListenerEndpointContainer#0-0-C-1 logger=o.apache.kafka.clients.NetworkClient - [Consumer clientId=consumer-auditoria-service-1, groupId=auditoria-service] Bootstrap broker localhost:9092 (id: -1 rack: null isFenced: false) disconnected
2026-09-19 18:51:27.614 INFO  service=auditoria-service correlationId= thread=org.springframework.kafka.KafkaListenerEndpointContainer#0-1-C-1 logger=o.apache.kafka.clients.NetworkClient - [Consumer clientId=consumer-auditoria-service-2, groupId=auditoria-service] Node -1 disconnected.
2026-09-19 18:51:27.615 WARN  service=auditoria-service correlationId= thread=org.springframework.kafka.KafkaListenerEndpointContainer#0-1-C-1 logger=o.apache.kafka.clients.NetworkClient - [Consumer clientId=consumer-auditoria-service-2, groupId=auditoria-service] Connection to node -1 (localhost/127.0.0.1:9092) could not be established. Node may not be available.
2026-09-19 18:51:27.615 WARN  service=auditoria-service correlationId= thread=org.springframework.kafka.KafkaListenerEndpointContainer#0-1-C-1 logger=o.apache.kafka.clients.NetworkClient - [Consumer clientId=consumer-auditoria-service-2, groupId=auditoria-service] Bootstrap broker localhost:9092 (id: -1 rack: null isFenced: false) disconnected
2026-09-19 18:51:27.877 WARN  service=auditoria-service correlationId= thread=HikariPool-1:housekeeper logger=com.zaxxer.hikari.pool.PoolBase - HikariPool-1 - Failed to validate connection org.postgresql.jdbc.PgConnection@2a874971 (This connection has been closed.). Possibly consider using a shorter maxLifetime value.
2026-09-19 18:51:28.016 INFO  service=auditoria-service correlationId= thread=org.springframework.kafka.KafkaListenerEndpointContainer#0-2-C-1 logger=o.apache.kafka.clients.NetworkClient - [Consumer clientId=consumer-auditoria-service-3, groupId=auditoria-service] Node -1 disconnected.
2026-09-19 18:51:28.016 WARN  service=auditoria-service correlationId= thread=org.springframework.kafka.KafkaListenerEndpointContainer#0-2-C-1 logger=o.apache.kafka.clients.NetworkClient - [Consumer clientId=consumer-auditoria-service-3, groupId=auditoria-service] Connection to node -1 (localhost/127.0.0.1:9092) could not be established. Node may not be available.
2026-09-19 18:51:28.016 WARN  service=auditoria-service correlationId= thread=org.springframework.kafka.KafkaListenerEndpointContainer#0-2-C-1 logger=o.apache.kafka.clients.NetworkClient - [Consumer clientId=consumer-auditoria-service-3, groupId=auditoria-service] Bootstrap broker localhost:9092 (id: -1 rack: null isFenced: false) disconnected
2026-09-19 18:51:28.301 INFO  service=auditoria-service correlationId= thread=org.springframework.kafka.KafkaListenerEndpointContainer#0-0-C-1 logger=org.apache.kafka.clients.Metadata - [Consumer clientId=consumer-auditoria-service-1, groupId=auditoria-service] Rebootstrapping with [localhost/127.0.0.1:9092]
2026-09-19 18:51:28.538 INFO  service=auditoria-service correlationId= thread=org.springframework.kafka.KafkaListenerEndpointContainer#0-1-C-1 logger=o.apache.kafka.clients.NetworkClient - [Consumer clientId=consumer-auditoria-service-2, groupId=auditoria-service] Node -1 disconnected.
2026-09-19 18:51:28.539 WARN  service=auditoria-service correlationId= thread=org.springframework.kafka.KafkaListenerEndpointContainer#0-1-C-1 logger=o.apache.kafka.clients.NetworkClient - [Consumer clientId=consumer-auditoria-service-2, groupId=auditoria-service] Connection to node -1 (localhost/127.0.0.1:9092) could not be established. Node may not be available.
2026-09-19 18:51:28.539 WARN  service=auditoria-service correlationId= thread=org.springframework.kafka.KafkaListenerEndpointContainer#0-1-C-1 logger=o.apache.kafka.clients.NetworkClient - [Consumer clientId=consumer-auditoria-service-2, groupId=auditoria-service] Bootstrap broker localhost:9092 (id: -1 rack: null isFenced: false) disconnected
2026-09-19 18:51:28.539 INFO  service=auditoria-service correlationId= thread=org.springframework.kafka.KafkaListenerEndpointContainer#0-1-C-1 logger=org.apache.kafka.clients.Metadata - [Consumer clientId=consumer-auditoria-service-2, groupId=auditoria-service] Rebootstrapping with [localhost/127.0.0.1:9092]
2026-09-19 18:51:28.552 INFO  service=auditoria-service correlationId= thread=org.springframework.kafka.KafkaListenerEndpointContainer#0-0-C-1 logger=o.apache.kafka.clients.NetworkClient - [Consumer clientId=consumer-auditoria-service-1, groupId=auditoria-service] Node -1 disconnected.
2026-09-19 18:51:28.552 WARN  service=auditoria-service correlationId= thread=org.springframework.kafka.KafkaListenerEndpointContainer#0-0-C-1 logger=o.apache.kafka.clients.NetworkClient - [Consumer clientId=consumer-auditoria-service-1, groupId=auditoria-service] Connection to node -1 (localhost/127.0.0.1:9092) could not be established. Node may not be available.
2026-09-19 18:51:28.552 WARN  service=auditoria-service correlationId= thread=org.springframework.kafka.KafkaListenerEndpointContainer#0-0-C-1 logger=o.apache.kafka.clients.NetworkClient - [Consumer clientId=consumer-auditoria-service-1, groupId=auditoria-service] Bootstrap broker localhost:9092 (id: -1 rack: null isFenced: false) disconnected
2026-09-19 18:51:28.758 INFO  service=auditoria-service correlationId= thread=org.springframework.kafka.KafkaListenerEndpointContainer#0-1-C-1 logger=org.apache.kafka.clients.Metadata - [Consumer clientId=consumer-auditoria-service-2, groupId=auditoria-service] Rebootstrapping with [localhost/127.0.0.1:9092]
2026-09-19 18:51:28.808 INFO  service=auditoria-service correlationId= thread=org.springframework.kafka.KafkaListenerEndpointContainer#0-1-C-1 logger=org.apache.kafka.clients.Metadata - [Consumer clientId=consumer-auditoria-service-2, groupId=auditoria-service] Rebootstrapping with [localhost/127.0.0.1:9092]
2026-09-19 18:51:28.919 INFO  service=auditoria-service correlationId= thread=org.springframework.kafka.KafkaListenerEndpointContainer#0-2-C-1 logger=org.apache.kafka.clients.Metadata - [Consumer clientId=consumer-auditoria-service-3, groupId=auditoria-service] Rebootstrapping with [localhost/127.0.0.1:9092]
2026-09-19 18:51:28.970 INFO  service=auditoria-service correlationId= thread=org.springframework.kafka.KafkaListenerEndpointContainer#0-2-C-1 logger=o.apache.kafka.clients.NetworkClient - [Consumer clientId=consumer-auditoria-service-3, groupId=auditoria-service] Node -1 disconnected.
2026-09-19 18:51:28.970 WARN  service=auditoria-service correlationId= thread=org.springframework.kafka.KafkaListenerEndpointContainer#0-2-C-1 logger=o.apache.kafka.clients.NetworkClient - [Consumer clientId=consumer-auditoria-service-3, groupId=auditoria-service] Connection to node -1 (localhost/127.0.0.1:9092) could not be established. Node may not be available.
2026-09-19 18:51:28.970 WARN  service=auditoria-service correlationId= thread=org.springframework.kafka.KafkaListenerEndpointContainer#0-2-C-1 logger=o.apache.kafka.clients.NetworkClient - [Consumer clientId=consumer-auditoria-service-3, groupId=auditoria-service] Bootstrap broker localhost:9092 (id: -1 rack: null isFenced: false) disconnected
2026-09-19 18:51:29.133 INFO  service=auditoria-service correlationId= thread=org.springframework.kafka.KafkaListenerEndpointContainer#0-1-C-1 logger=org.apache.kafka.clients.Metadata - [Consumer clientId=consumer-auditoria-service-2, groupId=auditoria-service] Rebootstrapping with [localhost/127.0.0.1:9092]
2026-09-19 18:51:29.184 INFO  service=auditoria-service correlationId= thread=org.springframework.kafka.KafkaListenerEndpointContainer#0-1-C-1 logger=org.apache.kafka.clients.Metadata - [Consumer clientId=consumer-auditoria-service-2, groupId=auditoria-service] Rebootstrapping with [localhost/127.0.0.1:9092]
2026-09-19 18:51:29.455 INFO  service=auditoria-service correlationId= thread=org.springframework.kafka.KafkaListenerEndpointContainer#0-0-C-1 logger=o.apache.kafka.clients.NetworkClient - [Consumer clientId=consumer-auditoria-service-1, groupId=auditoria-service] Node -1 disconnected.
2026-09-19 18:51:29.456 WARN  service=auditoria-service correlationId= thread=org.springframework.kafka.KafkaListenerEndpointContainer#0-0-C-1 logger=o.apache.kafka.clients.NetworkClient - [Consumer clientId=consumer-auditoria-service-1, groupId=auditoria-service] Connection to node -1 (localhost/127.0.0.1:9092) could not be established. Node may not be available.
2026-09-19 18:51:29.456 WARN  service=auditoria-service correlationId= thread=org.springframework.kafka.KafkaListenerEndpointContainer#0-0-C-1 logger=o.apache.kafka.clients.NetworkClient - [Consumer clientId=consumer-auditoria-service-1, groupId=auditoria-service] Bootstrap broker localhost:9092 (id: -1 rack: null isFenced: false) disconnected
2026-09-19 18:51:29.456 INFO  service=auditoria-service correlationId= thread=org.springframework.kafka.KafkaListenerEndpointContainer#0-0-C-1 logger=org.apache.kafka.clients.Metadata - [Consumer clientId=consumer-auditoria-service-1, groupId=auditoria-service] Rebootstrapping with [localhost/127.0.0.1:9092]
2026-09-19 18:51:29.838 INFO  service=auditoria-service correlationId= thread=org.springframework.kafka.KafkaListenerEndpointContainer#0-2-C-1 logger=org.apache.kafka.clients.Metadata - [Consumer clientId=consumer-auditoria-service-3, groupId=auditoria-service] Rebootstrapping with [localhost/127.0.0.1:9092]
2026-09-19 18:51:29.873 INFO  service=auditoria-service correlationId= thread=org.springframework.kafka.KafkaListenerEndpointContainer#0-0-C-1 logger=org.apache.kafka.clients.Metadata - [Consumer clientId=consumer-auditoria-service-1, groupId=auditoria-service] Rebootstrapping with [localhost/127.0.0.1:9092]
2026-09-19 18:51:29.889 INFO  service=auditoria-service correlationId= thread=org.springframework.kafka.KafkaListenerEndpointContainer#0-2-C-1 logger=o.apache.kafka.clients.NetworkClient - [Consumer clientId=consumer-auditoria-service-3, groupId=auditoria-service] Node -1 disconnected.
2026-09-19 18:51:29.890 WARN  service=auditoria-service correlationId= thread=org.springframework.kafka.KafkaListenerEndpointContainer#0-2-C-1 logger=o.apache.kafka.clients.NetworkClient - [Consumer clientId=consumer-auditoria-service-3, groupId=auditoria-service] Connection to node -1 (localhost/127.0.0.1:9092) could not be established. Node may not be available.
2026-09-19 18:51:29.890 WARN  service=auditoria-service correlationId= thread=org.springframework.kafka.KafkaListenerEndpointContainer#0-2-C-1 logger=o.apache.kafka.clients.NetworkClient - [Consumer clientId=consumer-auditoria-service-3, groupId=auditoria-service] Bootstrap broker localhost:9092 (id: -1 rack: null isFenced: false) disconnected
2026-09-19 18:51:29.923 INFO  service=auditoria-service correlationId= thread=org.springframework.kafka.KafkaListenerEndpointContainer#0-0-C-1 logger=org.apache.kafka.clients.Metadata - [Consumer clientId=consumer-auditoria-service-1, groupId=auditoria-service] Rebootstrapping with [localhost/127.0.0.1:9092]
2026-09-19 18:51:29.995 INFO  service=auditoria-service correlationId= thread=org.springframework.kafka.KafkaListenerEndpointContainer#0-1-C-1 logger=o.apache.kafka.clients.NetworkClient - [Consumer clientId=consumer-auditoria-service-2, groupId=auditoria-service] Node -1 disconnected.
2026-09-19 18:51:29.996 WARN  service=auditoria-service correlationId= thread=org.springframework.kafka.KafkaListenerEndpointContainer#0-1-C-1 logger=o.apache.kafka.clients.NetworkClient - [Consumer clientId=consumer-auditoria-service-2, groupId=auditoria-service] Connection to node -1 (localhost/127.0.0.1:9092) could not be established. Node may not be available.
2026-09-19 18:51:29.996 WARN  service=auditoria-service correlationId= thread=org.springframework.kafka.KafkaListenerEndpointContainer#0-1-C-1 logger=o.apache.kafka.clients.NetworkClient - [Consumer clientId=consumer-auditoria-service-2, groupId=auditoria-service] Bootstrap broker localhost:9092 (id: -1 rack: null isFenced: false) disconnected
2026-09-19 18:51:30.761 INFO  service=auditoria-service correlationId= thread=org.springframework.kafka.KafkaListenerEndpointContainer#0-2-C-1 logger=org.apache.kafka.clients.Metadata - [Consumer clientId=consumer-auditoria-service-3, groupId=auditoria-service] Rebootstrapping with [localhost/127.0.0.1:9092]
2026-09-19 18:51:30.811 INFO  service=auditoria-service correlationId= thread=org.springframework.kafka.KafkaListenerEndpointContainer#0-2-C-1 logger=o.apache.kafka.clients.NetworkClient - [Consumer clientId=consumer-auditoria-service-3, groupId=auditoria-service] Node -1 disconnected.
2026-09-19 18:51:30.812 WARN  service=auditoria-service correlationId= thread=org.springframework.kafka.KafkaListenerEndpointContainer#0-2-C-1 logger=o.apache.kafka.clients.NetworkClient - [Consumer clientId=consumer-auditoria-service-3, groupId=auditoria-service] Connection to node -1 (localhost/127.0.0.1:9092) could not be established. Node may not be available.
2026-09-19 18:51:30.812 WARN  service=auditoria-service correlationId= thread=org.springframework.kafka.KafkaListenerEndpointContainer#0-2-C-1 logger=o.apache.kafka.clients.NetworkClient - [Consumer clientId=consumer-auditoria-service-3, groupId=auditoria-service] Bootstrap broker localhost:9092 (id: -1 rack: null isFenced: false) disconnected
2026-09-19 18:51:30.835 INFO  service=auditoria-service correlationId= thread=org.springframework.kafka.KafkaListenerEndpointContainer#0-0-C-1 logger=o.apache.kafka.clients.NetworkClient - [Consumer clientId=consumer-auditoria-service-1, groupId=auditoria-service] Node -1 disconnected.
2026-09-19 18:51:30.836 WARN  service=auditoria-service correlationId= thread=org.springframework.kafka.KafkaListenerEndpointContainer#0-0-C-1 logger=o.apache.kafka.clients.NetworkClient - [Consumer clientId=consumer-auditoria-service-1, groupId=auditoria-service] Connection to node -1 (localhost/127.0.0.1:9092) could not be established. Node may not be available.
2026-09-19 18:51:30.836 WARN  service=auditoria-service correlationId= thread=org.springframework.kafka.KafkaListenerEndpointContainer#0-0-C-1 logger=o.apache.kafka.clients.NetworkClient - [Consumer clientId=consumer-auditoria-service-1, groupId=auditoria-service] Bootstrap broker localhost:9092 (id: -1 rack: null isFenced: false) disconnected
2026-09-19 18:51:30.996 INFO  service=auditoria-service correlationId= thread=org.springframework.kafka.KafkaListenerEndpointContainer#0-1-C-1 logger=o.apache.kafka.clients.NetworkClient - [Consumer clientId=consumer-auditoria-service-2, groupId=auditoria-service] Node -1 disconnected.
2026-09-19 18:51:30.996 WARN  service=auditoria-service correlationId= thread=org.springframework.kafka.KafkaListenerEndpointContainer#0-1-C-1 logger=o.apache.kafka.clients.NetworkClient - [Consumer clientId=consumer-auditoria-service-2, groupId=auditoria-service] Connection to node -1 (localhost/127.0.0.1:9092) could not be established. Node may not be available.
2026-09-19 18:51:30.996 WARN  service=auditoria-service correlationId= thread=org.springframework.kafka.KafkaListenerEndpointContainer#0-1-C-1 logger=o.apache.kafka.clients.NetworkClient - [Consumer clientId=consumer-auditoria-service-2, groupId=auditoria-service] Bootstrap broker localhost:9092 (id: -1 rack: null isFenced: false) disconnected
2026-09-19 18:51:31.811 INFO  service=auditoria-service correlationId= thread=org.springframework.kafka.KafkaListenerEndpointContainer#0-2-C-1 logger=o.apache.kafka.clients.NetworkClient - [Consumer clientId=consumer-auditoria-service-3, groupId=auditoria-service] Node -1 disconnected.
2026-09-19 18:51:31.812 WARN  service=auditoria-service correlationId= thread=org.springframework.kafka.KafkaListenerEndpointContainer#0-2-C-1 logger=o.apache.kafka.clients.NetworkClient - [Consumer clientId=consumer-auditoria-service-3, groupId=auditoria-service] Connection to node -1 (localhost/127.0.0.1:9092) could not be established. Node may not be available.
2026-09-19 18:51:31.812 WARN  service=auditoria-service correlationId= thread=org.springframework.kafka.KafkaListenerEndpointContainer#0-2-C-1 logger=o.apache.kafka.clients.NetworkClient - [Consumer clientId=consumer-auditoria-service-3, groupId=auditoria-service] Bootstrap broker localhost:9092 (id: -1 rack: null isFenced: false) disconnected
2026-09-19 18:51:31.836 INFO  service=auditoria-service correlationId= thread=org.springframework.kafka.KafkaListenerEndpointContainer#0-0-C-1 logger=o.apache.kafka.clients.NetworkClient - [Consumer clientId=consumer-auditoria-service-1, groupId=auditoria-service] Node -1 disconnected.
2026-09-19 18:51:31.836 WARN  service=auditoria-service correlationId= thread=org.springframework.kafka.KafkaListenerEndpointContainer#0-0-C-1 logger=o.apache.kafka.clients.NetworkClient - [Consumer clientId=consumer-auditoria-service-1, groupId=auditoria-service] Connection to node -1 (localhost/127.0.0.1:9092) could not be established. Node may not be available.
2026-09-19 18:51:31.836 WARN  service=auditoria-service correlationId= thread=org.springframework.kafka.KafkaListenerEndpointContainer#0-0-C-1 logger=o.apache.kafka.clients.NetworkClient - [Consumer clientId=consumer-auditoria-service-1, groupId=auditoria-service] Bootstrap broker localhost:9092 (id: -1 rack: null isFenced: false) disconnected
2026-09-19 18:51:31.899 INFO  service=auditoria-service correlationId= thread=org.springframework.kafka.KafkaListenerEndpointContainer#0-1-C-1 logger=org.apache.kafka.clients.Metadata - [Consumer clientId=consumer-auditoria-service-2, groupId=auditoria-service] Rebootstrapping with [localhost/127.0.0.1:9092]
2026-09-19 18:51:31.950 INFO  service=auditoria-service correlationId= thread=org.springframework.kafka.KafkaListenerEndpointContainer#0-1-C-1 logger=org.apache.kafka.clients.Metadata - [Consumer clientId=consumer-auditoria-service-2, groupId=auditoria-service] Rebootstrapping with [localhost/127.0.0.1:9092]
2026-09-19 18:51:32.094 INFO  service=auditoria-service correlationId= thread=org.springframework.kafka.KafkaListenerEndpointContainer#0-1-C-1 logger=o.apache.kafka.clients.NetworkClient - [Consumer clientId=consumer-auditoria-service-2, groupId=auditoria-service] Node -1 disconnected.
2026-09-19 18:51:32.095 WARN  service=auditoria-service correlationId= thread=org.springframework.kafka.KafkaListenerEndpointContainer#0-1-C-1 logger=o.apache.kafka.clients.NetworkClient - [Consumer clientId=consumer-auditoria-service-2, groupId=auditoria-service] Connection to node -1 (localhost/127.0.0.1:9092) could not be established. Node may not be available.
2026-09-19 18:51:32.095 WARN  service=auditoria-service correlationId= thread=org.springframework.kafka.KafkaListenerEndpointContainer#0-1-C-1 logger=o.apache.kafka.clients.NetworkClient - [Consumer clientId=consumer-auditoria-service-2, groupId=auditoria-service] Bootstrap broker localhost:9092 (id: -1 rack: null isFenced: false) disconnected
2026-09-19 18:51:32.096 INFO  service=auditoria-service correlationId= thread=org.springframework.kafka.KafkaListenerEndpointContainer#0-1-C-1 logger=o.apache.kafka.clients.NetworkClient - [Consumer clientId=consumer-auditoria-service-2, groupId=auditoria-service] Node 1 disconnected.
2026-09-19 18:51:32.096 WARN  service=auditoria-service correlationId= thread=org.springframework.kafka.KafkaListenerEndpointContainer#0-1-C-1 logger=o.apache.kafka.clients.NetworkClient - [Consumer clientId=consumer-auditoria-service-2, groupId=auditoria-service] Connection to node 1 (localhost/127.0.0.1:9092) could not be established. Node may not be available.
2026-09-19 18:51:32.096 INFO  service=auditoria-service correlationId= thread=org.springframework.kafka.KafkaListenerEndpointContainer#0-1-C-1 logger=o.a.k.clients.FetchSessionHandler - [Consumer clientId=consumer-auditoria-service-2, groupId=auditoria-service] Error sending fetch request (sessionId=419391699, epoch=INITIAL) to node 1:
org.apache.kafka.common.errors.DisconnectException
2026-09-19 18:51:32.111 INFO  service=auditoria-service correlationId= thread=org.springframework.kafka.KafkaListenerEndpointContainer#0-0-C-1 logger=o.apache.kafka.clients.NetworkClient - [Consumer clientId=consumer-auditoria-service-1, groupId=auditoria-service] Node 1 disconnected.
2026-09-19 18:51:32.112 WARN  service=auditoria-service correlationId= thread=org.springframework.kafka.KafkaListenerEndpointContainer#0-0-C-1 logger=o.apache.kafka.clients.NetworkClient - [Consumer clientId=consumer-auditoria-service-1, groupId=auditoria-service] Connection to node 1 (localhost/127.0.0.1:9092) could not be established. Node may not be available.
2026-09-19 18:51:32.112 INFO  service=auditoria-service correlationId= thread=org.springframework.kafka.KafkaListenerEndpointContainer#0-0-C-1 logger=o.a.k.clients.FetchSessionHandler - [Consumer clientId=consumer-auditoria-service-1, groupId=auditoria-service] Error sending fetch request (sessionId=241586075, epoch=INITIAL) to node 1:
org.apache.kafka.common.errors.DisconnectException
2026-09-19 18:51:32.118 INFO  service=auditoria-service correlationId= thread=org.springframework.kafka.KafkaListenerEndpointContainer#0-2-C-1 logger=o.apache.kafka.clients.NetworkClient - [Consumer clientId=consumer-auditoria-service-3, groupId=auditoria-service] Node 1 disconnected.
2026-09-19 18:51:32.119 WARN  service=auditoria-service correlationId= thread=org.springframework.kafka.KafkaListenerEndpointContainer#0-2-C-1 logger=o.apache.kafka.clients.NetworkClient - [Consumer clientId=consumer-auditoria-service-3, groupId=auditoria-service] Connection to node 1 (localhost/127.0.0.1:9092) could not be established. Node may not be available.
2026-09-19 18:51:32.119 INFO  service=auditoria-service correlationId= thread=org.springframework.kafka.KafkaListenerEndpointContainer#0-2-C-1 logger=o.a.k.clients.FetchSessionHandler - [Consumer clientId=consumer-auditoria-service-3, groupId=auditoria-service] Error sending fetch request (sessionId=589185857, epoch=INITIAL) to node 1:
org.apache.kafka.common.errors.DisconnectException
2026-09-19 18:51:32.812 INFO  service=auditoria-service correlationId= thread=org.springframework.kafka.KafkaListenerEndpointContainer#0-2-C-1 logger=o.apache.kafka.clients.NetworkClient - [Consumer clientId=consumer-auditoria-service-3, groupId=auditoria-service] Node -1 disconnected.
2026-09-19 18:51:32.812 WARN  service=auditoria-service correlationId= thread=org.springframework.kafka.KafkaListenerEndpointContainer#0-2-C-1 logger=o.apache.kafka.clients.NetworkClient - [Consumer clientId=consumer-auditoria-service-3, groupId=auditoria-service] Connection to node -1 (localhost/127.0.0.1:9092) could not be established. Node may not be available.
2026-09-19 18:51:32.812 WARN  service=auditoria-service correlationId= thread=org.springframework.kafka.KafkaListenerEndpointContainer#0-2-C-1 logger=o.apache.kafka.clients.NetworkClient - [Consumer clientId=consumer-auditoria-service-3, groupId=auditoria-service] Bootstrap broker localhost:9092 (id: -1 rack: null isFenced: false) disconnected
2026-09-19 18:51:32.837 INFO  service=auditoria-service correlationId= thread=org.springframework.kafka.KafkaListenerEndpointContainer#0-0-C-1 logger=o.apache.kafka.clients.NetworkClient - [Consumer clientId=consumer-auditoria-service-1, groupId=auditoria-service] Node -1 disconnected.
2026-09-19 18:51:32.837 WARN  service=auditoria-service correlationId= thread=org.springframework.kafka.KafkaListenerEndpointContainer#0-0-C-1 logger=o.apache.kafka.clients.NetworkClient - [Consumer clientId=consumer-auditoria-service-1, groupId=auditoria-service] Connection to node -1 (localhost/127.0.0.1:9092) could not be established. Node may not be available.
2026-09-19 18:51:32.837 WARN  service=auditoria-service correlationId= thread=org.springframework.kafka.KafkaListenerEndpointContainer#0-0-C-1 logger=o.apache.kafka.clients.NetworkClient - [Consumer clientId=consumer-auditoria-service-1, groupId=auditoria-service] Bootstrap broker localhost:9092 (id: -1 rack: null isFenced: false) disconnected
2026-09-19 18:51:33.095 INFO  service=auditoria-service correlationId= thread=org.springframework.kafka.KafkaListenerEndpointContainer#0-1-C-1 logger=o.apache.kafka.clients.NetworkClient - [Consumer clientId=consumer-auditoria-service-2, groupId=auditoria-service] Node -1 disconnected.
2026-09-19 18:51:33.095 WARN  service=auditoria-service correlationId= thread=org.springframework.kafka.KafkaListenerEndpointContainer#0-1-C-1 logger=o.apache.kafka.clients.NetworkClient - [Consumer clientId=consumer-auditoria-service-2, groupId=auditoria-service] Connection to node -1 (localhost/127.0.0.1:9092) could not be established. Node may not be available.
2026-09-19 18:51:33.095 WARN  service=auditoria-service correlationId= thread=org.springframework.kafka.KafkaListenerEndpointContainer#0-1-C-1 logger=o.apache.kafka.clients.NetworkClient - [Consumer clientId=consumer-auditoria-service-2, groupId=auditoria-service] Bootstrap broker localhost:9092 (id: -1 rack: null isFenced: false) disconnected
2026-09-19 18:51:33.813 INFO  service=auditoria-service correlationId= thread=org.springframework.kafka.KafkaListenerEndpointContainer#0-2-C-1 logger=o.apache.kafka.clients.NetworkClient - [Consumer clientId=consumer-auditoria-service-3, groupId=auditoria-service] Node -1 disconnected.
2026-09-19 18:51:33.813 WARN  service=auditoria-service correlationId= thread=org.springframework.kafka.KafkaListenerEndpointContainer#0-2-C-1 logger=o.apache.kafka.clients.NetworkClient - [Consumer clientId=consumer-auditoria-service-3, groupId=auditoria-service] Connection to node -1 (localhost/127.0.0.1:9092) could not be established. Node may not be available.
2026-09-19 18:51:33.813 WARN  service=auditoria-service correlationId= thread=org.springframework.kafka.KafkaListenerEndpointContainer#0-2-C-1 logger=o.apache.kafka.clients.NetworkClient - [Consumer clientId=consumer-auditoria-service-3, groupId=auditoria-service] Bootstrap broker localhost:9092 (id: -1 rack: null isFenced: false) disconnected
2026-09-19 18:51:33.820 INFO  service=auditoria-service correlationId= thread=org.springframework.kafka.KafkaListenerEndpointContainer#0-0-C-1 logger=o.apache.kafka.clients.NetworkClient - [Consumer clientId=consumer-auditoria-service-1, groupId=auditoria-service] Node -1 disconnected.
2026-09-19 18:51:33.820 WARN  service=auditoria-service correlationId= thread=org.springframework.kafka.KafkaListenerEndpointContainer#0-0-C-1 logger=o.apache.kafka.clients.NetworkClient - [Consumer clientId=consumer-auditoria-service-1, groupId=auditoria-service] Connection to node -1 (localhost/127.0.0.1:9092) could not be established. Node may not be available.
2026-09-19 18:51:33.820 WARN  service=auditoria-service correlationId= thread=org.springframework.kafka.KafkaListenerEndpointContainer#0-0-C-1 logger=o.apache.kafka.clients.NetworkClient - [Consumer clientId=consumer-auditoria-service-1, groupId=auditoria-service] Bootstrap broker localhost:9092 (id: -1 rack: null isFenced: false) disconnected
2026-09-19 18:51:34.096 INFO  service=auditoria-service correlationId= thread=org.springframework.kafka.KafkaListenerEndpointContainer#0-1-C-1 logger=o.apache.kafka.clients.NetworkClient - [Consumer clientId=consumer-auditoria-service-2, groupId=auditoria-service] Node -1 disconnected.
2026-09-19 18:51:34.096 WARN  service=auditoria-service correlationId= thread=org.springframework.kafka.KafkaListenerEndpointContainer#0-1-C-1 logger=o.apache.kafka.clients.NetworkClient - [Consumer clientId=consumer-auditoria-service-2, groupId=auditoria-service] Connection to node -1 (localhost/127.0.0.1:9092) could not be established. Node may not be available.
2026-09-19 18:51:34.096 WARN  service=auditoria-service correlationId= thread=org.springframework.kafka.KafkaListenerEndpointContainer#0-1-C-1 logger=o.apache.kafka.clients.NetworkClient - [Consumer clientId=consumer-auditoria-service-2, groupId=auditoria-service] Bootstrap broker localhost:9092 (id: -1 rack: null isFenced: false) disconnected
2026-09-19 18:51:34.717 INFO  service=auditoria-service correlationId= thread=org.springframework.kafka.KafkaListenerEndpointContainer#0-2-C-1 logger=org.apache.kafka.clients.Metadata - [Consumer clientId=consumer-auditoria-service-3, groupId=auditoria-service] Rebootstrapping with [localhost/127.0.0.1:9092]
2026-09-19 18:51:34.821 INFO  service=auditoria-service correlationId= thread=org.springframework.kafka.KafkaListenerEndpointContainer#0-0-C-1 logger=o.apache.kafka.clients.NetworkClient - [Consumer clientId=consumer-auditoria-service-1, groupId=auditoria-service] Node -1 disconnected.
2026-09-19 18:51:34.822 WARN  service=auditoria-service correlationId= thread=org.springframework.kafka.KafkaListenerEndpointContainer#0-0-C-1 logger=o.apache.kafka.clients.NetworkClient - [Consumer clientId=consumer-auditoria-service-1, groupId=auditoria-service] Connection to node -1 (localhost/127.0.0.1:9092) could not be established. Node may not be available.
2026-09-19 18:51:34.822 WARN  service=auditoria-service correlationId= thread=org.springframework.kafka.KafkaListenerEndpointContainer#0-0-C-1 logger=o.apache.kafka.clients.NetworkClient - [Consumer clientId=consumer-auditoria-service-1, groupId=auditoria-service] Bootstrap broker localhost:9092 (id: -1 rack: null isFenced: false) disconnected
2026-09-19 18:51:35.002 INFO  service=auditoria-service correlationId= thread=org.springframework.kafka.KafkaListenerEndpointContainer#0-2-C-1 logger=o.apache.kafka.clients.NetworkClient - [Consumer clientId=consumer-auditoria-service-3, groupId=auditoria-service] Node -1 disconnected.
2026-09-19 18:51:35.002 WARN  service=auditoria-service correlationId= thread=org.springframework.kafka.KafkaListenerEndpointContainer#0-2-C-1 logger=o.apache.kafka.clients.NetworkClient - [Consumer clientId=consumer-auditoria-service-3, groupId=auditoria-service] Connection to node -1 (localhost/127.0.0.1:9092) could not be established. Node may not be available.
2026-09-19 18:51:35.002 WARN  service=auditoria-service correlationId= thread=org.springframework.kafka.KafkaListenerEndpointContainer#0-2-C-1 logger=o.apache.kafka.clients.NetworkClient - [Consumer clientId=consumer-auditoria-service-3, groupId=auditoria-service] Bootstrap broker localhost:9092 (id: -1 rack: null isFenced: false) disconnected
2026-09-19 18:51:35.096 INFO  service=auditoria-service correlationId= thread=org.springframework.kafka.KafkaListenerEndpointContainer#0-1-C-1 logger=o.apache.kafka.clients.NetworkClient - [Consumer clientId=consumer-auditoria-service-2, groupId=auditoria-service] Node -1 disconnected.
2026-09-19 18:51:35.097 WARN  service=auditoria-service correlationId= thread=org.springframework.kafka.KafkaListenerEndpointContainer#0-1-C-1 logger=o.apache.kafka.clients.NetworkClient - [Consumer clientId=consumer-auditoria-service-2, groupId=auditoria-service] Connection to node -1 (localhost/127.0.0.1:9092) could not be established. Node may not be available.
2026-09-19 18:51:35.097 WARN  service=auditoria-service correlationId= thread=org.springframework.kafka.KafkaListenerEndpointContainer#0-1-C-1 logger=o.apache.kafka.clients.NetworkClient - [Consumer clientId=consumer-auditoria-service-2, groupId=auditoria-service] Bootstrap broker localhost:9092 (id: -1 rack: null isFenced: false) disconnected
2026-09-19 18:51:35.822 INFO  service=auditoria-service correlationId= thread=org.springframework.kafka.KafkaListenerEndpointContainer#0-0-C-1 logger=o.apache.kafka.clients.NetworkClient - [Consumer clientId=consumer-auditoria-service-1, groupId=auditoria-service] Node -1 disconnected.
2026-09-19 18:51:35.823 WARN  service=auditoria-service correlationId= thread=org.springframework.kafka.KafkaListenerEndpointContainer#0-0-C-1 logger=o.apache.kafka.clients.NetworkClient - [Consumer clientId=consumer-auditoria-service-1, groupId=auditoria-service] Connection to node -1 (localhost/127.0.0.1:9092) could not be established. Node may not be available.
2026-09-19 18:51:35.823 WARN  service=auditoria-service correlationId= thread=org.springframework.kafka.KafkaListenerEndpointContainer#0-0-C-1 logger=o.apache.kafka.clients.NetworkClient - [Consumer clientId=consumer-auditoria-service-1, groupId=auditoria-service] Bootstrap broker localhost:9092 (id: -1 rack: null isFenced: false) disconnected
2026-09-19 18:51:36.002 INFO  service=auditoria-service correlationId= thread=org.springframework.kafka.KafkaListenerEndpointContainer#0-2-C-1 logger=o.apache.kafka.clients.NetworkClient - [Consumer clientId=consumer-auditoria-service-3, groupId=auditoria-service] Node -1 disconnected.
2026-09-19 18:51:36.003 WARN  service=auditoria-service correlationId= thread=org.springframework.kafka.KafkaListenerEndpointContainer#0-2-C-1 logger=o.apache.kafka.clients.NetworkClient - [Consumer clientId=consumer-auditoria-service-3, groupId=auditoria-service] Connection to node -1 (localhost/127.0.0.1:9092) could not be established. Node may not be available.
2026-09-19 18:51:36.003 WARN  service=auditoria-service correlationId= thread=org.springframework.kafka.KafkaListenerEndpointContainer#0-2-C-1 logger=o.apache.kafka.clients.NetworkClient - [Consumer clientId=consumer-auditoria-service-3, groupId=auditoria-service] Bootstrap broker localhost:9092 (id: -1 rack: null isFenced: false) disconnected
2026-09-19 18:51:36.096 INFO  service=auditoria-service correlationId= thread=org.springframework.kafka.KafkaListenerEndpointContainer#0-1-C-1 logger=o.apache.kafka.clients.NetworkClient - [Consumer clientId=consumer-auditoria-service-2, groupId=auditoria-service] Node -1 disconnected.
2026-09-19 18:51:36.097 WARN  service=auditoria-service correlationId= thread=org.springframework.kafka.KafkaListenerEndpointContainer#0-1-C-1 logger=o.apache.kafka.clients.NetworkClient - [Consumer clientId=consumer-auditoria-service-2, groupId=auditoria-service] Connection to node -1 (localhost/127.0.0.1:9092) could not be established. Node may not be available.
2026-09-19 18:51:36.097 WARN  service=auditoria-service correlationId= thread=org.springframework.kafka.KafkaListenerEndpointContainer#0-1-C-1 logger=o.apache.kafka.clients.NetworkClient - [Consumer clientId=consumer-auditoria-service-2, groupId=auditoria-service] Bootstrap broker localhost:9092 (id: -1 rack: null isFenced: false) disconnected
2026-09-19 18:51:36.624 INFO  service=auditoria-service correlationId= thread=org.springframework.kafka.KafkaListenerEndpointContainer#0-0-C-1 logger=org.apache.kafka.clients.Metadata - [Consumer clientId=consumer-auditoria-service-1, groupId=auditoria-service] Rebootstrapping with [localhost/127.0.0.1:9092]
2026-09-19 18:51:36.834 INFO  service=auditoria-service correlationId= thread=org.springframework.kafka.KafkaListenerEndpointContainer#0-0-C-1 logger=o.apache.kafka.clients.NetworkClient - [Consumer clientId=consumer-auditoria-service-1, groupId=auditoria-service] Node -1 disconnected.
2026-09-19 18:51:36.835 WARN  service=auditoria-service correlationId= thread=org.springframework.kafka.KafkaListenerEndpointContainer#0-0-C-1 logger=o.apache.kafka.clients.NetworkClient - [Consumer clientId=consumer-auditoria-service-1, groupId=auditoria-service] Connection to node -1 (localhost/127.0.0.1:9092) could not be established. Node may not be available.
2026-09-19 18:51:36.835 WARN  service=auditoria-service correlationId= thread=org.springframework.kafka.KafkaListenerEndpointContainer#0-0-C-1 logger=o.apache.kafka.clients.NetworkClient - [Consumer clientId=consumer-auditoria-service-1, groupId=auditoria-service] Bootstrap broker localhost:9092 (id: -1 rack: null isFenced: false) disconnected
2026-09-19 18:51:37.003 INFO  service=auditoria-service correlationId= thread=org.springframework.kafka.KafkaListenerEndpointContainer#0-2-C-1 logger=o.apache.kafka.clients.NetworkClient - [Consumer clientId=consumer-auditoria-service-3, groupId=auditoria-service] Node -1 disconnected.
2026-09-19 18:51:37.004 WARN  service=auditoria-service correlationId= thread=org.springframework.kafka.KafkaListenerEndpointContainer#0-2-C-1 logger=o.apache.kafka.clients.NetworkClient - [Consumer clientId=consumer-auditoria-service-3, groupId=auditoria-service] Connection to node -1 (localhost/127.0.0.1:9092) could not be established. Node may not be available.
2026-09-19 18:51:37.004 WARN  service=auditoria-service correlationId= thread=org.springframework.kafka.KafkaListenerEndpointContainer#0-2-C-1 logger=o.apache.kafka.clients.NetworkClient - [Consumer clientId=consumer-auditoria-service-3, groupId=auditoria-service] Bootstrap broker localhost:9092 (id: -1 rack: null isFenced: false) disconnected
2026-09-19 18:51:37.098 INFO  service=auditoria-service correlationId= thread=kafka-coordinator-heartbeat-thread | auditoria-service logger=o.apache.kafka.clients.NetworkClient - [Consumer clientId=consumer-auditoria-service-2, groupId=auditoria-service] Node -1 disconnected.
2026-09-19 18:51:37.098 WARN  service=auditoria-service correlationId= thread=kafka-coordinator-heartbeat-thread | auditoria-service logger=o.apache.kafka.clients.NetworkClient - [Consumer clientId=consumer-auditoria-service-2, groupId=auditoria-service] Connection to node -1 (localhost/127.0.0.1:9092) could not be established. Node may not be available.
2026-09-19 18:51:37.098 WARN  service=auditoria-service correlationId= thread=kafka-coordinator-heartbeat-thread | auditoria-service logger=o.apache.kafka.clients.NetworkClient - [Consumer clientId=consumer-auditoria-service-2, groupId=auditoria-service] Bootstrap broker localhost:9092 (id: -1 rack: null isFenced: false) disconnected
2026-09-19 18:51:37.098 INFO  service=auditoria-service correlationId= thread=kafka-coordinator-heartbeat-thread | auditoria-service logger=o.a.k.clients.FetchSessionHandler - [Consumer clientId=consumer-auditoria-service-2, groupId=auditoria-service] Error sending fetch request (sessionId=419391699, epoch=INITIAL) to node 1:
org.apache.kafka.common.errors.DisconnectException
2026-09-19 18:51:37.113 INFO  service=auditoria-service correlationId= thread=org.springframework.kafka.KafkaListenerEndpointContainer#0-0-C-1 logger=o.apache.kafka.clients.NetworkClient - [Consumer clientId=consumer-auditoria-service-1, groupId=auditoria-service] Node 1 disconnected.
2026-09-19 18:51:37.113 WARN  service=auditoria-service correlationId= thread=org.springframework.kafka.KafkaListenerEndpointContainer#0-0-C-1 logger=o.apache.kafka.clients.NetworkClient - [Consumer clientId=consumer-auditoria-service-1, groupId=auditoria-service] Connection to node 1 (localhost/127.0.0.1:9092) could not be established. Node may not be available.
2026-09-19 18:51:37.113 INFO  service=auditoria-service correlationId= thread=org.springframework.kafka.KafkaListenerEndpointContainer#0-0-C-1 logger=o.a.k.clients.FetchSessionHandler - [Consumer clientId=consumer-auditoria-service-1, groupId=auditoria-service] Error sending fetch request (sessionId=241586075, epoch=INITIAL) to node 1:
org.apache.kafka.common.errors.DisconnectException
2026-09-19 18:51:37.120 INFO  service=auditoria-service correlationId= thread=org.springframework.kafka.KafkaListenerEndpointContainer#0-2-C-1 logger=o.apache.kafka.clients.NetworkClient - [Consumer clientId=consumer-auditoria-service-3, groupId=auditoria-service] Node 1 disconnected.
2026-09-19 18:51:37.120 WARN  service=auditoria-service correlationId= thread=org.springframework.kafka.KafkaListenerEndpointContainer#0-2-C-1 logger=o.apache.kafka.clients.NetworkClient - [Consumer clientId=consumer-auditoria-service-3, groupId=auditoria-service] Connection to node 1 (localhost/127.0.0.1:9092) could not be established. Node may not be available.
2026-09-19 18:51:37.120 INFO  service=auditoria-service correlationId= thread=org.springframework.kafka.KafkaListenerEndpointContainer#0-2-C-1 logger=o.a.k.clients.FetchSessionHandler - [Consumer clientId=consumer-auditoria-service-3, groupId=auditoria-service] Error sending fetch request (sessionId=589185857, epoch=INITIAL) to node 1:
org.apache.kafka.common.errors.DisconnectException
2026-09-19 18:51:37.779 INFO  service=auditoria-service correlationId= thread=org.springframework.kafka.KafkaListenerEndpointContainer#0-0-C-1 logger=org.apache.kafka.clients.Metadata - [Consumer clientId=consumer-auditoria-service-1, groupId=auditoria-service] Rebootstrapping with [localhost/127.0.0.1:9092]
2026-09-19 18:51:37.830 INFO  service=auditoria-service correlationId= thread=org.springframework.kafka.KafkaListenerEndpointContainer#0-0-C-1 logger=org.apache.kafka.clients.Metadata - [Consumer clientId=consumer-auditoria-service-1, groupId=auditoria-service] Rebootstrapping with [localhost/127.0.0.1:9092]
2026-09-19 18:51:38.004 INFO  service=auditoria-service correlationId= thread=org.springframework.kafka.KafkaListenerEndpointContainer#0-2-C-1 logger=o.apache.kafka.clients.NetworkClient - [Consumer clientId=consumer-auditoria-service-3, groupId=auditoria-service] Node -1 disconnected.
2026-09-19 18:51:38.004 WARN  service=auditoria-service correlationId= thread=org.springframework.kafka.KafkaListenerEndpointContainer#0-2-C-1 logger=o.apache.kafka.clients.NetworkClient - [Consumer clientId=consumer-auditoria-service-3, groupId=auditoria-service] Connection to node -1 (localhost/127.0.0.1:9092) could not be established. Node may not be available.
2026-09-19 18:51:38.004 WARN  service=auditoria-service correlationId= thread=org.springframework.kafka.KafkaListenerEndpointContainer#0-2-C-1 logger=o.apache.kafka.clients.NetworkClient - [Consumer clientId=consumer-auditoria-service-3, groupId=auditoria-service] Bootstrap broker localhost:9092 (id: -1 rack: null isFenced: false) disconnected
2026-09-19 18:51:38.036 INFO  service=auditoria-service correlationId= thread=org.springframework.kafka.KafkaListenerEndpointContainer#0-0-C-1 logger=o.apache.kafka.clients.NetworkClient - [Consumer clientId=consumer-auditoria-service-1, groupId=auditoria-service] Node -1 disconnected.
2026-09-19 18:51:38.036 WARN  service=auditoria-service correlationId= thread=org.springframework.kafka.KafkaListenerEndpointContainer#0-0-C-1 logger=o.apache.kafka.clients.NetworkClient - [Consumer clientId=consumer-auditoria-service-1, groupId=auditoria-service] Connection to node -1 (localhost/127.0.0.1:9092) could not be established. Node may not be available.
2026-09-19 18:51:38.036 WARN  service=auditoria-service correlationId= thread=org.springframework.kafka.KafkaListenerEndpointContainer#0-0-C-1 logger=o.apache.kafka.clients.NetworkClient - [Consumer clientId=consumer-auditoria-service-1, groupId=auditoria-service] Bootstrap broker localhost:9092 (id: -1 rack: null isFenced: false) disconnected
2026-09-19 18:51:38.097 INFO  service=auditoria-service correlationId= thread=org.springframework.kafka.KafkaListenerEndpointContainer#0-1-C-1 logger=o.apache.kafka.clients.NetworkClient - [Consumer clientId=consumer-auditoria-service-2, groupId=auditoria-service] Node -1 disconnected.
2026-09-19 18:51:38.098 WARN  service=auditoria-service correlationId= thread=org.springframework.kafka.KafkaListenerEndpointContainer#0-1-C-1 logger=o.apache.kafka.clients.NetworkClient - [Consumer clientId=consumer-auditoria-service-2, groupId=auditoria-service] Connection to node -1 (localhost/127.0.0.1:9092) could not be established. Node may not be available.
2026-09-19 18:51:38.098 WARN  service=auditoria-service correlationId= thread=org.springframework.kafka.KafkaListenerEndpointContainer#0-1-C-1 logger=o.apache.kafka.clients.NetworkClient - [Consumer clientId=consumer-auditoria-service-2, groupId=auditoria-service] Bootstrap broker localhost:9092 (id: -1 rack: null isFenced: false) disconnected
2026-09-19 18:51:38.830 INFO  service=auditoria-service correlationId= thread=SpringApplicationShutdownHook logger=o.s.c.n.e.s.EurekaServiceRegistry - Unregistering application AUDITORIA-SERVICE with eureka with status DOWN
2026-09-19 18:51:38.830 INFO  service=auditoria-service correlationId= thread=SpringApplicationShutdownHook logger=c.netflix.discovery.DiscoveryClient - Saw local status change event StatusChangeEvent [timestamp=1789854698830, current=DOWN, previous=UP]
2026-09-19 18:51:38.830 INFO  service=auditoria-service correlationId= thread=DiscoveryClient-InstanceInfoReplicator-%d logger=c.netflix.discovery.DiscoveryClient - DiscoveryClient_AUDITORIA-SERVICE/localhost:auditoria-service:8084: registering service...
2026-09-19 18:51:38.835 INFO  service=auditoria-service correlationId= thread=org.springframework.kafka.KafkaListenerEndpointContainer#0-1-C-1 logger=o.a.k.c.c.i.ConsumerRebalanceListenerInvoker - [Consumer clientId=consumer-auditoria-service-2, groupId=auditoria-service] Revoke previously assigned partitions [contrato-eventos-1]
2026-09-19 18:51:38.835 INFO  service=auditoria-service correlationId= thread=org.springframework.kafka.KafkaListenerEndpointContainer#0-2-C-1 logger=o.a.k.c.c.i.ConsumerRebalanceListenerInvoker - [Consumer clientId=consumer-auditoria-service-3, groupId=auditoria-service] Revoke previously assigned partitions [contrato-eventos-2]
2026-09-19 18:51:38.835 INFO  service=auditoria-service correlationId= thread=org.springframework.kafka.KafkaListenerEndpointContainer#0-0-C-1 logger=o.a.k.c.c.i.ConsumerRebalanceListenerInvoker - [Consumer clientId=consumer-auditoria-service-1, groupId=auditoria-service] Revoke previously assigned partitions [contrato-eventos-0]
2026-09-19 18:51:38.838 INFO  service=auditoria-service correlationId= thread=org.springframework.kafka.KafkaListenerEndpointContainer#0-1-C-1 logger=o.s.k.l.KafkaMessageListenerContainer - auditoria-service: partitions revoked: [contrato-eventos-1]
2026-09-19 18:51:38.838 INFO  service=auditoria-service correlationId= thread=org.springframework.kafka.KafkaListenerEndpointContainer#0-2-C-1 logger=o.s.k.l.KafkaMessageListenerContainer - auditoria-service: partitions revoked: [contrato-eventos-2]
2026-09-19 18:51:38.838 INFO  service=auditoria-service correlationId= thread=org.springframework.kafka.KafkaListenerEndpointContainer#0-0-C-1 logger=o.s.k.l.KafkaMessageListenerContainer - auditoria-service: partitions revoked: [contrato-eventos-0]
2026-09-19 18:51:38.839 INFO  service=auditoria-service correlationId= thread=org.springframework.kafka.KafkaListenerEndpointContainer#0-0-C-1 logger=o.a.k.c.c.i.ConsumerCoordinator - [Consumer clientId=consumer-auditoria-service-1, groupId=auditoria-service] Resetting generation and member id due to: consumer pro-actively leaving the group
2026-09-19 18:51:38.839 INFO  service=auditoria-service correlationId= thread=org.springframework.kafka.KafkaListenerEndpointContainer#0-1-C-1 logger=o.a.k.c.c.i.ConsumerCoordinator - [Consumer clientId=consumer-auditoria-service-2, groupId=auditoria-service] Resetting generation and member id due to: consumer pro-actively leaving the group
2026-09-19 18:51:38.839 INFO  service=auditoria-service correlationId= thread=org.springframework.kafka.KafkaListenerEndpointContainer#0-2-C-1 logger=o.a.k.c.c.i.ConsumerCoordinator - [Consumer clientId=consumer-auditoria-service-3, groupId=auditoria-service] Resetting generation and member id due to: consumer pro-actively leaving the group
2026-09-19 18:51:38.839 INFO  service=auditoria-service correlationId= thread=org.springframework.kafka.KafkaListenerEndpointContainer#0-0-C-1 logger=o.a.k.c.c.i.ConsumerCoordinator - [Consumer clientId=consumer-auditoria-service-1, groupId=auditoria-service] Request joining group due to: consumer pro-actively leaving the group
2026-09-19 18:51:38.839 INFO  service=auditoria-service correlationId= thread=org.springframework.kafka.KafkaListenerEndpointContainer#0-1-C-1 logger=o.a.k.c.c.i.ConsumerCoordinator - [Consumer clientId=consumer-auditoria-service-2, groupId=auditoria-service] Request joining group due to: consumer pro-actively leaving the group
2026-09-19 18:51:38.839 INFO  service=auditoria-service correlationId= thread=org.springframework.kafka.KafkaListenerEndpointContainer#0-0-C-1 logger=o.a.k.c.c.i.ClassicKafkaConsumer - [Consumer clientId=consumer-auditoria-service-1, groupId=auditoria-service] Unsubscribed all topics or patterns and assigned partitions
2026-09-19 18:51:38.839 INFO  service=auditoria-service correlationId= thread=org.springframework.kafka.KafkaListenerEndpointContainer#0-2-C-1 logger=o.a.k.c.c.i.ConsumerCoordinator - [Consumer clientId=consumer-auditoria-service-3, groupId=auditoria-service] Request joining group due to: consumer pro-actively leaving the group
2026-09-19 18:51:38.839 INFO  service=auditoria-service correlationId= thread=org.springframework.kafka.KafkaListenerEndpointContainer#0-1-C-1 logger=o.a.k.c.c.i.ClassicKafkaConsumer - [Consumer clientId=consumer-auditoria-service-2, groupId=auditoria-service] Unsubscribed all topics or patterns and assigned partitions
2026-09-19 18:51:38.840 INFO  service=auditoria-service correlationId= thread=org.springframework.kafka.KafkaListenerEndpointContainer#0-2-C-1 logger=o.a.k.c.c.i.ClassicKafkaConsumer - [Consumer clientId=consumer-auditoria-service-3, groupId=auditoria-service] Unsubscribed all topics or patterns and assigned partitions
2026-09-19 18:51:38.842 INFO  service=auditoria-service correlationId= thread=org.springframework.kafka.KafkaListenerEndpointContainer#0-2-C-1 logger=o.a.k.c.c.i.ConsumerCoordinator - [Consumer clientId=consumer-auditoria-service-3, groupId=auditoria-service] Resetting generation and member id due to: consumer pro-actively leaving the group
2026-09-19 18:51:38.842 INFO  service=auditoria-service correlationId= thread=org.springframework.kafka.KafkaListenerEndpointContainer#0-0-C-1 logger=o.a.k.c.c.i.ConsumerCoordinator - [Consumer clientId=consumer-auditoria-service-1, groupId=auditoria-service] Resetting generation and member id due to: consumer pro-actively leaving the group
2026-09-19 18:51:38.842 INFO  service=auditoria-service correlationId= thread=org.springframework.kafka.KafkaListenerEndpointContainer#0-1-C-1 logger=o.a.k.c.c.i.ConsumerCoordinator - [Consumer clientId=consumer-auditoria-service-2, groupId=auditoria-service] Resetting generation and member id due to: consumer pro-actively leaving the group
2026-09-19 18:51:38.842 INFO  service=auditoria-service correlationId= thread=org.springframework.kafka.KafkaListenerEndpointContainer#0-2-C-1 logger=o.a.k.c.c.i.ConsumerCoordinator - [Consumer clientId=consumer-auditoria-service-3, groupId=auditoria-service] Request joining group due to: consumer pro-actively leaving the group
2026-09-19 18:51:38.842 INFO  service=auditoria-service correlationId= thread=org.springframework.kafka.KafkaListenerEndpointContainer#0-0-C-1 logger=o.a.k.c.c.i.ConsumerCoordinator - [Consumer clientId=consumer-auditoria-service-1, groupId=auditoria-service] Request joining group due to: consumer pro-actively leaving the group
2026-09-19 18:51:38.842 INFO  service=auditoria-service correlationId= thread=org.springframework.kafka.KafkaListenerEndpointContainer#0-1-C-1 logger=o.a.k.c.c.i.ConsumerCoordinator - [Consumer clientId=consumer-auditoria-service-2, groupId=auditoria-service] Request joining group due to: consumer pro-actively leaving the group
2026-09-19 18:51:38.841 INFO  service=auditoria-service correlationId= thread=DiscoveryClient-InstanceInfoReplicator-%d logger=c.n.d.s.t.d.RedirectingEurekaHttpClient - Request execution error. endpoint=DefaultEndpoint{ serviceUrl='http://localhost:8761/eureka/} exception=I/O error on POST request for "http://localhost:8761/eureka/apps/AUDITORIA-SERVICE": Connect to http://localhost:8761 failed: Connection refused: getsockopt
org.springframework.web.client.ResourceAccessException: I/O error on POST request for "http://localhost:8761/eureka/apps/AUDITORIA-SERVICE": Connect to http://localhost:8761 failed: Connection refused: getsockopt
	at org.springframework.web.client.DefaultRestClient$DefaultRequestBodyUriSpec.createResourceAccessException(DefaultRestClient.java:779)
	at org.springframework.web.client.DefaultRestClient$DefaultRequestBodyUriSpec.exchangeInternal(DefaultRestClient.java:624)
	at org.springframework.web.client.DefaultRestClient$DefaultRequestBodyUriSpec.exchange(DefaultRestClient.java:572)
	at org.springframework.web.client.RestClient$RequestHeadersSpec.exchange(RestClient.java:747)
	at org.springframework.web.client.DefaultRestClient$DefaultResponseSpec.executeAndExtract(DefaultRestClient.java:924)
	at org.springframework.web.client.DefaultRestClient$DefaultResponseSpec.toBodilessEntity(DefaultRestClient.java:888)
	at org.springframework.cloud.netflix.eureka.http.RestClientEurekaHttpClient.register(RestClientEurekaHttpClient.java:64)
	at com.netflix.discovery.shared.transport.decorator.EurekaHttpClientDecorator$1.execute(EurekaHttpClientDecorator.java:59)
	at com.netflix.discovery.shared.transport.decorator.RedirectingEurekaHttpClient.execute(RedirectingEurekaHttpClient.java:90)
	at com.netflix.discovery.shared.transport.decorator.EurekaHttpClientDecorator.register(EurekaHttpClientDecorator.java:56)
	at com.netflix.discovery.shared.transport.decorator.EurekaHttpClientDecorator$1.execute(EurekaHttpClientDecorator.java:59)
	at com.netflix.discovery.shared.transport.decorator.RetryableEurekaHttpClient.execute(RetryableEurekaHttpClient.java:120)
	at com.netflix.discovery.shared.transport.decorator.EurekaHttpClientDecorator.register(EurekaHttpClientDecorator.java:56)
	at com.netflix.discovery.shared.transport.decorator.EurekaHttpClientDecorator$1.execute(EurekaHttpClientDecorator.java:59)
	at com.netflix.discovery.shared.transport.decorator.SessionedEurekaHttpClient.execute(SessionedEurekaHttpClient.java:76)
	at com.netflix.discovery.shared.transport.decorator.EurekaHttpClientDecorator.register(EurekaHttpClientDecorator.java:56)
	at com.netflix.discovery.DiscoveryClient.register(DiscoveryClient.java:843)
	at com.netflix.discovery.InstanceInfoReplicator.run(InstanceInfoReplicator.java:125)
	at com.netflix.discovery.InstanceInfoReplicator$2.run(InstanceInfoReplicator.java:105)
	at java.base/java.util.concurrent.Executors$RunnableAdapter.call(Executors.java:572)
	at java.base/java.util.concurrent.FutureTask.run(FutureTask.java:317)
	at java.base/java.util.concurrent.ScheduledThreadPoolExecutor$ScheduledFutureTask.run(ScheduledThreadPoolExecutor.java:304)
	at java.base/java.util.concurrent.ThreadPoolExecutor.runWorker(ThreadPoolExecutor.java:1144)
	at java.base/java.util.concurrent.ThreadPoolExecutor$Worker.run(ThreadPoolExecutor.java:642)
	at java.base/java.lang.Thread.run(Thread.java:1583)
Caused by: org.apache.hc.client5.http.HttpHostConnectException: Connect to http://localhost:8761 failed: Connection refused: getsockopt
	at java.base/sun.nio.ch.Net.pollConnect(Native Method)
	at java.base/sun.nio.ch.Net.pollConnectNow(Net.java:682)
	at java.base/sun.nio.ch.NioSocketImpl.timedFinishConnect(NioSocketImpl.java:542)
	at java.base/sun.nio.ch.NioSocketImpl.connect(NioSocketImpl.java:592)
	at java.base/java.net.SocksSocketImpl.connect(SocksSocketImpl.java:327)
	at java.base/java.net.Socket.connect(Socket.java:751)
	at org.apache.hc.client5.http.impl.io.DefaultHttpClientConnectionOperator.connect(DefaultHttpClientConnectionOperator.java:219)
	at org.apache.hc.client5.http.impl.io.PoolingHttpClientConnectionManager.connect(PoolingHttpClientConnectionManager.java:547)
	at org.apache.hc.client5.http.impl.classic.InternalExecRuntime.connectEndpoint(InternalExecRuntime.java:164)
	at org.apache.hc.client5.http.impl.classic.InternalExecRuntime.connectEndpoint(InternalExecRuntime.java:174)
	at org.apache.hc.client5.http.impl.classic.ConnectExec.execute(ConnectExec.java:144)
	at org.apache.hc.client5.http.impl.classic.ExecChainElement.execute(ExecChainElement.java:51)
	at org.apache.hc.client5.http.impl.classic.ProtocolExec.execute(ProtocolExec.java:192)
	at org.apache.hc.client5.http.impl.classic.ExecChainElement.execute(ExecChainElement.java:51)
	at org.apache.hc.client5.http.impl.classic.ContentCompressionExec.execute(ContentCompressionExec.java:138)
	at org.apache.hc.client5.http.impl.classic.ExecChainElement.execute(ExecChainElement.java:51)
	at org.apache.hc.client5.http.impl.classic.HttpRequestRetryExec.execute(HttpRequestRetryExec.java:112)
	at org.apache.hc.client5.http.impl.classic.ExecChainElement.execute(ExecChainElement.java:51)
	at org.apache.hc.client5.http.impl.classic.RedirectExec.execute(RedirectExec.java:110)
	at org.apache.hc.client5.http.impl.classic.ExecChainElement.execute(ExecChainElement.java:51)
	at org.apache.hc.client5.http.impl.classic.InternalHttpClient.doExecute(InternalHttpClient.java:185)
	at org.apache.hc.client5.http.impl.classic.CloseableHttpClient.execute(CloseableHttpClient.java:87)
	at org.apache.hc.client5.http.impl.classic.CloseableHttpClient.execute(CloseableHttpClient.java:55)
	at org.apache.hc.client5.http.classic.HttpClient.executeOpen(HttpClient.java:183)
	at org.springframework.http.client.HttpComponentsClientHttpRequest.executeInternal(HttpComponentsClientHttpRequest.java:99)
	at org.springframework.http.client.AbstractStreamingClientHttpRequest.executeInternal(AbstractStreamingClientHttpRequest.java:87)
	at org.springframework.http.client.AbstractClientHttpRequest.execute(AbstractClientHttpRequest.java:80)
	at org.springframework.http.client.AbstractBufferingClientHttpRequest.executeWithRequestAndBody(AbstractBufferingClientHttpRequest.java:89)
	at org.springframework.http.client.InterceptingClientHttpRequest$EndOfChainRequestExecution.execute(InterceptingClientHttpRequest.java:102)
	at org.springframework.cloud.netflix.eureka.http.RestClientTransportClientFactory.lambda$newClient$2(RestClientTransportClientFactory.java:98)
	at org.springframework.http.client.ClientHttpRequestInterceptor.lambda$apply$0(ClientHttpRequestInterceptor.java:89)
	at org.springframework.http.client.InterceptingClientHttpRequest.executeInternal(InterceptingClientHttpRequest.java:73)
	at org.springframework.http.client.AbstractBufferingClientHttpRequest.executeInternal(AbstractBufferingClientHttpRequest.java:50)
	at org.springframework.http.client.AbstractClientHttpRequest.execute(AbstractClientHttpRequest.java:80)
	at org.springframework.web.client.DefaultRestClient$DefaultRequestBodyUriSpec.exchangeInternal(DefaultRestClient.java:614)
	... 23 common frames omitted
2026-09-19 18:51:38.843 WARN  service=auditoria-service correlationId= thread=DiscoveryClient-InstanceInfoReplicator-%d logger=c.n.d.s.t.d.RetryableEurekaHttpClient - Request execution failed with message: I/O error on POST request for "http://localhost:8761/eureka/apps/AUDITORIA-SERVICE": Connect to http://localhost:8761 failed: Connection refused: getsockopt
2026-09-19 18:51:38.846 INFO  service=auditoria-service correlationId= thread=org.springframework.kafka.KafkaListenerEndpointContainer#0-2-C-1 logger=o.a.kafka.common.metrics.Metrics - Metrics scheduler closed
2026-09-19 18:51:38.846 INFO  service=auditoria-service correlationId= thread=org.springframework.kafka.KafkaListenerEndpointContainer#0-1-C-1 logger=o.a.kafka.common.metrics.Metrics - Metrics scheduler closed
2026-09-19 18:51:38.846 INFO  service=auditoria-service correlationId= thread=org.springframework.kafka.KafkaListenerEndpointContainer#0-0-C-1 logger=o.a.kafka.common.metrics.Metrics - Metrics scheduler closed
2026-09-19 18:51:38.846 INFO  service=auditoria-service correlationId= thread=org.springframework.kafka.KafkaListenerEndpointContainer#0-2-C-1 logger=o.a.kafka.common.metrics.Metrics - Closing reporter org.apache.kafka.common.metrics.JmxReporter
2026-09-19 18:51:38.846 INFO  service=auditoria-service correlationId= thread=org.springframework.kafka.KafkaListenerEndpointContainer#0-1-C-1 logger=o.a.kafka.common.metrics.Metrics - Closing reporter org.apache.kafka.common.metrics.JmxReporter
2026-09-19 18:51:38.846 INFO  service=auditoria-service correlationId= thread=org.springframework.kafka.KafkaListenerEndpointContainer#0-0-C-1 logger=o.a.kafka.common.metrics.Metrics - Closing reporter org.apache.kafka.common.metrics.JmxReporter
2026-09-19 18:51:38.847 INFO  service=auditoria-service correlationId= thread=org.springframework.kafka.KafkaListenerEndpointContainer#0-2-C-1 logger=o.a.kafka.common.metrics.Metrics - Closing reporter org.apache.kafka.common.telemetry.internals.ClientTelemetryReporter
2026-09-19 18:51:38.847 INFO  service=auditoria-service correlationId= thread=org.springframework.kafka.KafkaListenerEndpointContainer#0-1-C-1 logger=o.a.kafka.common.metrics.Metrics - Closing reporter org.apache.kafka.common.telemetry.internals.ClientTelemetryReporter
2026-09-19 18:51:38.847 INFO  service=auditoria-service correlationId= thread=org.springframework.kafka.KafkaListenerEndpointContainer#0-0-C-1 logger=o.a.kafka.common.metrics.Metrics - Closing reporter org.apache.kafka.common.telemetry.internals.ClientTelemetryReporter
2026-09-19 18:51:38.847 INFO  service=auditoria-service correlationId= thread=org.springframework.kafka.KafkaListenerEndpointContainer#0-2-C-1 logger=o.a.kafka.common.metrics.Metrics - Metrics reporters closed
2026-09-19 18:51:38.847 INFO  service=auditoria-service correlationId= thread=org.springframework.kafka.KafkaListenerEndpointContainer#0-1-C-1 logger=o.a.kafka.common.metrics.Metrics - Metrics reporters closed
2026-09-19 18:51:38.847 INFO  service=auditoria-service correlationId= thread=org.springframework.kafka.KafkaListenerEndpointContainer#0-0-C-1 logger=o.a.kafka.common.metrics.Metrics - Metrics reporters closed
2026-09-19 18:51:38.855 INFO  service=auditoria-service correlationId= thread=DiscoveryClient-InstanceInfoReplicator-%d logger=c.n.d.s.t.d.RedirectingEurekaHttpClient - Request execution error. endpoint=DefaultEndpoint{ serviceUrl='http://localhost:8761/eureka/}, exception=I/O error on POST request for "http://localhost:8761/eureka/apps/AUDITORIA-SERVICE": Connect to http://localhost:8761 failed: Connection refused: getsockopt
org.springframework.web.client.ResourceAccessException: I/O error on POST request for "http://localhost:8761/eureka/apps/AUDITORIA-SERVICE": Connect to http://localhost:8761 failed: Connection refused: getsockopt
	at org.springframework.web.client.DefaultRestClient$DefaultRequestBodyUriSpec.createResourceAccessException(DefaultRestClient.java:779)
	at org.springframework.web.client.DefaultRestClient$DefaultRequestBodyUriSpec.exchangeInternal(DefaultRestClient.java:624)
	at org.springframework.web.client.DefaultRestClient$DefaultRequestBodyUriSpec.exchange(DefaultRestClient.java:572)
	at org.springframework.web.client.RestClient$RequestHeadersSpec.exchange(RestClient.java:747)
	at org.springframework.web.client.DefaultRestClient$DefaultResponseSpec.executeAndExtract(DefaultRestClient.java:924)
	at org.springframework.web.client.DefaultRestClient$DefaultResponseSpec.toBodilessEntity(DefaultRestClient.java:888)
	at org.springframework.cloud.netflix.eureka.http.RestClientEurekaHttpClient.register(RestClientEurekaHttpClient.java:64)
	at com.netflix.discovery.shared.transport.decorator.EurekaHttpClientDecorator$1.execute(EurekaHttpClientDecorator.java:59)
	at com.netflix.discovery.shared.transport.decorator.RedirectingEurekaHttpClient.executeOnNewServer(RedirectingEurekaHttpClient.java:120)
	at com.netflix.discovery.shared.transport.decorator.RedirectingEurekaHttpClient.execute(RedirectingEurekaHttpClient.java:79)
	at com.netflix.discovery.shared.transport.decorator.EurekaHttpClientDecorator.register(EurekaHttpClientDecorator.java:56)
	at com.netflix.discovery.shared.transport.decorator.EurekaHttpClientDecorator$1.execute(EurekaHttpClientDecorator.java:59)
	at com.netflix.discovery.shared.transport.decorator.RetryableEurekaHttpClient.execute(RetryableEurekaHttpClient.java:120)
	at com.netflix.discovery.shared.transport.decorator.EurekaHttpClientDecorator.register(EurekaHttpClientDecorator.java:56)
	at com.netflix.discovery.shared.transport.decorator.EurekaHttpClientDecorator$1.execute(EurekaHttpClientDecorator.java:59)
	at com.netflix.discovery.shared.transport.decorator.SessionedEurekaHttpClient.execute(SessionedEurekaHttpClient.java:76)
	at com.netflix.discovery.shared.transport.decorator.EurekaHttpClientDecorator.register(EurekaHttpClientDecorator.java:56)
	at com.netflix.discovery.DiscoveryClient.register(DiscoveryClient.java:843)
	at com.netflix.discovery.InstanceInfoReplicator.run(InstanceInfoReplicator.java:125)
	at com.netflix.discovery.InstanceInfoReplicator$2.run(InstanceInfoReplicator.java:105)
	at java.base/java.util.concurrent.Executors$RunnableAdapter.call(Executors.java:572)
	at java.base/java.util.concurrent.FutureTask.run(FutureTask.java:317)
	at java.base/java.util.concurrent.ScheduledThreadPoolExecutor$ScheduledFutureTask.run(ScheduledThreadPoolExecutor.java:304)
	at java.base/java.util.concurrent.ThreadPoolExecutor.runWorker(ThreadPoolExecutor.java:1144)
	at java.base/java.util.concurrent.ThreadPoolExecutor$Worker.run(ThreadPoolExecutor.java:642)
	at java.base/java.lang.Thread.run(Thread.java:1583)
Caused by: org.apache.hc.client5.http.HttpHostConnectException: Connect to http://localhost:8761 failed: Connection refused: getsockopt
	at java.base/sun.nio.ch.Net.pollConnect(Native Method)
	at java.base/sun.nio.ch.Net.pollConnectNow(Net.java:682)
	at java.base/sun.nio.ch.NioSocketImpl.timedFinishConnect(NioSocketImpl.java:542)
	at java.base/sun.nio.ch.NioSocketImpl.connect(NioSocketImpl.java:592)
	at java.base/java.net.SocksSocketImpl.connect(SocksSocketImpl.java:327)
	at java.base/java.net.Socket.connect(Socket.java:751)
	at org.apache.hc.client5.http.impl.io.DefaultHttpClientConnectionOperator.connect(DefaultHttpClientConnectionOperator.java:219)
	at org.apache.hc.client5.http.impl.io.PoolingHttpClientConnectionManager.connect(PoolingHttpClientConnectionManager.java:547)
	at org.apache.hc.client5.http.impl.classic.InternalExecRuntime.connectEndpoint(InternalExecRuntime.java:164)
	at org.apache.hc.client5.http.impl.classic.InternalExecRuntime.connectEndpoint(InternalExecRuntime.java:174)
	at org.apache.hc.client5.http.impl.classic.ConnectExec.execute(ConnectExec.java:144)
	at org.apache.hc.client5.http.impl.classic.ExecChainElement.execute(ExecChainElement.java:51)
	at org.apache.hc.client5.http.impl.classic.ProtocolExec.execute(ProtocolExec.java:192)
	at org.apache.hc.client5.http.impl.classic.ExecChainElement.execute(ExecChainElement.java:51)
	at org.apache.hc.client5.http.impl.classic.ContentCompressionExec.execute(ContentCompressionExec.java:138)
	at org.apache.hc.client5.http.impl.classic.ExecChainElement.execute(ExecChainElement.java:51)
	at org.apache.hc.client5.http.impl.classic.HttpRequestRetryExec.execute(HttpRequestRetryExec.java:112)
	at org.apache.hc.client5.http.impl.classic.ExecChainElement.execute(ExecChainElement.java:51)
	at org.apache.hc.client5.http.impl.classic.RedirectExec.execute(RedirectExec.java:110)
	at org.apache.hc.client5.http.impl.classic.ExecChainElement.execute(ExecChainElement.java:51)
	at org.apache.hc.client5.http.impl.classic.InternalHttpClient.doExecute(InternalHttpClient.java:185)
	at org.apache.hc.client5.http.impl.classic.CloseableHttpClient.execute(CloseableHttpClient.java:87)
	at org.apache.hc.client5.http.impl.classic.CloseableHttpClient.execute(CloseableHttpClient.java:55)
	at org.apache.hc.client5.http.classic.HttpClient.executeOpen(HttpClient.java:183)
	at org.springframework.http.client.HttpComponentsClientHttpRequest.executeInternal(HttpComponentsClientHttpRequest.java:99)
	at org.springframework.http.client.AbstractStreamingClientHttpRequest.executeInternal(AbstractStreamingClientHttpRequest.java:87)
	at org.springframework.http.client.AbstractClientHttpRequest.execute(AbstractClientHttpRequest.java:80)
	at org.springframework.http.client.AbstractBufferingClientHttpRequest.executeWithRequestAndBody(AbstractBufferingClientHttpRequest.java:89)
	at org.springframework.http.client.InterceptingClientHttpRequest$EndOfChainRequestExecution.execute(InterceptingClientHttpRequest.java:102)
	at org.springframework.cloud.netflix.eureka.http.RestClientTransportClientFactory.lambda$newClient$2(RestClientTransportClientFactory.java:98)
	at org.springframework.http.client.ClientHttpRequestInterceptor.lambda$apply$0(ClientHttpRequestInterceptor.java:89)
	at org.springframework.http.client.InterceptingClientHttpRequest.executeInternal(InterceptingClientHttpRequest.java:73)
	at org.springframework.http.client.AbstractBufferingClientHttpRequest.executeInternal(AbstractBufferingClientHttpRequest.java:50)
	at org.springframework.http.client.AbstractClientHttpRequest.execute(AbstractClientHttpRequest.java:80)
	at org.springframework.web.client.DefaultRestClient$DefaultRequestBodyUriSpec.exchangeInternal(DefaultRestClient.java:614)
	... 24 common frames omitted
2026-09-19 18:51:38.856 WARN  service=auditoria-service correlationId= thread=DiscoveryClient-InstanceInfoReplicator-%d logger=c.n.d.s.t.d.RetryableEurekaHttpClient - Request execution failed with message: I/O error on POST request for "http://localhost:8761/eureka/apps/AUDITORIA-SERVICE": Connect to http://localhost:8761 failed: Connection refused: getsockopt
2026-09-19 18:51:38.856 WARN  service=auditoria-service correlationId= thread=DiscoveryClient-InstanceInfoReplicator-%d logger=c.netflix.discovery.DiscoveryClient - DiscoveryClient_AUDITORIA-SERVICE/localhost:auditoria-service:8084 - registration failed Cannot execute request on any known server
com.netflix.discovery.shared.transport.TransportException: Cannot execute request on any known server
	at com.netflix.discovery.shared.transport.decorator.RetryableEurekaHttpClient.execute(RetryableEurekaHttpClient.java:112)
	at com.netflix.discovery.shared.transport.decorator.EurekaHttpClientDecorator.register(EurekaHttpClientDecorator.java:56)
	at com.netflix.discovery.shared.transport.decorator.EurekaHttpClientDecorator$1.execute(EurekaHttpClientDecorator.java:59)
	at com.netflix.discovery.shared.transport.decorator.SessionedEurekaHttpClient.execute(SessionedEurekaHttpClient.java:76)
	at com.netflix.discovery.shared.transport.decorator.EurekaHttpClientDecorator.register(EurekaHttpClientDecorator.java:56)
	at com.netflix.discovery.DiscoveryClient.register(DiscoveryClient.java:843)
	at com.netflix.discovery.InstanceInfoReplicator.run(InstanceInfoReplicator.java:125)
	at com.netflix.discovery.InstanceInfoReplicator$2.run(InstanceInfoReplicator.java:105)
	at java.base/java.util.concurrent.Executors$RunnableAdapter.call(Executors.java:572)
	at java.base/java.util.concurrent.FutureTask.run(FutureTask.java:317)
	at java.base/java.util.concurrent.ScheduledThreadPoolExecutor$ScheduledFutureTask.run(ScheduledThreadPoolExecutor.java:304)
	at java.base/java.util.concurrent.ThreadPoolExecutor.runWorker(ThreadPoolExecutor.java:1144)
	at java.base/java.util.concurrent.ThreadPoolExecutor$Worker.run(ThreadPoolExecutor.java:642)
	at java.base/java.lang.Thread.run(Thread.java:1583)
2026-09-19 18:51:38.857 INFO  service=auditoria-service correlationId= thread=org.springframework.kafka.KafkaListenerEndpointContainer#0-2-C-1 logger=o.a.kafka.common.utils.AppInfoParser - App info kafka.consumer for consumer-auditoria-service-3 unregistered
2026-09-19 18:51:38.857 WARN  service=auditoria-service correlationId= thread=DiscoveryClient-InstanceInfoReplicator-%d logger=c.n.discovery.InstanceInfoReplicator - There was a problem with the instance info replicator
com.netflix.discovery.shared.transport.TransportException: Cannot execute request on any known server
	at com.netflix.discovery.shared.transport.decorator.RetryableEurekaHttpClient.execute(RetryableEurekaHttpClient.java:112)
	at com.netflix.discovery.shared.transport.decorator.EurekaHttpClientDecorator.register(EurekaHttpClientDecorator.java:56)
	at com.netflix.discovery.shared.transport.decorator.EurekaHttpClientDecorator$1.execute(EurekaHttpClientDecorator.java:59)
	at com.netflix.discovery.shared.transport.decorator.SessionedEurekaHttpClient.execute(SessionedEurekaHttpClient.java:76)
	at com.netflix.discovery.shared.transport.decorator.EurekaHttpClientDecorator.register(EurekaHttpClientDecorator.java:56)
	at com.netflix.discovery.DiscoveryClient.register(DiscoveryClient.java:843)
	at com.netflix.discovery.InstanceInfoReplicator.run(InstanceInfoReplicator.java:125)
	at com.netflix.discovery.InstanceInfoReplicator$2.run(InstanceInfoReplicator.java:105)
	at java.base/java.util.concurrent.Executors$RunnableAdapter.call(Executors.java:572)
	at java.base/java.util.concurrent.FutureTask.run(FutureTask.java:317)
	at java.base/java.util.concurrent.ScheduledThreadPoolExecutor$ScheduledFutureTask.run(ScheduledThreadPoolExecutor.java:304)
	at java.base/java.util.concurrent.ThreadPoolExecutor.runWorker(ThreadPoolExecutor.java:1144)
	at java.base/java.util.concurrent.ThreadPoolExecutor$Worker.run(ThreadPoolExecutor.java:642)
	at java.base/java.lang.Thread.run(Thread.java:1583)
2026-09-19 18:51:38.857 INFO  service=auditoria-service correlationId= thread=org.springframework.kafka.KafkaListenerEndpointContainer#0-1-C-1 logger=o.a.kafka.common.utils.AppInfoParser - App info kafka.consumer for consumer-auditoria-service-2 unregistered
2026-09-19 18:51:38.858 INFO  service=auditoria-service correlationId= thread=org.springframework.kafka.KafkaListenerEndpointContainer#0-0-C-1 logger=o.a.kafka.common.utils.AppInfoParser - App info kafka.consumer for consumer-auditoria-service-1 unregistered
2026-09-19 18:51:38.858 INFO  service=auditoria-service correlationId= thread=org.springframework.kafka.KafkaListenerEndpointContainer#0-2-C-1 logger=o.s.k.l.KafkaMessageListenerContainer - auditoria-service: Consumer stopped
2026-09-19 18:51:38.858 INFO  service=auditoria-service correlationId= thread=org.springframework.kafka.KafkaListenerEndpointContainer#0-1-C-1 logger=o.s.k.l.KafkaMessageListenerContainer - auditoria-service: Consumer stopped
2026-09-19 18:51:38.858 INFO  service=auditoria-service correlationId= thread=org.springframework.kafka.KafkaListenerEndpointContainer#0-0-C-1 logger=o.s.k.l.KafkaMessageListenerContainer - auditoria-service: Consumer stopped
2026-09-19 18:51:38.860 INFO  service=auditoria-service correlationId= thread=SpringApplicationShutdownHook logger=o.s.boot.tomcat.GracefulShutdown - Commencing graceful shutdown. Waiting for active requests to complete
2026-09-19 18:51:38.872 INFO  service=auditoria-service correlationId= thread=tomcat-shutdown logger=o.s.boot.tomcat.GracefulShutdown - Graceful shutdown complete
2026-09-19 18:51:38.879 INFO  service=auditoria-service correlationId= thread=SpringApplicationShutdownHook logger=o.s.o.j.LocalContainerEntityManagerFactoryBean - Closing JPA EntityManagerFactory for persistence unit 'default'
2026-09-19 18:51:38.882 INFO  service=auditoria-service correlationId= thread=SpringApplicationShutdownHook logger=com.zaxxer.hikari.HikariDataSource - HikariPool-1 - Shutdown initiated...
2026-09-19 18:51:43.006 INFO  service=auditoria-service correlationId= thread=SpringApplicationShutdownHook logger=com.zaxxer.hikari.HikariDataSource - HikariPool-1 - Shutdown completed.
2026-09-19 18:51:43.570 INFO  service=auditoria-service correlationId= thread=SpringApplicationShutdownHook logger=c.netflix.discovery.DiscoveryClient - Shutting down DiscoveryClient ...
