2026-09-19 17:53:07.432 INFO  service=reputacao-service correlationId= thread=main logger=b.c.f.reputacao.ReputacaoApplication - Starting ReputacaoApplication using Java 21.0.8 with PID 19700 (D:\Faculdade\TPs e ATs\8 semestre\Domain-Driven Design (DDD) e Arquitetura de Softwares Escaláveis com Java\AT\freela-marketplace-assessment\reputacao-service\target\classes started by diego in D:\Faculdade\TPs e ATs\8 semestre\Domain-Driven Design (DDD) e Arquitetura de Softwares Escaláveis com Java\AT\freela-marketplace-assessment\reputacao-service)
2026-09-19 17:53:07.442 INFO  service=reputacao-service correlationId= thread=main logger=b.c.f.reputacao.ReputacaoApplication - No active profile set, falling back to 1 default profile: "default"
2026-09-19 17:53:08.441 INFO  service=reputacao-service correlationId= thread=main logger=o.s.d.r.c.RepositoryConfigurationDelegate - Bootstrapping Spring Data JPA repositories in DEFAULT mode.
2026-09-19 17:53:08.589 INFO  service=reputacao-service correlationId= thread=main logger=o.s.d.r.c.RepositoryConfigurationDelegate - Finished Spring Data repository scanning in 136 ms. Found 2 JPA repository interfaces.
2026-09-19 17:53:09.006 INFO  service=reputacao-service correlationId= thread=main logger=o.s.cloud.context.scope.GenericScope - BeanFactory id=d0cb7444-3294-349b-8e60-cd7c3f95fc92
2026-09-19 17:53:09.420 INFO  service=reputacao-service correlationId= thread=main logger=o.s.boot.tomcat.TomcatWebServer - Tomcat initialized with port 8083 (http)
2026-09-19 17:53:09.435 INFO  service=reputacao-service correlationId= thread=main logger=o.a.catalina.core.StandardService - Starting service [Tomcat]
2026-09-19 17:53:09.436 INFO  service=reputacao-service correlationId= thread=main logger=o.a.catalina.core.StandardEngine - Starting Servlet engine: [Apache Tomcat/11.0.22]
2026-09-19 17:53:09.513 INFO  service=reputacao-service correlationId= thread=main logger=o.s.b.w.c.s.WebApplicationContextInitializer - Root WebApplicationContext: initialization completed in 2026 ms
2026-09-19 17:53:10.062 INFO  service=reputacao-service correlationId= thread=main logger=org.hibernate.orm.jpa - HHH008540: Processing PersistenceUnitInfo [name: default]
2026-09-19 17:53:10.127 INFO  service=reputacao-service correlationId= thread=main logger=org.hibernate.orm.core - HHH000001: Hibernate ORM core version 7.4.1.Final
2026-09-19 17:53:10.627 INFO  service=reputacao-service correlationId= thread=main logger=o.s.o.j.p.SpringPersistenceUnitInfo - No LoadTimeWeaver setup: ignoring JPA class transformer
2026-09-19 17:53:10.679 INFO  service=reputacao-service correlationId= thread=main logger=com.zaxxer.hikari.HikariDataSource - HikariPool-1 - Starting...
2026-09-19 17:53:10.869 INFO  service=reputacao-service correlationId= thread=main logger=com.zaxxer.hikari.pool.HikariPool - HikariPool-1 - Added connection org.postgresql.jdbc.PgConnection@464abed
2026-09-19 17:53:10.871 INFO  service=reputacao-service correlationId= thread=main logger=com.zaxxer.hikari.HikariDataSource - HikariPool-1 - Start completed.
2026-09-19 17:53:10.987 INFO  service=reputacao-service correlationId= thread=main logger=o.hibernate.orm.connections.pooling - HHH10001005: Database info:
	Database JDBC URL [jdbc:postgresql://localhost:5432/reputacao_db]
	Database driver: PostgreSQL JDBC Driver
	Database dialect: PostgreSQLDialect
	Database version: 16.13
	Default catalog/schema: reputacao_db/public
	Autocommit mode: undefined/unknown
	Isolation level: READ_COMMITTED [default READ_COMMITTED]
	JDBC fetch size: none
	Pool: DataSourceConnectionProvider
	Minimum pool size: undefined/unknown
	Maximum pool size: undefined/unknown
2026-09-19 17:53:12.104 INFO  service=reputacao-service correlationId= thread=main logger=org.hibernate.orm.core - HHH000489: No JTA platform available (set 'hibernate.transaction.jta.platform' to enable JTA platform integration)
2026-09-19 17:53:12.187 INFO  service=reputacao-service correlationId= thread=main logger=o.s.o.j.LocalContainerEntityManagerFactoryBean - Initialized JPA EntityManagerFactory for persistence unit 'default'
2026-09-19 17:53:12.283 INFO  service=reputacao-service correlationId= thread=main logger=o.s.d.j.r.q.QueryEnhancerFactories - Hibernate is in classpath; If applicable, HQL parser will be used.
2026-09-19 17:53:13.853 INFO  service=reputacao-service correlationId= thread=main logger=o.s.cloud.commons.util.InetUtils - Cannot determine local hostname
2026-09-19 17:53:15.152 INFO  service=reputacao-service correlationId= thread=main logger=o.s.cloud.commons.util.InetUtils - Cannot determine local hostname
2026-09-19 17:53:15.190 INFO  service=reputacao-service correlationId= thread=main logger=o.s.c.n.e.c.DiscoveryClientOptionalArgsConfiguration - Eureka HTTP Client uses RestClient.
2026-09-19 17:53:15.258 WARN  service=reputacao-service correlationId= thread=main logger=o.s.c.l.c.LoadBalancerCacheAutoConfiguration$LoadBalancerCaffeineWarnLogger - Spring Cloud LoadBalancer is currently working with the default cache. While this cache implementation is useful for development and tests, it's recommended to use Caffeine cache in production.You can switch to using Caffeine cache, by adding it and org.springframework.cache.caffeine.CaffeineCacheManager to the classpath.
2026-09-19 17:53:15.270 INFO  service=reputacao-service correlationId= thread=main logger=o.s.b.a.e.web.EndpointLinksResolver - Exposing 3 endpoints beneath base path '/actuator'
2026-09-19 17:53:15.375 INFO  service=reputacao-service correlationId= thread=main logger=o.s.c.n.eureka.InstanceInfoFactory - Setting initial instance status as: STARTING
2026-09-19 17:53:15.397 INFO  service=reputacao-service correlationId= thread=main logger=c.netflix.discovery.DiscoveryClient - Initializing Eureka in region us-east-1
2026-09-19 17:53:15.401 INFO  service=reputacao-service correlationId= thread=main logger=c.n.d.s.r.aws.ConfigClusterResolver - Resolving eureka endpoints via configuration
2026-09-19 17:53:15.410 INFO  service=reputacao-service correlationId= thread=main logger=c.netflix.discovery.DiscoveryClient - Disable delta property : false
2026-09-19 17:53:15.410 INFO  service=reputacao-service correlationId= thread=main logger=c.netflix.discovery.DiscoveryClient - Single vip registry refresh property : null
2026-09-19 17:53:15.410 INFO  service=reputacao-service correlationId= thread=main logger=c.netflix.discovery.DiscoveryClient - Force full registry fetch : false
2026-09-19 17:53:15.410 INFO  service=reputacao-service correlationId= thread=main logger=c.netflix.discovery.DiscoveryClient - Application is null : false
2026-09-19 17:53:15.410 INFO  service=reputacao-service correlationId= thread=main logger=c.netflix.discovery.DiscoveryClient - Registered Applications size is zero : true
2026-09-19 17:53:15.411 INFO  service=reputacao-service correlationId= thread=main logger=c.netflix.discovery.DiscoveryClient - Application version is -1: true
2026-09-19 17:53:15.411 INFO  service=reputacao-service correlationId= thread=main logger=c.netflix.discovery.DiscoveryClient - Getting all instance registry info from the eureka server
2026-09-19 17:53:15.715 INFO  service=reputacao-service correlationId= thread=main logger=c.netflix.discovery.DiscoveryClient - The response status is 200
2026-09-19 17:53:15.717 INFO  service=reputacao-service correlationId= thread=main logger=c.netflix.discovery.DiscoveryClient - Starting heartbeat executor: renew interval is: 30
2026-09-19 17:53:15.720 INFO  service=reputacao-service correlationId= thread=main logger=c.n.discovery.InstanceInfoReplicator - InstanceInfoReplicator onDemand update allowed rate per min is 4
2026-09-19 17:53:15.722 INFO  service=reputacao-service correlationId= thread=main logger=c.netflix.discovery.DiscoveryClient - Discovery Client initialized at timestamp 1789851195721 with initial instances count: 1
2026-09-19 17:53:15.726 INFO  service=reputacao-service correlationId= thread=main logger=o.s.c.n.e.s.EurekaServiceRegistry - Registering application REPUTACAO-SERVICE with eureka with status UP
2026-09-19 17:53:15.727 INFO  service=reputacao-service correlationId= thread=main logger=c.netflix.discovery.DiscoveryClient - Saw local status change event StatusChangeEvent [timestamp=1789851195727, current=UP, previous=STARTING]
2026-09-19 17:53:15.729 INFO  service=reputacao-service correlationId= thread=DiscoveryClient-InstanceInfoReplicator-%d logger=c.netflix.discovery.DiscoveryClient - DiscoveryClient_REPUTACAO-SERVICE/localhost:reputacao-service:8083: registering service...
2026-09-19 17:53:15.741 INFO  service=reputacao-service correlationId= thread=main logger=o.s.boot.tomcat.TomcatWebServer - Tomcat started on port 8083 (http) with context path '/'
2026-09-19 17:53:15.743 INFO  service=reputacao-service correlationId= thread=main logger=o.s.c.n.e.s.EurekaAutoServiceRegistration - Updating port to 8083
2026-09-19 17:53:15.772 INFO  service=reputacao-service correlationId= thread=DiscoveryClient-InstanceInfoReplicator-%d logger=c.netflix.discovery.DiscoveryClient - DiscoveryClient_REPUTACAO-SERVICE/localhost:reputacao-service:8083 - registration status: 204
2026-09-19 17:53:16.753 INFO  service=reputacao-service correlationId= thread=main logger=o.s.cloud.commons.util.InetUtils - Cannot determine local hostname
2026-09-19 17:53:16.809 INFO  service=reputacao-service correlationId= thread=main logger=o.a.k.common.config.AbstractConfig - ConsumerConfig values: 
	allow.auto.create.topics = true
	auto.commit.interval.ms = 5000
	auto.offset.reset = earliest
	bootstrap.servers = [localhost:9092]
	check.crcs = true
	client.dns.lookup = use_all_dns_ips
	client.id = consumer-reputacao-service-1
	client.rack = 
	config.providers = []
	connections.max.idle.ms = 540000
	default.api.timeout.ms = 60000
	enable.auto.commit = false
	enable.metrics.push = true
	exclude.internal.topics = true
	fetch.max.bytes = 52428800
	fetch.max.wait.ms = 500
	fetch.min.bytes = 1
	group.id = reputacao-service
	group.instance.id = null
	group.protocol = classic
	group.remote.assignor = null
	heartbeat.interval.ms = 3000
	interceptor.classes = []
	internal.throw.on.fetch.stable.offset.unsupported = false
	isolation.level = read_uncommitted
	key.deserializer = class org.apache.kafka.common.serialization.StringDeserializer
	max.partition.fetch.bytes = 1048576
	max.poll.interval.ms = 300000
	max.poll.records = 500
	metadata.max.age.ms = 300000
	metadata.recovery.rebootstrap.trigger.ms = 300000
	metadata.recovery.strategy = rebootstrap
	metric.reporters = [org.apache.kafka.common.metrics.JmxReporter]
	metrics.num.samples = 2
	metrics.recording.level = INFO
	metrics.sample.window.ms = 30000
	partition.assignment.strategy = [class org.apache.kafka.clients.consumer.RangeAssignor, class org.apache.kafka.clients.consumer.CooperativeStickyAssignor]
	receive.buffer.bytes = 65536
	reconnect.backoff.max.ms = 1000
	reconnect.backoff.ms = 50
	request.timeout.ms = 30000
	retry.backoff.max.ms = 1000
	retry.backoff.ms = 100
	sasl.client.callback.handler.class = null
	sasl.jaas.config = null
	sasl.kerberos.kinit.cmd = /usr/bin/kinit
	sasl.kerberos.min.time.before.relogin = 60000
	sasl.kerberos.service.name = null
	sasl.kerberos.ticket.renew.jitter = 0.05
	sasl.kerberos.ticket.renew.window.factor = 0.8
	sasl.login.callback.handler.class = null
	sasl.login.class = null
	sasl.login.connect.timeout.ms = null
	sasl.login.read.timeout.ms = null
	sasl.login.refresh.buffer.seconds = 300
	sasl.login.refresh.min.period.seconds = 60
	sasl.login.refresh.window.factor = 0.8
	sasl.login.refresh.window.jitter = 0.05
	sasl.login.retry.backoff.max.ms = 10000
	sasl.login.retry.backoff.ms = 100
	sasl.mechanism = GSSAPI
	sasl.oauthbearer.assertion.algorithm = RS256
	sasl.oauthbearer.assertion.claim.aud = null
	sasl.oauthbearer.assertion.claim.exp.seconds = 300
	sasl.oauthbearer.assertion.claim.iss = null
	sasl.oauthbearer.assertion.claim.jti.include = false
	sasl.oauthbearer.assertion.claim.nbf.seconds = 60
	sasl.oauthbearer.assertion.claim.sub = null
	sasl.oauthbearer.assertion.file = null
	sasl.oauthbearer.assertion.private.key.file = null
	sasl.oauthbearer.assertion.private.key.passphrase = null
	sasl.oauthbearer.assertion.template.file = null
	sasl.oauthbearer.client.credentials.client.id = null
	sasl.oauthbearer.client.credentials.client.secret = null
	sasl.oauthbearer.clock.skew.seconds = 30
	sasl.oauthbearer.expected.audience = []
	sasl.oauthbearer.expected.issuer = null
	sasl.oauthbearer.header.urlencode = false
	sasl.oauthbearer.jwks.endpoint.refresh.ms = 3600000
	sasl.oauthbearer.jwks.endpoint.retry.backoff.max.ms = 10000
	sasl.oauthbearer.jwks.endpoint.retry.backoff.ms = 100
	sasl.oauthbearer.jwks.endpoint.url = null
	sasl.oauthbearer.jwt.retriever.class = class org.apache.kafka.common.security.oauthbearer.DefaultJwtRetriever
	sasl.oauthbearer.jwt.validator.class = class org.apache.kafka.common.security.oauthbearer.DefaultJwtValidator
	sasl.oauthbearer.scope = null
	sasl.oauthbearer.scope.claim.name = scope
	sasl.oauthbearer.sub.claim.name = sub
	sasl.oauthbearer.token.endpoint.url = null
	security.protocol = PLAINTEXT
	security.providers = null
	send.buffer.bytes = 131072
	session.timeout.ms = 45000
	share.acknowledgement.mode = implicit
	share.acquire.mode = BATCH_OPTIMIZED
	socket.connection.setup.timeout.max.ms = 30000
	socket.connection.setup.timeout.ms = 10000
	ssl.cipher.suites = []
	ssl.enabled.protocols = [TLSv1.2, TLSv1.3]
	ssl.endpoint.identification.algorithm = https
	ssl.engine.factory.class = null
	ssl.key.password = null
	ssl.keymanager.algorithm = SunX509
	ssl.keystore.certificate.chain = null
	ssl.keystore.key = null
	ssl.keystore.location = null
	ssl.keystore.password = null
	ssl.keystore.type = JKS
	ssl.protocol = TLSv1.3
	ssl.provider = null
	ssl.secure.random.implementation = null
	ssl.trustmanager.algorithm = PKIX
	ssl.truststore.certificates = null
	ssl.truststore.location = null
	ssl.truststore.password = null
	ssl.truststore.type = JKS
	value.deserializer = class org.apache.kafka.common.serialization.StringDeserializer

2026-09-19 17:53:16.859 INFO  service=reputacao-service correlationId= thread=main logger=o.a.k.c.t.i.KafkaMetricsCollector - initializing Kafka metrics collector
2026-09-19 17:53:17.016 INFO  service=reputacao-service correlationId= thread=main logger=o.a.kafka.common.utils.AppInfoParser - Kafka version: 4.2.1
2026-09-19 17:53:17.016 INFO  service=reputacao-service correlationId= thread=main logger=o.a.kafka.common.utils.AppInfoParser - Kafka commitId: 92f61c44867f39dc
2026-09-19 17:53:17.016 INFO  service=reputacao-service correlationId= thread=main logger=o.a.kafka.common.utils.AppInfoParser - Kafka startTimeMs: 1789851197014
2026-09-19 17:53:17.028 INFO  service=reputacao-service correlationId= thread=main logger=o.a.k.c.c.i.ClassicKafkaConsumer - [Consumer clientId=consumer-reputacao-service-1, groupId=reputacao-service] Subscribed to topic(s): contrato-eventos
2026-09-19 17:53:17.047 INFO  service=reputacao-service correlationId= thread=main logger=b.c.f.reputacao.ReputacaoApplication - Started ReputacaoApplication in 11.338 seconds (process running for 12.117)
2026-09-19 17:53:17.448 INFO  service=reputacao-service correlationId= thread=org.springframework.kafka.KafkaListenerEndpointContainer#0-0-C-1 logger=org.apache.kafka.clients.Metadata - [Consumer clientId=consumer-reputacao-service-1, groupId=reputacao-service] Cluster ID: 5L6g3nShT-eMCtK--X86sw
2026-09-19 17:53:17.451 INFO  service=reputacao-service correlationId= thread=org.springframework.kafka.KafkaListenerEndpointContainer#0-0-C-1 logger=o.a.k.c.c.i.ConsumerCoordinator - [Consumer clientId=consumer-reputacao-service-1, groupId=reputacao-service] Discovered group coordinator localhost:9092 (id: 2147483646 rack: null isFenced: false)
2026-09-19 17:53:17.454 INFO  service=reputacao-service correlationId= thread=org.springframework.kafka.KafkaListenerEndpointContainer#0-0-C-1 logger=o.a.k.c.c.i.ConsumerCoordinator - [Consumer clientId=consumer-reputacao-service-1, groupId=reputacao-service] (Re-)joining group
2026-09-19 17:53:17.471 INFO  service=reputacao-service correlationId= thread=org.springframework.kafka.KafkaListenerEndpointContainer#0-0-C-1 logger=o.a.k.c.c.i.ConsumerCoordinator - [Consumer clientId=consumer-reputacao-service-1, groupId=reputacao-service] Request joining group due to: need to re-join with the given member-id: consumer-reputacao-service-1-9df6059d-d958-4236-be9f-a11a76882003
2026-09-19 17:53:17.472 INFO  service=reputacao-service correlationId= thread=org.springframework.kafka.KafkaListenerEndpointContainer#0-0-C-1 logger=o.a.k.c.c.i.ConsumerCoordinator - [Consumer clientId=consumer-reputacao-service-1, groupId=reputacao-service] (Re-)joining group
2026-09-19 17:53:17.476 INFO  service=reputacao-service correlationId= thread=org.springframework.kafka.KafkaListenerEndpointContainer#0-0-C-1 logger=o.a.k.c.c.i.ConsumerCoordinator - [Consumer clientId=consumer-reputacao-service-1, groupId=reputacao-service] Successfully joined group with generation Generation{generationId=1, memberId='consumer-reputacao-service-1-9df6059d-d958-4236-be9f-a11a76882003', protocol='range'}
2026-09-19 17:53:17.482 INFO  service=reputacao-service correlationId= thread=org.springframework.kafka.KafkaListenerEndpointContainer#0-0-C-1 logger=o.a.k.c.c.i.ConsumerCoordinator - [Consumer clientId=consumer-reputacao-service-1, groupId=reputacao-service] Finished assignment for group at generation 1: {consumer-reputacao-service-1-9df6059d-d958-4236-be9f-a11a76882003=Assignment(partitions=[contrato-eventos-0, contrato-eventos-1, contrato-eventos-2])}
2026-09-19 17:53:17.489 INFO  service=reputacao-service correlationId= thread=org.springframework.kafka.KafkaListenerEndpointContainer#0-0-C-1 logger=o.a.k.c.c.i.ConsumerCoordinator - [Consumer clientId=consumer-reputacao-service-1, groupId=reputacao-service] Successfully synced group in generation Generation{generationId=1, memberId='consumer-reputacao-service-1-9df6059d-d958-4236-be9f-a11a76882003', protocol='range'}
2026-09-19 17:53:17.490 INFO  service=reputacao-service correlationId= thread=org.springframework.kafka.KafkaListenerEndpointContainer#0-0-C-1 logger=o.a.k.c.c.i.ConsumerCoordinator - [Consumer clientId=consumer-reputacao-service-1, groupId=reputacao-service] Notifying assignor about the new Assignment(partitions=[contrato-eventos-0, contrato-eventos-1, contrato-eventos-2])
2026-09-19 17:53:17.492 INFO  service=reputacao-service correlationId= thread=org.springframework.kafka.KafkaListenerEndpointContainer#0-0-C-1 logger=o.a.k.c.c.i.ConsumerRebalanceListenerInvoker - [Consumer clientId=consumer-reputacao-service-1, groupId=reputacao-service] Adding newly assigned partitions: [contrato-eventos-0, contrato-eventos-1, contrato-eventos-2]
2026-09-19 17:53:17.501 INFO  service=reputacao-service correlationId= thread=org.springframework.kafka.KafkaListenerEndpointContainer#0-0-C-1 logger=o.a.k.c.c.i.ConsumerCoordinator - [Consumer clientId=consumer-reputacao-service-1, groupId=reputacao-service] Found no committed offset for partition contrato-eventos-0
2026-09-19 17:53:17.501 INFO  service=reputacao-service correlationId= thread=org.springframework.kafka.KafkaListenerEndpointContainer#0-0-C-1 logger=o.a.k.c.c.i.ConsumerCoordinator - [Consumer clientId=consumer-reputacao-service-1, groupId=reputacao-service] Found no committed offset for partition contrato-eventos-1
2026-09-19 17:53:17.502 INFO  service=reputacao-service correlationId= thread=org.springframework.kafka.KafkaListenerEndpointContainer#0-0-C-1 logger=o.a.k.c.c.i.ConsumerCoordinator - [Consumer clientId=consumer-reputacao-service-1, groupId=reputacao-service] Found no committed offset for partition contrato-eventos-2
2026-09-19 17:53:17.520 INFO  service=reputacao-service correlationId= thread=org.springframework.kafka.KafkaListenerEndpointContainer#0-0-C-1 logger=o.a.k.c.c.i.SubscriptionState - [Consumer clientId=consumer-reputacao-service-1, groupId=reputacao-service] Resetting offset for partition contrato-eventos-0 to position FetchPosition{offset=0, offsetEpoch=Optional.empty, currentLeader=LeaderAndEpoch{leader=Optional[localhost:9092 (id: 1 rack: null isFenced: false)], epoch=0}}.
2026-09-19 17:53:17.521 INFO  service=reputacao-service correlationId= thread=org.springframework.kafka.KafkaListenerEndpointContainer#0-0-C-1 logger=o.a.k.c.c.i.SubscriptionState - [Consumer clientId=consumer-reputacao-service-1, groupId=reputacao-service] Resetting offset for partition contrato-eventos-1 to position FetchPosition{offset=0, offsetEpoch=Optional.empty, currentLeader=LeaderAndEpoch{leader=Optional[localhost:9092 (id: 1 rack: null isFenced: false)], epoch=0}}.
2026-09-19 17:53:17.521 INFO  service=reputacao-service correlationId= thread=org.springframework.kafka.KafkaListenerEndpointContainer#0-0-C-1 logger=o.a.k.c.c.i.SubscriptionState - [Consumer clientId=consumer-reputacao-service-1, groupId=reputacao-service] Resetting offset for partition contrato-eventos-2 to position FetchPosition{offset=0, offsetEpoch=Optional.empty, currentLeader=LeaderAndEpoch{leader=Optional[localhost:9092 (id: 1 rack: null isFenced: false)], epoch=0}}.
2026-09-19 17:53:17.522 INFO  service=reputacao-service correlationId= thread=org.springframework.kafka.KafkaListenerEndpointContainer#0-0-C-1 logger=o.s.k.l.KafkaMessageListenerContainer - reputacao-service: partitions assigned: [contrato-eventos-0, contrato-eventos-1, contrato-eventos-2]
2026-09-19 17:58:15.413 INFO  service=reputacao-service correlationId= thread=AsyncResolver-bootstrap-executor-%d logger=c.n.d.s.r.aws.ConfigClusterResolver - Resolving eureka endpoints via configuration
2026-09-19 18:02:54.060 INFO  service=reputacao-service correlationId= thread=org.springframework.kafka.KafkaListenerEndpointContainer#0-0-C-1 logger=o.a.k.common.config.AbstractConfig - AdminClientConfig values: 
	bootstrap.controllers = []
	bootstrap.servers = [localhost:9092]
	client.dns.lookup = use_all_dns_ips
	client.id = reputacao-service-admin-0
	config.providers = []
	connections.max.idle.ms = 300000
	default.api.timeout.ms = 60000
	enable.metrics.push = false
	metadata.max.age.ms = 300000
	metadata.recovery.rebootstrap.trigger.ms = 300000
	metadata.recovery.strategy = rebootstrap
	metric.reporters = [org.apache.kafka.common.metrics.JmxReporter]
	metrics.num.samples = 2
	metrics.recording.level = INFO
	metrics.sample.window.ms = 30000
	receive.buffer.bytes = 65536
	reconnect.backoff.max.ms = 1000
	reconnect.backoff.ms = 50
	request.timeout.ms = 30000
	retries = 2147483647
	retry.backoff.max.ms = 1000
	retry.backoff.ms = 100
	sasl.client.callback.handler.class = null
	sasl.jaas.config = null
	sasl.kerberos.kinit.cmd = /usr/bin/kinit
	sasl.kerberos.min.time.before.relogin = 60000
	sasl.kerberos.service.name = null
	sasl.kerberos.ticket.renew.jitter = 0.05
	sasl.kerberos.ticket.renew.window.factor = 0.8
	sasl.login.callback.handler.class = null
	sasl.login.class = null
	sasl.login.connect.timeout.ms = null
	sasl.login.read.timeout.ms = null
	sasl.login.refresh.buffer.seconds = 300
	sasl.login.refresh.min.period.seconds = 60
	sasl.login.refresh.window.factor = 0.8
	sasl.login.refresh.window.jitter = 0.05
	sasl.login.retry.backoff.max.ms = 10000
	sasl.login.retry.backoff.ms = 100
	sasl.mechanism = GSSAPI
	sasl.oauthbearer.assertion.algorithm = RS256
	sasl.oauthbearer.assertion.claim.aud = null
	sasl.oauthbearer.assertion.claim.exp.seconds = 300
	sasl.oauthbearer.assertion.claim.iss = null
	sasl.oauthbearer.assertion.claim.jti.include = false
	sasl.oauthbearer.assertion.claim.nbf.seconds = 60
	sasl.oauthbearer.assertion.claim.sub = null
	sasl.oauthbearer.assertion.file = null
	sasl.oauthbearer.assertion.private.key.file = null
	sasl.oauthbearer.assertion.private.key.passphrase = null
	sasl.oauthbearer.assertion.template.file = null
	sasl.oauthbearer.client.credentials.client.id = null
	sasl.oauthbearer.client.credentials.client.secret = null
	sasl.oauthbearer.clock.skew.seconds = 30
	sasl.oauthbearer.expected.audience = []
	sasl.oauthbearer.expected.issuer = null
	sasl.oauthbearer.header.urlencode = false
	sasl.oauthbearer.jwks.endpoint.refresh.ms = 3600000
	sasl.oauthbearer.jwks.endpoint.retry.backoff.max.ms = 10000
	sasl.oauthbearer.jwks.endpoint.retry.backoff.ms = 100
	sasl.oauthbearer.jwks.endpoint.url = null
	sasl.oauthbearer.jwt.retriever.class = class org.apache.kafka.common.security.oauthbearer.DefaultJwtRetriever
	sasl.oauthbearer.jwt.validator.class = class org.apache.kafka.common.security.oauthbearer.DefaultJwtValidator
	sasl.oauthbearer.scope = null
	sasl.oauthbearer.scope.claim.name = scope
	sasl.oauthbearer.sub.claim.name = sub
	sasl.oauthbearer.token.endpoint.url = null
	security.protocol = PLAINTEXT
	security.providers = null
	send.buffer.bytes = 131072
	socket.connection.setup.timeout.max.ms = 30000
	socket.connection.setup.timeout.ms = 10000
	ssl.cipher.suites = []
	ssl.enabled.protocols = [TLSv1.2, TLSv1.3]
	ssl.endpoint.identification.algorithm = https
	ssl.engine.factory.class = null
	ssl.key.password = null
	ssl.keymanager.algorithm = SunX509
	ssl.keystore.certificate.chain = null
	ssl.keystore.key = null
	ssl.keystore.location = null
	ssl.keystore.password = null
	ssl.keystore.type = JKS
	ssl.protocol = TLSv1.3
	ssl.provider = null
	ssl.secure.random.implementation = null
	ssl.trustmanager.algorithm = PKIX
	ssl.truststore.certificates = null
	ssl.truststore.location = null
	ssl.truststore.password = null
	ssl.truststore.type = JKS

2026-09-19 18:02:54.100 INFO  service=reputacao-service correlationId= thread=org.springframework.kafka.KafkaListenerEndpointContainer#0-0-C-1 logger=o.a.kafka.common.utils.AppInfoParser - Kafka version: 4.2.1
2026-09-19 18:02:54.100 INFO  service=reputacao-service correlationId= thread=org.springframework.kafka.KafkaListenerEndpointContainer#0-0-C-1 logger=o.a.kafka.common.utils.AppInfoParser - Kafka commitId: 92f61c44867f39dc
2026-09-19 18:02:54.100 INFO  service=reputacao-service correlationId= thread=org.springframework.kafka.KafkaListenerEndpointContainer#0-0-C-1 logger=o.a.kafka.common.utils.AppInfoParser - Kafka startTimeMs: 1789851774099
2026-09-19 18:02:54.130 INFO  service=reputacao-service correlationId= thread=org.springframework.kafka.KafkaListenerEndpointContainer#0-0-C-1 logger=o.a.kafka.common.metrics.Metrics - Metrics scheduler closed
2026-09-19 18:02:54.130 INFO  service=reputacao-service correlationId= thread=org.springframework.kafka.KafkaListenerEndpointContainer#0-0-C-1 logger=o.a.kafka.common.metrics.Metrics - Closing reporter org.apache.kafka.common.metrics.JmxReporter
2026-09-19 18:02:54.131 INFO  service=reputacao-service correlationId= thread=org.springframework.kafka.KafkaListenerEndpointContainer#0-0-C-1 logger=o.a.kafka.common.metrics.Metrics - Metrics reporters closed
2026-09-19 18:02:54.132 INFO  service=reputacao-service correlationId= thread=kafka-admin-client-thread | reputacao-service-admin-0 logger=o.a.kafka.common.utils.AppInfoParser - App info kafka.admin.client for reputacao-service-admin-0 unregistered
2026-09-19 18:02:54.139 INFO  service=reputacao-service correlationId= thread=kafka-admin-client-thread | reputacao-service-admin-0 logger=o.a.kafka.common.metrics.Metrics - Metrics scheduler closed
2026-09-19 18:02:54.140 INFO  service=reputacao-service correlationId= thread=kafka-admin-client-thread | reputacao-service-admin-0 logger=o.a.kafka.common.metrics.Metrics - Closing reporter org.apache.kafka.common.metrics.JmxReporter
2026-09-19 18:02:54.140 INFO  service=reputacao-service correlationId= thread=kafka-admin-client-thread | reputacao-service-admin-0 logger=o.a.kafka.common.metrics.Metrics - Metrics reporters closed
2026-09-19 18:02:54.796 INFO  service=reputacao-service correlationId=8ee51926-4dd4-435e-bb97-188c77577b31 thread=org.springframework.kafka.KafkaListenerEndpointContainer#0-0-C-1 logger=b.c.f.r.ContratoEventoListener - reputacao.evento.recebido eventId=2ecd9a00-3fd7-420a-8bc6-3f7e36fc86a1 contratoId=d9d59fd4-ad81-4f66-90fc-8ecda6f9f334 eventType=ContratoCriado
2026-09-19 18:02:54.796 INFO  service=reputacao-service correlationId=8ee51926-4dd4-435e-bb97-188c77577b31 thread=org.springframework.kafka.KafkaListenerEndpointContainer#0-0-C-1 logger=b.c.f.r.ContratoEventoListener - reputacao.evento.ignorado eventId=2ecd9a00-3fd7-420a-8bc6-3f7e36fc86a1 eventType=ContratoCriado (sem impacto na reputação)
2026-09-19 18:02:54.841 INFO  service=reputacao-service correlationId=8ee51926-4dd4-435e-bb97-188c77577b31 thread=org.springframework.kafka.KafkaListenerEndpointContainer#0-0-C-1 logger=b.c.f.r.ContratoEventoListener - reputacao.evento.processado eventId=2ecd9a00-3fd7-420a-8bc6-3f7e36fc86a1 contratoId=d9d59fd4-ad81-4f66-90fc-8ecda6f9f334
2026-09-19 18:03:15.415 INFO  service=reputacao-service correlationId= thread=AsyncResolver-bootstrap-executor-%d logger=c.n.d.s.r.aws.ConfigClusterResolver - Resolving eureka endpoints via configuration
2026-09-19 18:03:20.140 INFO  service=reputacao-service correlationId=d40f13df-2851-4226-a41f-d7e7f0cb8388 thread=org.springframework.kafka.KafkaListenerEndpointContainer#0-0-C-1 logger=b.c.f.r.ContratoEventoListener - reputacao.evento.recebido eventId=36c79753-303a-45a8-a74e-d9d0e5caca51 contratoId=1d724835-a59a-40b5-95aa-b6600f38a42e eventType=ContratoCriado
2026-09-19 18:03:20.140 INFO  service=reputacao-service correlationId=d40f13df-2851-4226-a41f-d7e7f0cb8388 thread=org.springframework.kafka.KafkaListenerEndpointContainer#0-0-C-1 logger=b.c.f.r.ContratoEventoListener - reputacao.evento.ignorado eventId=36c79753-303a-45a8-a74e-d9d0e5caca51 eventType=ContratoCriado (sem impacto na reputação)
2026-09-19 18:03:20.143 INFO  service=reputacao-service correlationId=d40f13df-2851-4226-a41f-d7e7f0cb8388 thread=org.springframework.kafka.KafkaListenerEndpointContainer#0-0-C-1 logger=b.c.f.r.ContratoEventoListener - reputacao.evento.processado eventId=36c79753-303a-45a8-a74e-d9d0e5caca51 contratoId=1d724835-a59a-40b5-95aa-b6600f38a42e
2026-09-19 18:03:34.195 INFO  service=reputacao-service correlationId=e4da46e1-4a65-42f4-9f0e-b23515bdb44e thread=org.springframework.kafka.KafkaListenerEndpointContainer#0-0-C-1 logger=b.c.f.r.ContratoEventoListener - reputacao.evento.recebido eventId=2507c3a3-d040-4eee-926c-fca875b9f660 contratoId=c028615b-61f1-4e1d-bfdb-8e9f093c24a5 eventType=ContratoCriado
2026-09-19 18:03:34.195 INFO  service=reputacao-service correlationId=e4da46e1-4a65-42f4-9f0e-b23515bdb44e thread=org.springframework.kafka.KafkaListenerEndpointContainer#0-0-C-1 logger=b.c.f.r.ContratoEventoListener - reputacao.evento.ignorado eventId=2507c3a3-d040-4eee-926c-fca875b9f660 eventType=ContratoCriado (sem impacto na reputação)
2026-09-19 18:03:34.198 INFO  service=reputacao-service correlationId=e4da46e1-4a65-42f4-9f0e-b23515bdb44e thread=org.springframework.kafka.KafkaListenerEndpointContainer#0-0-C-1 logger=b.c.f.r.ContratoEventoListener - reputacao.evento.processado eventId=2507c3a3-d040-4eee-926c-fca875b9f660 contratoId=c028615b-61f1-4e1d-bfdb-8e9f093c24a5
2026-09-19 18:04:04.295 INFO  service=reputacao-service correlationId=f56b938c-7e1c-42f0-8319-36f9db9c9441 thread=org.springframework.kafka.KafkaListenerEndpointContainer#0-0-C-1 logger=b.c.f.r.ContratoEventoListener - reputacao.evento.recebido eventId=506ef701-3102-410f-b5ed-95daca151065 contratoId=d9d59fd4-ad81-4f66-90fc-8ecda6f9f334 eventType=EntregaRegistrada
2026-09-19 18:04:04.295 INFO  service=reputacao-service correlationId=f56b938c-7e1c-42f0-8319-36f9db9c9441 thread=org.springframework.kafka.KafkaListenerEndpointContainer#0-0-C-1 logger=b.c.f.r.ContratoEventoListener - reputacao.evento.ignorado eventId=506ef701-3102-410f-b5ed-95daca151065 eventType=EntregaRegistrada (sem impacto na reputação)
2026-09-19 18:04:04.298 INFO  service=reputacao-service correlationId=f56b938c-7e1c-42f0-8319-36f9db9c9441 thread=org.springframework.kafka.KafkaListenerEndpointContainer#0-0-C-1 logger=b.c.f.r.ContratoEventoListener - reputacao.evento.processado eventId=506ef701-3102-410f-b5ed-95daca151065 contratoId=d9d59fd4-ad81-4f66-90fc-8ecda6f9f334
2026-09-19 18:04:16.344 INFO  service=reputacao-service correlationId=d8249d1f-5f13-4168-86e8-acd8f690ac2f thread=org.springframework.kafka.KafkaListenerEndpointContainer#0-0-C-1 logger=b.c.f.r.ContratoEventoListener - reputacao.evento.recebido eventId=62d58253-6e2a-4b43-9e6f-c59453d25d93 contratoId=1d724835-a59a-40b5-95aa-b6600f38a42e eventType=EntregaRegistrada
2026-09-19 18:04:16.344 INFO  service=reputacao-service correlationId=d8249d1f-5f13-4168-86e8-acd8f690ac2f thread=org.springframework.kafka.KafkaListenerEndpointContainer#0-0-C-1 logger=b.c.f.r.ContratoEventoListener - reputacao.evento.ignorado eventId=62d58253-6e2a-4b43-9e6f-c59453d25d93 eventType=EntregaRegistrada (sem impacto na reputação)
2026-09-19 18:04:16.347 INFO  service=reputacao-service correlationId=d8249d1f-5f13-4168-86e8-acd8f690ac2f thread=org.springframework.kafka.KafkaListenerEndpointContainer#0-0-C-1 logger=b.c.f.r.ContratoEventoListener - reputacao.evento.processado eventId=62d58253-6e2a-4b43-9e6f-c59453d25d93 contratoId=1d724835-a59a-40b5-95aa-b6600f38a42e
2026-09-19 18:04:28.396 INFO  service=reputacao-service correlationId=41520f5f-2cd7-4b1f-beb5-967ab63a96e5 thread=org.springframework.kafka.KafkaListenerEndpointContainer#0-0-C-1 logger=b.c.f.r.ContratoEventoListener - reputacao.evento.recebido eventId=4789cd17-f7b8-48ef-994e-13f41c4b1006 contratoId=c028615b-61f1-4e1d-bfdb-8e9f093c24a5 eventType=EntregaRegistrada
2026-09-19 18:04:28.397 INFO  service=reputacao-service correlationId=41520f5f-2cd7-4b1f-beb5-967ab63a96e5 thread=org.springframework.kafka.KafkaListenerEndpointContainer#0-0-C-1 logger=b.c.f.r.ContratoEventoListener - reputacao.evento.ignorado eventId=4789cd17-f7b8-48ef-994e-13f41c4b1006 eventType=EntregaRegistrada (sem impacto na reputação)
2026-09-19 18:04:28.399 INFO  service=reputacao-service correlationId=41520f5f-2cd7-4b1f-beb5-967ab63a96e5 thread=org.springframework.kafka.KafkaListenerEndpointContainer#0-0-C-1 logger=b.c.f.r.ContratoEventoListener - reputacao.evento.processado eventId=4789cd17-f7b8-48ef-994e-13f41c4b1006 contratoId=c028615b-61f1-4e1d-bfdb-8e9f093c24a5
2026-09-19 18:04:38.437 INFO  service=reputacao-service correlationId=sem-correlation-id thread=org.springframework.kafka.KafkaListenerEndpointContainer#0-0-C-1 logger=b.c.f.r.ContratoEventoListener - reputacao.evento.recebido eventId=7f8f2d4e-6c5d-4d73-b811-19c49cacc764 contratoId=c028615b-61f1-4e1d-bfdb-8e9f093c24a5 eventType=ContratoConcluido
2026-09-19 18:04:38.440 INFO  service=reputacao-service correlationId=sem-correlation-id thread=org.springframework.kafka.KafkaListenerEndpointContainer#0-0-C-1 logger=b.c.f.reputacao.ReputacaoService - reputacao.atualizacao.inicio contratoId=c028615b-61f1-4e1d-bfdb-8e9f093c24a5 freelancerId=bbbb8888-cccc-8888-bbbb-888888888888 valor=3200.75
2026-09-19 18:04:38.451 INFO  service=reputacao-service correlationId=sem-correlation-id thread=org.springframework.kafka.KafkaListenerEndpointContainer#0-0-C-1 logger=b.c.f.reputacao.ReputacaoService - reputacao.atualizacao.sucesso contratoId=c028615b-61f1-4e1d-bfdb-8e9f093c24a5 freelancerId=bbbb8888-cccc-8888-bbbb-888888888888 contratosConcluidos=1 valorTotal=3200.75
2026-09-19 18:04:38.455 INFO  service=reputacao-service correlationId=sem-correlation-id thread=org.springframework.kafka.KafkaListenerEndpointContainer#0-0-C-1 logger=b.c.f.r.ContratoEventoListener - reputacao.evento.processado eventId=7f8f2d4e-6c5d-4d73-b811-19c49cacc764 contratoId=c028615b-61f1-4e1d-bfdb-8e9f093c24a5
2026-09-19 18:04:52.489 INFO  service=reputacao-service correlationId=sem-correlation-id thread=org.springframework.kafka.KafkaListenerEndpointContainer#0-0-C-1 logger=b.c.f.r.ContratoEventoListener - reputacao.evento.recebido eventId=5eb38688-cc33-4e32-a3fd-0268aa8cf86c contratoId=1d724835-a59a-40b5-95aa-b6600f38a42e eventType=ContratoConcluido
2026-09-19 18:04:52.489 INFO  service=reputacao-service correlationId=sem-correlation-id thread=org.springframework.kafka.KafkaListenerEndpointContainer#0-0-C-1 logger=b.c.f.reputacao.ReputacaoService - reputacao.atualizacao.inicio contratoId=1d724835-a59a-40b5-95aa-b6600f38a42e freelancerId=ffff6666-aaaa-6666-ffff-666666666666 valor=1250
2026-09-19 18:04:52.494 INFO  service=reputacao-service correlationId=sem-correlation-id thread=org.springframework.kafka.KafkaListenerEndpointContainer#0-0-C-1 logger=b.c.f.reputacao.ReputacaoService - reputacao.atualizacao.sucesso contratoId=1d724835-a59a-40b5-95aa-b6600f38a42e freelancerId=ffff6666-aaaa-6666-ffff-666666666666 contratosConcluidos=1 valorTotal=1250
2026-09-19 18:04:52.497 INFO  service=reputacao-service correlationId=sem-correlation-id thread=org.springframework.kafka.KafkaListenerEndpointContainer#0-0-C-1 logger=b.c.f.r.ContratoEventoListener - reputacao.evento.processado eventId=5eb38688-cc33-4e32-a3fd-0268aa8cf86c contratoId=1d724835-a59a-40b5-95aa-b6600f38a42e
2026-09-19 18:05:04.534 INFO  service=reputacao-service correlationId=sem-correlation-id thread=org.springframework.kafka.KafkaListenerEndpointContainer#0-0-C-1 logger=b.c.f.r.ContratoEventoListener - reputacao.evento.recebido eventId=22a6694d-d8fc-476f-ab53-f38a11214ef8 contratoId=d9d59fd4-ad81-4f66-90fc-8ecda6f9f334 eventType=ContratoConcluido
2026-09-19 18:05:04.534 INFO  service=reputacao-service correlationId=sem-correlation-id thread=org.springframework.kafka.KafkaListenerEndpointContainer#0-0-C-1 logger=b.c.f.reputacao.ReputacaoService - reputacao.atualizacao.inicio contratoId=d9d59fd4-ad81-4f66-90fc-8ecda6f9f334 freelancerId=dddd4444-eeee-4444-dddd-444444444444 valor=950.5
2026-09-19 18:05:04.539 INFO  service=reputacao-service correlationId=sem-correlation-id thread=org.springframework.kafka.KafkaListenerEndpointContainer#0-0-C-1 logger=b.c.f.reputacao.ReputacaoService - reputacao.atualizacao.sucesso contratoId=d9d59fd4-ad81-4f66-90fc-8ecda6f9f334 freelancerId=dddd4444-eeee-4444-dddd-444444444444 contratosConcluidos=1 valorTotal=950.5
2026-09-19 18:05:04.542 INFO  service=reputacao-service correlationId=sem-correlation-id thread=org.springframework.kafka.KafkaListenerEndpointContainer#0-0-C-1 logger=b.c.f.r.ContratoEventoListener - reputacao.evento.processado eventId=22a6694d-d8fc-476f-ab53-f38a11214ef8 contratoId=d9d59fd4-ad81-4f66-90fc-8ecda6f9f334
2026-09-19 18:08:15.415 INFO  service=reputacao-service correlationId= thread=AsyncResolver-bootstrap-executor-%d logger=c.n.d.s.r.aws.ConfigClusterResolver - Resolving eureka endpoints via configuration
2026-09-19 18:13:15.417 INFO  service=reputacao-service correlationId= thread=AsyncResolver-bootstrap-executor-%d logger=c.n.d.s.r.aws.ConfigClusterResolver - Resolving eureka endpoints via configuration
2026-09-19 18:18:15.418 INFO  service=reputacao-service correlationId= thread=AsyncResolver-bootstrap-executor-%d logger=c.n.d.s.r.aws.ConfigClusterResolver - Resolving eureka endpoints via configuration
2026-09-19 18:18:32.985 INFO  service=reputacao-service correlationId= thread=SpringApplicationShutdownHook logger=o.s.c.n.e.s.EurekaServiceRegistry - Unregistering application REPUTACAO-SERVICE with eureka with status DOWN
2026-09-19 18:18:32.985 INFO  service=reputacao-service correlationId= thread=SpringApplicationShutdownHook logger=c.netflix.discovery.DiscoveryClient - Saw local status change event StatusChangeEvent [timestamp=1789852712985, current=DOWN, previous=UP]
2026-09-19 18:18:32.985 INFO  service=reputacao-service correlationId= thread=DiscoveryClient-InstanceInfoReplicator-%d logger=c.netflix.discovery.DiscoveryClient - DiscoveryClient_REPUTACAO-SERVICE/localhost:reputacao-service:8083: registering service...
2026-09-19 18:18:32.993 INFO  service=reputacao-service correlationId= thread=org.springframework.kafka.KafkaListenerEndpointContainer#0-0-C-1 logger=o.a.k.c.c.i.ConsumerRebalanceListenerInvoker - [Consumer clientId=consumer-reputacao-service-1, groupId=reputacao-service] Revoke previously assigned partitions [contrato-eventos-0, contrato-eventos-1, contrato-eventos-2]
2026-09-19 18:18:32.993 INFO  service=reputacao-service correlationId= thread=DiscoveryClient-InstanceInfoReplicator-%d logger=c.netflix.discovery.DiscoveryClient - DiscoveryClient_REPUTACAO-SERVICE/localhost:reputacao-service:8083 - registration status: 204
2026-09-19 18:18:32.994 INFO  service=reputacao-service correlationId= thread=org.springframework.kafka.KafkaListenerEndpointContainer#0-0-C-1 logger=o.s.k.l.KafkaMessageListenerContainer - reputacao-service: partitions revoked: [contrato-eventos-0, contrato-eventos-1, contrato-eventos-2]
2026-09-19 18:18:32.995 INFO  service=reputacao-service correlationId= thread=org.springframework.kafka.KafkaListenerEndpointContainer#0-0-C-1 logger=o.a.k.c.c.i.ConsumerCoordinator - [Consumer clientId=consumer-reputacao-service-1, groupId=reputacao-service] Member consumer-reputacao-service-1-9df6059d-d958-4236-be9f-a11a76882003 sending LeaveGroup request to coordinator localhost:9092 (id: 2147483646 rack: null isFenced: false) due to the consumer unsubscribed from all topics
2026-09-19 18:18:32.997 INFO  service=reputacao-service correlationId= thread=org.springframework.kafka.KafkaListenerEndpointContainer#0-0-C-1 logger=o.a.k.c.c.i.ConsumerCoordinator - [Consumer clientId=consumer-reputacao-service-1, groupId=reputacao-service] Resetting generation and member id due to: consumer pro-actively leaving the group
2026-09-19 18:18:32.997 INFO  service=reputacao-service correlationId= thread=org.springframework.kafka.KafkaListenerEndpointContainer#0-0-C-1 logger=o.a.k.c.c.i.ConsumerCoordinator - [Consumer clientId=consumer-reputacao-service-1, groupId=reputacao-service] Request joining group due to: consumer pro-actively leaving the group
2026-09-19 18:18:32.997 INFO  service=reputacao-service correlationId= thread=org.springframework.kafka.KafkaListenerEndpointContainer#0-0-C-1 logger=o.a.k.c.c.i.ClassicKafkaConsumer - [Consumer clientId=consumer-reputacao-service-1, groupId=reputacao-service] Unsubscribed all topics or patterns and assigned partitions
2026-09-19 18:18:33.002 INFO  service=reputacao-service correlationId= thread=org.springframework.kafka.KafkaListenerEndpointContainer#0-0-C-1 logger=o.a.k.c.c.i.ConsumerCoordinator - [Consumer clientId=consumer-reputacao-service-1, groupId=reputacao-service] Resetting generation and member id due to: consumer pro-actively leaving the group
2026-09-19 18:18:33.002 INFO  service=reputacao-service correlationId= thread=org.springframework.kafka.KafkaListenerEndpointContainer#0-0-C-1 logger=o.a.k.c.c.i.ConsumerCoordinator - [Consumer clientId=consumer-reputacao-service-1, groupId=reputacao-service] Request joining group due to: consumer pro-actively leaving the group
2026-09-19 18:18:33.172 INFO  service=reputacao-service correlationId= thread=org.springframework.kafka.KafkaListenerEndpointContainer#0-0-C-1 logger=o.a.kafka.common.metrics.Metrics - Metrics scheduler closed
2026-09-19 18:18:33.172 INFO  service=reputacao-service correlationId= thread=org.springframework.kafka.KafkaListenerEndpointContainer#0-0-C-1 logger=o.a.kafka.common.metrics.Metrics - Closing reporter org.apache.kafka.common.metrics.JmxReporter
2026-09-19 18:18:33.172 INFO  service=reputacao-service correlationId= thread=org.springframework.kafka.KafkaListenerEndpointContainer#0-0-C-1 logger=o.a.kafka.common.metrics.Metrics - Closing reporter org.apache.kafka.common.telemetry.internals.ClientTelemetryReporter
2026-09-19 18:18:33.173 INFO  service=reputacao-service correlationId= thread=org.springframework.kafka.KafkaListenerEndpointContainer#0-0-C-1 logger=o.a.kafka.common.metrics.Metrics - Metrics reporters closed
2026-09-19 18:18:33.181 INFO  service=reputacao-service correlationId= thread=org.springframework.kafka.KafkaListenerEndpointContainer#0-0-C-1 logger=o.a.kafka.common.utils.AppInfoParser - App info kafka.consumer for consumer-reputacao-service-1 unregistered
2026-09-19 18:18:33.183 INFO  service=reputacao-service correlationId= thread=org.springframework.kafka.KafkaListenerEndpointContainer#0-0-C-1 logger=o.s.k.l.KafkaMessageListenerContainer - reputacao-service: Consumer stopped
2026-09-19 18:18:33.186 INFO  service=reputacao-service correlationId= thread=SpringApplicationShutdownHook logger=o.s.boot.tomcat.GracefulShutdown - Commencing graceful shutdown. Waiting for active requests to complete
2026-09-19 18:18:33.205 INFO  service=reputacao-service correlationId= thread=tomcat-shutdown logger=o.s.boot.tomcat.GracefulShutdown - Graceful shutdown complete
2026-09-19 18:18:33.217 INFO  service=reputacao-service correlationId= thread=SpringApplicationShutdownHook logger=o.s.o.j.LocalContainerEntityManagerFactoryBean - Closing JPA EntityManagerFactory for persistence unit 'default'
2026-09-19 18:18:33.220 INFO  service=reputacao-service correlationId= thread=SpringApplicationShutdownHook logger=com.zaxxer.hikari.HikariDataSource - HikariPool-1 - Shutdown initiated...
2026-09-19 18:18:33.229 INFO  service=reputacao-service correlationId= thread=SpringApplicationShutdownHook logger=com.zaxxer.hikari.HikariDataSource - HikariPool-1 - Shutdown completed.
2026-09-19 18:18:33.489 INFO  service=reputacao-service correlationId= thread=SpringApplicationShutdownHook logger=c.netflix.discovery.DiscoveryClient - Shutting down DiscoveryClient ...
2026-09-19 18:18:36.490 INFO  service=reputacao-service correlationId= thread=SpringApplicationShutdownHook logger=c.netflix.discovery.DiscoveryClient - Unregistering ...
2026-09-19 18:18:36.496 INFO  service=reputacao-service correlationId= thread=SpringApplicationShutdownHook logger=c.netflix.discovery.DiscoveryClient - DiscoveryClient_REPUTACAO-SERVICE/localhost:reputacao-service:8083 - deregister  status: 200
2026-09-19 18:18:36.496 INFO  service=reputacao-service correlationId= thread=SpringApplicationShutdownHook logger=c.netflix.discovery.DiscoveryClient - Completed shut down of DiscoveryClient
2026-09-19 18:20:22.403 INFO  service=reputacao-service correlationId= thread=main logger=b.c.f.reputacao.ReputacaoApplication - Starting ReputacaoApplication using Java 21.0.8 with PID 2820 (D:\Faculdade\TPs e ATs\8 semestre\Domain-Driven Design (DDD) e Arquitetura de Softwares Escaláveis com Java\AT\freela-marketplace-assessment\reputacao-service\target\classes started by diego in D:\Faculdade\TPs e ATs\8 semestre\Domain-Driven Design (DDD) e Arquitetura de Softwares Escaláveis com Java\AT\freela-marketplace-assessment\reputacao-service)
2026-09-19 18:20:22.405 INFO  service=reputacao-service correlationId= thread=main logger=b.c.f.reputacao.ReputacaoApplication - No active profile set, falling back to 1 default profile: "default"
2026-09-19 18:20:23.231 INFO  service=reputacao-service correlationId= thread=main logger=o.s.d.r.c.RepositoryConfigurationDelegate - Bootstrapping Spring Data JPA repositories in DEFAULT mode.
2026-09-19 18:20:23.387 INFO  service=reputacao-service correlationId= thread=main logger=o.s.d.r.c.RepositoryConfigurationDelegate - Finished Spring Data repository scanning in 145 ms. Found 2 JPA repository interfaces.
2026-09-19 18:20:23.769 INFO  service=reputacao-service correlationId= thread=main logger=o.s.cloud.context.scope.GenericScope - BeanFactory id=d0cb7444-3294-349b-8e60-cd7c3f95fc92
2026-09-19 18:20:24.206 INFO  service=reputacao-service correlationId= thread=main logger=o.s.boot.tomcat.TomcatWebServer - Tomcat initialized with port 8083 (http)
2026-09-19 18:20:24.225 INFO  service=reputacao-service correlationId= thread=main logger=o.a.catalina.core.StandardService - Starting service [Tomcat]
2026-09-19 18:20:24.225 INFO  service=reputacao-service correlationId= thread=main logger=o.a.catalina.core.StandardEngine - Starting Servlet engine: [Apache Tomcat/11.0.22]
2026-09-19 18:20:24.322 INFO  service=reputacao-service correlationId= thread=main logger=o.s.b.w.c.s.WebApplicationContextInitializer - Root WebApplicationContext: initialization completed in 1869 ms
2026-09-19 18:20:24.887 INFO  service=reputacao-service correlationId= thread=main logger=org.hibernate.orm.jpa - HHH008540: Processing PersistenceUnitInfo [name: default]
2026-09-19 18:20:24.952 INFO  service=reputacao-service correlationId= thread=main logger=org.hibernate.orm.core - HHH000001: Hibernate ORM core version 7.4.1.Final
2026-09-19 18:20:25.401 INFO  service=reputacao-service correlationId= thread=main logger=o.s.o.j.p.SpringPersistenceUnitInfo - No LoadTimeWeaver setup: ignoring JPA class transformer
2026-09-19 18:20:25.442 INFO  service=reputacao-service correlationId= thread=main logger=com.zaxxer.hikari.HikariDataSource - HikariPool-1 - Starting...
2026-09-19 18:20:25.604 INFO  service=reputacao-service correlationId= thread=main logger=com.zaxxer.hikari.pool.HikariPool - HikariPool-1 - Added connection org.postgresql.jdbc.PgConnection@598f1faf
2026-09-19 18:20:25.606 INFO  service=reputacao-service correlationId= thread=main logger=com.zaxxer.hikari.HikariDataSource - HikariPool-1 - Start completed.
2026-09-19 18:20:25.687 INFO  service=reputacao-service correlationId= thread=main logger=o.hibernate.orm.connections.pooling - HHH10001005: Database info:
	Database JDBC URL [jdbc:postgresql://localhost:5432/reputacao_db]
	Database driver: PostgreSQL JDBC Driver
	Database dialect: PostgreSQLDialect
	Database version: 16.13
	Default catalog/schema: reputacao_db/public
	Autocommit mode: undefined/unknown
	Isolation level: READ_COMMITTED [default READ_COMMITTED]
	JDBC fetch size: none
	Pool: DataSourceConnectionProvider
	Minimum pool size: undefined/unknown
	Maximum pool size: undefined/unknown
2026-09-19 18:20:26.712 INFO  service=reputacao-service correlationId= thread=main logger=org.hibernate.orm.core - HHH000489: No JTA platform available (set 'hibernate.transaction.jta.platform' to enable JTA platform integration)
2026-09-19 18:20:26.784 INFO  service=reputacao-service correlationId= thread=main logger=o.s.o.j.LocalContainerEntityManagerFactoryBean - Initialized JPA EntityManagerFactory for persistence unit 'default'
2026-09-19 18:20:26.872 INFO  service=reputacao-service correlationId= thread=main logger=o.s.d.j.r.q.QueryEnhancerFactories - Hibernate is in classpath; If applicable, HQL parser will be used.
2026-09-19 18:20:28.495 INFO  service=reputacao-service correlationId= thread=main logger=o.s.cloud.commons.util.InetUtils - Cannot determine local hostname
2026-09-19 18:20:29.787 INFO  service=reputacao-service correlationId= thread=main logger=o.s.cloud.commons.util.InetUtils - Cannot determine local hostname
2026-09-19 18:20:29.812 INFO  service=reputacao-service correlationId= thread=main logger=o.s.c.n.e.c.DiscoveryClientOptionalArgsConfiguration - Eureka HTTP Client uses RestClient.
2026-09-19 18:20:29.859 WARN  service=reputacao-service correlationId= thread=main logger=o.s.c.l.c.LoadBalancerCacheAutoConfiguration$LoadBalancerCaffeineWarnLogger - Spring Cloud LoadBalancer is currently working with the default cache. While this cache implementation is useful for development and tests, it's recommended to use Caffeine cache in production.You can switch to using Caffeine cache, by adding it and org.springframework.cache.caffeine.CaffeineCacheManager to the classpath.
2026-09-19 18:20:29.869 INFO  service=reputacao-service correlationId= thread=main logger=o.s.b.a.e.web.EndpointLinksResolver - Exposing 3 endpoints beneath base path '/actuator'
2026-09-19 18:20:29.978 INFO  service=reputacao-service correlationId= thread=main logger=o.s.c.n.eureka.InstanceInfoFactory - Setting initial instance status as: STARTING
2026-09-19 18:20:30.003 INFO  service=reputacao-service correlationId= thread=main logger=c.netflix.discovery.DiscoveryClient - Initializing Eureka in region us-east-1
2026-09-19 18:20:30.007 INFO  service=reputacao-service correlationId= thread=main logger=c.n.d.s.r.aws.ConfigClusterResolver - Resolving eureka endpoints via configuration
2026-09-19 18:20:30.018 INFO  service=reputacao-service correlationId= thread=main logger=c.netflix.discovery.DiscoveryClient - Disable delta property : false
2026-09-19 18:20:30.019 INFO  service=reputacao-service correlationId= thread=main logger=c.netflix.discovery.DiscoveryClient - Single vip registry refresh property : null
2026-09-19 18:20:30.019 INFO  service=reputacao-service correlationId= thread=main logger=c.netflix.discovery.DiscoveryClient - Force full registry fetch : false
2026-09-19 18:20:30.019 INFO  service=reputacao-service correlationId= thread=main logger=c.netflix.discovery.DiscoveryClient - Application is null : false
2026-09-19 18:20:30.019 INFO  service=reputacao-service correlationId= thread=main logger=c.netflix.discovery.DiscoveryClient - Registered Applications size is zero : true
2026-09-19 18:20:30.019 INFO  service=reputacao-service correlationId= thread=main logger=c.netflix.discovery.DiscoveryClient - Application version is -1: true
2026-09-19 18:20:30.019 INFO  service=reputacao-service correlationId= thread=main logger=c.netflix.discovery.DiscoveryClient - Getting all instance registry info from the eureka server
2026-09-19 18:20:30.359 INFO  service=reputacao-service correlationId= thread=main logger=c.netflix.discovery.DiscoveryClient - The response status is 200
2026-09-19 18:20:30.361 INFO  service=reputacao-service correlationId= thread=main logger=c.netflix.discovery.DiscoveryClient - Starting heartbeat executor: renew interval is: 30
2026-09-19 18:20:30.363 INFO  service=reputacao-service correlationId= thread=main logger=c.n.discovery.InstanceInfoReplicator - InstanceInfoReplicator onDemand update allowed rate per min is 4
2026-09-19 18:20:30.365 INFO  service=reputacao-service correlationId= thread=main logger=c.netflix.discovery.DiscoveryClient - Discovery Client initialized at timestamp 1789852830365 with initial instances count: 4
2026-09-19 18:20:30.372 INFO  service=reputacao-service correlationId= thread=main logger=o.s.c.n.e.s.EurekaServiceRegistry - Registering application REPUTACAO-SERVICE with eureka with status UP
2026-09-19 18:20:30.373 INFO  service=reputacao-service correlationId= thread=main logger=c.netflix.discovery.DiscoveryClient - Saw local status change event StatusChangeEvent [timestamp=1789852830373, current=UP, previous=STARTING]
2026-09-19 18:20:30.375 INFO  service=reputacao-service correlationId= thread=DiscoveryClient-InstanceInfoReplicator-%d logger=c.netflix.discovery.DiscoveryClient - DiscoveryClient_REPUTACAO-SERVICE/localhost:reputacao-service:8083: registering service...
2026-09-19 18:20:30.395 INFO  service=reputacao-service correlationId= thread=main logger=o.s.boot.tomcat.TomcatWebServer - Tomcat started on port 8083 (http) with context path '/'
2026-09-19 18:20:30.396 INFO  service=reputacao-service correlationId= thread=main logger=o.s.c.n.e.s.EurekaAutoServiceRegistration - Updating port to 8083
2026-09-19 18:20:30.427 INFO  service=reputacao-service correlationId= thread=DiscoveryClient-InstanceInfoReplicator-%d logger=c.netflix.discovery.DiscoveryClient - DiscoveryClient_REPUTACAO-SERVICE/localhost:reputacao-service:8083 - registration status: 204
2026-09-19 18:20:31.407 INFO  service=reputacao-service correlationId= thread=main logger=o.s.cloud.commons.util.InetUtils - Cannot determine local hostname
2026-09-19 18:20:31.459 INFO  service=reputacao-service correlationId= thread=main logger=o.a.k.common.config.AbstractConfig - ConsumerConfig values: 
	allow.auto.create.topics = true
	auto.commit.interval.ms = 5000
	auto.offset.reset = earliest
	bootstrap.servers = [localhost:9092]
	check.crcs = true
	client.dns.lookup = use_all_dns_ips
	client.id = consumer-reputacao-service-1
	client.rack = 
	config.providers = []
	connections.max.idle.ms = 540000
	default.api.timeout.ms = 60000
	enable.auto.commit = false
	enable.metrics.push = true
	exclude.internal.topics = true
	fetch.max.bytes = 52428800
	fetch.max.wait.ms = 500
	fetch.min.bytes = 1
	group.id = reputacao-service
	group.instance.id = null
	group.protocol = classic
	group.remote.assignor = null
	heartbeat.interval.ms = 3000
	interceptor.classes = []
	internal.throw.on.fetch.stable.offset.unsupported = false
	isolation.level = read_uncommitted
	key.deserializer = class org.apache.kafka.common.serialization.StringDeserializer
	max.partition.fetch.bytes = 1048576
	max.poll.interval.ms = 300000
	max.poll.records = 500
	metadata.max.age.ms = 300000
	metadata.recovery.rebootstrap.trigger.ms = 300000
	metadata.recovery.strategy = rebootstrap
	metric.reporters = [org.apache.kafka.common.metrics.JmxReporter]
	metrics.num.samples = 2
	metrics.recording.level = INFO
	metrics.sample.window.ms = 30000
	partition.assignment.strategy = [class org.apache.kafka.clients.consumer.RangeAssignor, class org.apache.kafka.clients.consumer.CooperativeStickyAssignor]
	receive.buffer.bytes = 65536
	reconnect.backoff.max.ms = 1000
	reconnect.backoff.ms = 50
	request.timeout.ms = 30000
	retry.backoff.max.ms = 1000
	retry.backoff.ms = 100
	sasl.client.callback.handler.class = null
	sasl.jaas.config = null
	sasl.kerberos.kinit.cmd = /usr/bin/kinit
	sasl.kerberos.min.time.before.relogin = 60000
	sasl.kerberos.service.name = null
	sasl.kerberos.ticket.renew.jitter = 0.05
	sasl.kerberos.ticket.renew.window.factor = 0.8
	sasl.login.callback.handler.class = null
	sasl.login.class = null
	sasl.login.connect.timeout.ms = null
	sasl.login.read.timeout.ms = null
	sasl.login.refresh.buffer.seconds = 300
	sasl.login.refresh.min.period.seconds = 60
	sasl.login.refresh.window.factor = 0.8
	sasl.login.refresh.window.jitter = 0.05
	sasl.login.retry.backoff.max.ms = 10000
	sasl.login.retry.backoff.ms = 100
	sasl.mechanism = GSSAPI
	sasl.oauthbearer.assertion.algorithm = RS256
	sasl.oauthbearer.assertion.claim.aud = null
	sasl.oauthbearer.assertion.claim.exp.seconds = 300
	sasl.oauthbearer.assertion.claim.iss = null
	sasl.oauthbearer.assertion.claim.jti.include = false
	sasl.oauthbearer.assertion.claim.nbf.seconds = 60
	sasl.oauthbearer.assertion.claim.sub = null
	sasl.oauthbearer.assertion.file = null
	sasl.oauthbearer.assertion.private.key.file = null
	sasl.oauthbearer.assertion.private.key.passphrase = null
	sasl.oauthbearer.assertion.template.file = null
	sasl.oauthbearer.client.credentials.client.id = null
	sasl.oauthbearer.client.credentials.client.secret = null
	sasl.oauthbearer.clock.skew.seconds = 30
	sasl.oauthbearer.expected.audience = []
	sasl.oauthbearer.expected.issuer = null
	sasl.oauthbearer.header.urlencode = false
	sasl.oauthbearer.jwks.endpoint.refresh.ms = 3600000
	sasl.oauthbearer.jwks.endpoint.retry.backoff.max.ms = 10000
	sasl.oauthbearer.jwks.endpoint.retry.backoff.ms = 100
	sasl.oauthbearer.jwks.endpoint.url = null
	sasl.oauthbearer.jwt.retriever.class = class org.apache.kafka.common.security.oauthbearer.DefaultJwtRetriever
	sasl.oauthbearer.jwt.validator.class = class org.apache.kafka.common.security.oauthbearer.DefaultJwtValidator
	sasl.oauthbearer.scope = null
	sasl.oauthbearer.scope.claim.name = scope
	sasl.oauthbearer.sub.claim.name = sub
	sasl.oauthbearer.token.endpoint.url = null
	security.protocol = PLAINTEXT
	security.providers = null
	send.buffer.bytes = 131072
	session.timeout.ms = 45000
	share.acknowledgement.mode = implicit
	share.acquire.mode = BATCH_OPTIMIZED
	socket.connection.setup.timeout.max.ms = 30000
	socket.connection.setup.timeout.ms = 10000
	ssl.cipher.suites = []
	ssl.enabled.protocols = [TLSv1.2, TLSv1.3]
	ssl.endpoint.identification.algorithm = https
	ssl.engine.factory.class = null
	ssl.key.password = null
	ssl.keymanager.algorithm = SunX509
	ssl.keystore.certificate.chain = null
	ssl.keystore.key = null
	ssl.keystore.location = null
	ssl.keystore.password = null
	ssl.keystore.type = JKS
	ssl.protocol = TLSv1.3
	ssl.provider = null
	ssl.secure.random.implementation = null
	ssl.trustmanager.algorithm = PKIX
	ssl.truststore.certificates = null
	ssl.truststore.location = null
	ssl.truststore.password = null
	ssl.truststore.type = JKS
	value.deserializer = class org.apache.kafka.common.serialization.StringDeserializer

2026-09-19 18:20:31.513 INFO  service=reputacao-service correlationId= thread=main logger=o.a.k.c.t.i.KafkaMetricsCollector - initializing Kafka metrics collector
2026-09-19 18:20:31.677 INFO  service=reputacao-service correlationId= thread=main logger=o.a.kafka.common.utils.AppInfoParser - Kafka version: 4.2.1
2026-09-19 18:20:31.678 INFO  service=reputacao-service correlationId= thread=main logger=o.a.kafka.common.utils.AppInfoParser - Kafka commitId: 92f61c44867f39dc
2026-09-19 18:20:31.678 INFO  service=reputacao-service correlationId= thread=main logger=o.a.kafka.common.utils.AppInfoParser - Kafka startTimeMs: 1789852831675
2026-09-19 18:20:31.695 INFO  service=reputacao-service correlationId= thread=main logger=o.a.k.c.c.i.ClassicKafkaConsumer - [Consumer clientId=consumer-reputacao-service-1, groupId=reputacao-service] Subscribed to topic(s): contrato-eventos
2026-09-19 18:20:31.704 INFO  service=reputacao-service correlationId= thread=main logger=o.a.k.common.config.AbstractConfig - ConsumerConfig values: 
	allow.auto.create.topics = true
	auto.commit.interval.ms = 5000
	auto.offset.reset = earliest
	bootstrap.servers = [localhost:9092]
	check.crcs = true
	client.dns.lookup = use_all_dns_ips
	client.id = consumer-reputacao-service-2
	client.rack = 
	config.providers = []
	connections.max.idle.ms = 540000
	default.api.timeout.ms = 60000
	enable.auto.commit = false
	enable.metrics.push = true
	exclude.internal.topics = true
	fetch.max.bytes = 52428800
	fetch.max.wait.ms = 500
	fetch.min.bytes = 1
	group.id = reputacao-service
	group.instance.id = null
	group.protocol = classic
	group.remote.assignor = null
	heartbeat.interval.ms = 3000
	interceptor.classes = []
	internal.throw.on.fetch.stable.offset.unsupported = false
	isolation.level = read_uncommitted
	key.deserializer = class org.apache.kafka.common.serialization.StringDeserializer
	max.partition.fetch.bytes = 1048576
	max.poll.interval.ms = 300000
	max.poll.records = 500
	metadata.max.age.ms = 300000
	metadata.recovery.rebootstrap.trigger.ms = 300000
	metadata.recovery.strategy = rebootstrap
	metric.reporters = [org.apache.kafka.common.metrics.JmxReporter]
	metrics.num.samples = 2
	metrics.recording.level = INFO
	metrics.sample.window.ms = 30000
	partition.assignment.strategy = [class org.apache.kafka.clients.consumer.RangeAssignor, class org.apache.kafka.clients.consumer.CooperativeStickyAssignor]
	receive.buffer.bytes = 65536
	reconnect.backoff.max.ms = 1000
	reconnect.backoff.ms = 50
	request.timeout.ms = 30000
	retry.backoff.max.ms = 1000
	retry.backoff.ms = 100
	sasl.client.callback.handler.class = null
	sasl.jaas.config = null
	sasl.kerberos.kinit.cmd = /usr/bin/kinit
	sasl.kerberos.min.time.before.relogin = 60000
	sasl.kerberos.service.name = null
	sasl.kerberos.ticket.renew.jitter = 0.05
	sasl.kerberos.ticket.renew.window.factor = 0.8
	sasl.login.callback.handler.class = null
	sasl.login.class = null
	sasl.login.connect.timeout.ms = null
	sasl.login.read.timeout.ms = null
	sasl.login.refresh.buffer.seconds = 300
	sasl.login.refresh.min.period.seconds = 60
	sasl.login.refresh.window.factor = 0.8
	sasl.login.refresh.window.jitter = 0.05
	sasl.login.retry.backoff.max.ms = 10000
	sasl.login.retry.backoff.ms = 100
	sasl.mechanism = GSSAPI
	sasl.oauthbearer.assertion.algorithm = RS256
	sasl.oauthbearer.assertion.claim.aud = null
	sasl.oauthbearer.assertion.claim.exp.seconds = 300
	sasl.oauthbearer.assertion.claim.iss = null
	sasl.oauthbearer.assertion.claim.jti.include = false
	sasl.oauthbearer.assertion.claim.nbf.seconds = 60
	sasl.oauthbearer.assertion.claim.sub = null
	sasl.oauthbearer.assertion.file = null
	sasl.oauthbearer.assertion.private.key.file = null
	sasl.oauthbearer.assertion.private.key.passphrase = null
	sasl.oauthbearer.assertion.template.file = null
	sasl.oauthbearer.client.credentials.client.id = null
	sasl.oauthbearer.client.credentials.client.secret = null
	sasl.oauthbearer.clock.skew.seconds = 30
	sasl.oauthbearer.expected.audience = []
	sasl.oauthbearer.expected.issuer = null
	sasl.oauthbearer.header.urlencode = false
	sasl.oauthbearer.jwks.endpoint.refresh.ms = 3600000
	sasl.oauthbearer.jwks.endpoint.retry.backoff.max.ms = 10000
	sasl.oauthbearer.jwks.endpoint.retry.backoff.ms = 100
	sasl.oauthbearer.jwks.endpoint.url = null
	sasl.oauthbearer.jwt.retriever.class = class org.apache.kafka.common.security.oauthbearer.DefaultJwtRetriever
	sasl.oauthbearer.jwt.validator.class = class org.apache.kafka.common.security.oauthbearer.DefaultJwtValidator
	sasl.oauthbearer.scope = null
	sasl.oauthbearer.scope.claim.name = scope
	sasl.oauthbearer.sub.claim.name = sub
	sasl.oauthbearer.token.endpoint.url = null
	security.protocol = PLAINTEXT
	security.providers = null
	send.buffer.bytes = 131072
	session.timeout.ms = 45000
	share.acknowledgement.mode = implicit
	share.acquire.mode = BATCH_OPTIMIZED
	socket.connection.setup.timeout.max.ms = 30000
	socket.connection.setup.timeout.ms = 10000
	ssl.cipher.suites = []
	ssl.enabled.protocols = [TLSv1.2, TLSv1.3]
	ssl.endpoint.identification.algorithm = https
	ssl.engine.factory.class = null
	ssl.key.password = null
	ssl.keymanager.algorithm = SunX509
	ssl.keystore.certificate.chain = null
	ssl.keystore.key = null
	ssl.keystore.location = null
	ssl.keystore.password = null
	ssl.keystore.type = JKS
	ssl.protocol = TLSv1.3
	ssl.provider = null
	ssl.secure.random.implementation = null
	ssl.trustmanager.algorithm = PKIX
	ssl.truststore.certificates = null
	ssl.truststore.location = null
	ssl.truststore.password = null
	ssl.truststore.type = JKS
	value.deserializer = class org.apache.kafka.common.serialization.StringDeserializer

2026-09-19 18:20:31.705 INFO  service=reputacao-service correlationId= thread=main logger=o.a.k.c.t.i.KafkaMetricsCollector - initializing Kafka metrics collector
2026-09-19 18:20:31.715 INFO  service=reputacao-service correlationId= thread=main logger=o.a.kafka.common.utils.AppInfoParser - Kafka version: 4.2.1
2026-09-19 18:20:31.715 INFO  service=reputacao-service correlationId= thread=main logger=o.a.kafka.common.utils.AppInfoParser - Kafka commitId: 92f61c44867f39dc
2026-09-19 18:20:31.715 INFO  service=reputacao-service correlationId= thread=main logger=o.a.kafka.common.utils.AppInfoParser - Kafka startTimeMs: 1789852831715
2026-09-19 18:20:31.720 INFO  service=reputacao-service correlationId= thread=main logger=o.a.k.c.c.i.ClassicKafkaConsumer - [Consumer clientId=consumer-reputacao-service-2, groupId=reputacao-service] Subscribed to topic(s): contrato-eventos
2026-09-19 18:20:31.723 INFO  service=reputacao-service correlationId= thread=main logger=o.a.k.common.config.AbstractConfig - ConsumerConfig values: 
	allow.auto.create.topics = true
	auto.commit.interval.ms = 5000
	auto.offset.reset = earliest
	bootstrap.servers = [localhost:9092]
	check.crcs = true
	client.dns.lookup = use_all_dns_ips
	client.id = consumer-reputacao-service-3
	client.rack = 
	config.providers = []
	connections.max.idle.ms = 540000
	default.api.timeout.ms = 60000
	enable.auto.commit = false
	enable.metrics.push = true
	exclude.internal.topics = true
	fetch.max.bytes = 52428800
	fetch.max.wait.ms = 500
	fetch.min.bytes = 1
	group.id = reputacao-service
	group.instance.id = null
	group.protocol = classic
	group.remote.assignor = null
	heartbeat.interval.ms = 3000
	interceptor.classes = []
	internal.throw.on.fetch.stable.offset.unsupported = false
	isolation.level = read_uncommitted
	key.deserializer = class org.apache.kafka.common.serialization.StringDeserializer
	max.partition.fetch.bytes = 1048576
	max.poll.interval.ms = 300000
	max.poll.records = 500
	metadata.max.age.ms = 300000
	metadata.recovery.rebootstrap.trigger.ms = 300000
	metadata.recovery.strategy = rebootstrap
	metric.reporters = [org.apache.kafka.common.metrics.JmxReporter]
	metrics.num.samples = 2
	metrics.recording.level = INFO
	metrics.sample.window.ms = 30000
	partition.assignment.strategy = [class org.apache.kafka.clients.consumer.RangeAssignor, class org.apache.kafka.clients.consumer.CooperativeStickyAssignor]
	receive.buffer.bytes = 65536
	reconnect.backoff.max.ms = 1000
	reconnect.backoff.ms = 50
	request.timeout.ms = 30000
	retry.backoff.max.ms = 1000
	retry.backoff.ms = 100
	sasl.client.callback.handler.class = null
	sasl.jaas.config = null
	sasl.kerberos.kinit.cmd = /usr/bin/kinit
	sasl.kerberos.min.time.before.relogin = 60000
	sasl.kerberos.service.name = null
	sasl.kerberos.ticket.renew.jitter = 0.05
	sasl.kerberos.ticket.renew.window.factor = 0.8
	sasl.login.callback.handler.class = null
	sasl.login.class = null
	sasl.login.connect.timeout.ms = null
	sasl.login.read.timeout.ms = null
	sasl.login.refresh.buffer.seconds = 300
	sasl.login.refresh.min.period.seconds = 60
	sasl.login.refresh.window.factor = 0.8
	sasl.login.refresh.window.jitter = 0.05
	sasl.login.retry.backoff.max.ms = 10000
	sasl.login.retry.backoff.ms = 100
	sasl.mechanism = GSSAPI
	sasl.oauthbearer.assertion.algorithm = RS256
	sasl.oauthbearer.assertion.claim.aud = null
	sasl.oauthbearer.assertion.claim.exp.seconds = 300
	sasl.oauthbearer.assertion.claim.iss = null
	sasl.oauthbearer.assertion.claim.jti.include = false
	sasl.oauthbearer.assertion.claim.nbf.seconds = 60
	sasl.oauthbearer.assertion.claim.sub = null
	sasl.oauthbearer.assertion.file = null
	sasl.oauthbearer.assertion.private.key.file = null
	sasl.oauthbearer.assertion.private.key.passphrase = null
	sasl.oauthbearer.assertion.template.file = null
	sasl.oauthbearer.client.credentials.client.id = null
	sasl.oauthbearer.client.credentials.client.secret = null
	sasl.oauthbearer.clock.skew.seconds = 30
	sasl.oauthbearer.expected.audience = []
	sasl.oauthbearer.expected.issuer = null
	sasl.oauthbearer.header.urlencode = false
	sasl.oauthbearer.jwks.endpoint.refresh.ms = 3600000
	sasl.oauthbearer.jwks.endpoint.retry.backoff.max.ms = 10000
	sasl.oauthbearer.jwks.endpoint.retry.backoff.ms = 100
	sasl.oauthbearer.jwks.endpoint.url = null
	sasl.oauthbearer.jwt.retriever.class = class org.apache.kafka.common.security.oauthbearer.DefaultJwtRetriever
	sasl.oauthbearer.jwt.validator.class = class org.apache.kafka.common.security.oauthbearer.DefaultJwtValidator
	sasl.oauthbearer.scope = null
	sasl.oauthbearer.scope.claim.name = scope
	sasl.oauthbearer.sub.claim.name = sub
	sasl.oauthbearer.token.endpoint.url = null
	security.protocol = PLAINTEXT
	security.providers = null
	send.buffer.bytes = 131072
	session.timeout.ms = 45000
	share.acknowledgement.mode = implicit
	share.acquire.mode = BATCH_OPTIMIZED
	socket.connection.setup.timeout.max.ms = 30000
	socket.connection.setup.timeout.ms = 10000
	ssl.cipher.suites = []
	ssl.enabled.protocols = [TLSv1.2, TLSv1.3]
	ssl.endpoint.identification.algorithm = https
	ssl.engine.factory.class = null
	ssl.key.password = null
	ssl.keymanager.algorithm = SunX509
	ssl.keystore.certificate.chain = null
	ssl.keystore.key = null
	ssl.keystore.location = null
	ssl.keystore.password = null
	ssl.keystore.type = JKS
	ssl.protocol = TLSv1.3
	ssl.provider = null
	ssl.secure.random.implementation = null
	ssl.trustmanager.algorithm = PKIX
	ssl.truststore.certificates = null
	ssl.truststore.location = null
	ssl.truststore.password = null
	ssl.truststore.type = JKS
	value.deserializer = class org.apache.kafka.common.serialization.StringDeserializer

2026-09-19 18:20:31.724 INFO  service=reputacao-service correlationId= thread=main logger=o.a.k.c.t.i.KafkaMetricsCollector - initializing Kafka metrics collector
2026-09-19 18:20:31.733 INFO  service=reputacao-service correlationId= thread=main logger=o.a.kafka.common.utils.AppInfoParser - Kafka version: 4.2.1
2026-09-19 18:20:31.733 INFO  service=reputacao-service correlationId= thread=main logger=o.a.kafka.common.utils.AppInfoParser - Kafka commitId: 92f61c44867f39dc
2026-09-19 18:20:31.733 INFO  service=reputacao-service correlationId= thread=main logger=o.a.kafka.common.utils.AppInfoParser - Kafka startTimeMs: 1789852831733
2026-09-19 18:20:31.738 INFO  service=reputacao-service correlationId= thread=main logger=o.a.k.c.c.i.ClassicKafkaConsumer - [Consumer clientId=consumer-reputacao-service-3, groupId=reputacao-service] Subscribed to topic(s): contrato-eventos
2026-09-19 18:20:31.751 INFO  service=reputacao-service correlationId= thread=main logger=b.c.f.reputacao.ReputacaoApplication - Started ReputacaoApplication in 11.003 seconds (process running for 11.717)
2026-09-19 18:20:32.184 INFO  service=reputacao-service correlationId= thread=org.springframework.kafka.KafkaListenerEndpointContainer#0-2-C-1 logger=org.apache.kafka.clients.Metadata - [Consumer clientId=consumer-reputacao-service-3, groupId=reputacao-service] Cluster ID: 5L6g3nShT-eMCtK--X86sw
2026-09-19 18:20:32.184 INFO  service=reputacao-service correlationId= thread=org.springframework.kafka.KafkaListenerEndpointContainer#0-0-C-1 logger=org.apache.kafka.clients.Metadata - [Consumer clientId=consumer-reputacao-service-1, groupId=reputacao-service] Cluster ID: 5L6g3nShT-eMCtK--X86sw
2026-09-19 18:20:32.184 INFO  service=reputacao-service correlationId= thread=org.springframework.kafka.KafkaListenerEndpointContainer#0-1-C-1 logger=org.apache.kafka.clients.Metadata - [Consumer clientId=consumer-reputacao-service-2, groupId=reputacao-service] Cluster ID: 5L6g3nShT-eMCtK--X86sw
2026-09-19 18:20:32.187 INFO  service=reputacao-service correlationId= thread=org.springframework.kafka.KafkaListenerEndpointContainer#0-2-C-1 logger=o.a.k.c.c.i.ConsumerCoordinator - [Consumer clientId=consumer-reputacao-service-3, groupId=reputacao-service] Discovered group coordinator localhost:9092 (id: 2147483646 rack: null isFenced: false)
2026-09-19 18:20:32.187 INFO  service=reputacao-service correlationId= thread=org.springframework.kafka.KafkaListenerEndpointContainer#0-0-C-1 logger=o.a.k.c.c.i.ConsumerCoordinator - [Consumer clientId=consumer-reputacao-service-1, groupId=reputacao-service] Discovered group coordinator localhost:9092 (id: 2147483646 rack: null isFenced: false)
2026-09-19 18:20:32.187 INFO  service=reputacao-service correlationId= thread=org.springframework.kafka.KafkaListenerEndpointContainer#0-1-C-1 logger=o.a.k.c.c.i.ConsumerCoordinator - [Consumer clientId=consumer-reputacao-service-2, groupId=reputacao-service] Discovered group coordinator localhost:9092 (id: 2147483646 rack: null isFenced: false)
2026-09-19 18:20:32.191 INFO  service=reputacao-service correlationId= thread=org.springframework.kafka.KafkaListenerEndpointContainer#0-1-C-1 logger=o.a.k.c.c.i.ConsumerCoordinator - [Consumer clientId=consumer-reputacao-service-2, groupId=reputacao-service] (Re-)joining group
2026-09-19 18:20:32.191 INFO  service=reputacao-service correlationId= thread=org.springframework.kafka.KafkaListenerEndpointContainer#0-0-C-1 logger=o.a.k.c.c.i.ConsumerCoordinator - [Consumer clientId=consumer-reputacao-service-1, groupId=reputacao-service] (Re-)joining group
2026-09-19 18:20:32.191 INFO  service=reputacao-service correlationId= thread=org.springframework.kafka.KafkaListenerEndpointContainer#0-2-C-1 logger=o.a.k.c.c.i.ConsumerCoordinator - [Consumer clientId=consumer-reputacao-service-3, groupId=reputacao-service] (Re-)joining group
2026-09-19 18:20:32.212 INFO  service=reputacao-service correlationId= thread=org.springframework.kafka.KafkaListenerEndpointContainer#0-1-C-1 logger=o.a.k.c.c.i.ConsumerCoordinator - [Consumer clientId=consumer-reputacao-service-2, groupId=reputacao-service] Request joining group due to: need to re-join with the given member-id: consumer-reputacao-service-2-1b7efaf6-6020-432b-8cd5-cf04fd89cc48
2026-09-19 18:20:32.212 INFO  service=reputacao-service correlationId= thread=org.springframework.kafka.KafkaListenerEndpointContainer#0-2-C-1 logger=o.a.k.c.c.i.ConsumerCoordinator - [Consumer clientId=consumer-reputacao-service-3, groupId=reputacao-service] Request joining group due to: need to re-join with the given member-id: consumer-reputacao-service-3-a7da19f2-2c05-43c1-baf0-4cd26fc4e237
2026-09-19 18:20:32.212 INFO  service=reputacao-service correlationId= thread=org.springframework.kafka.KafkaListenerEndpointContainer#0-0-C-1 logger=o.a.k.c.c.i.ConsumerCoordinator - [Consumer clientId=consumer-reputacao-service-1, groupId=reputacao-service] Request joining group due to: need to re-join with the given member-id: consumer-reputacao-service-1-986010c8-8fff-42aa-8772-0794c0511711
2026-09-19 18:20:32.213 INFO  service=reputacao-service correlationId= thread=org.springframework.kafka.KafkaListenerEndpointContainer#0-0-C-1 logger=o.a.k.c.c.i.ConsumerCoordinator - [Consumer clientId=consumer-reputacao-service-1, groupId=reputacao-service] (Re-)joining group
2026-09-19 18:20:32.213 INFO  service=reputacao-service correlationId= thread=org.springframework.kafka.KafkaListenerEndpointContainer#0-2-C-1 logger=o.a.k.c.c.i.ConsumerCoordinator - [Consumer clientId=consumer-reputacao-service-3, groupId=reputacao-service] (Re-)joining group
2026-09-19 18:20:32.213 INFO  service=reputacao-service correlationId= thread=org.springframework.kafka.KafkaListenerEndpointContainer#0-1-C-1 logger=o.a.k.c.c.i.ConsumerCoordinator - [Consumer clientId=consumer-reputacao-service-2, groupId=reputacao-service] (Re-)joining group
2026-09-19 18:20:32.219 INFO  service=reputacao-service correlationId= thread=org.springframework.kafka.KafkaListenerEndpointContainer#0-1-C-1 logger=o.a.k.c.c.i.ConsumerCoordinator - [Consumer clientId=consumer-reputacao-service-2, groupId=reputacao-service] Successfully joined group with generation Generation{generationId=3, memberId='consumer-reputacao-service-2-1b7efaf6-6020-432b-8cd5-cf04fd89cc48', protocol='range'}
2026-09-19 18:20:32.219 INFO  service=reputacao-service correlationId= thread=org.springframework.kafka.KafkaListenerEndpointContainer#0-0-C-1 logger=o.a.k.c.c.i.ConsumerCoordinator - [Consumer clientId=consumer-reputacao-service-1, groupId=reputacao-service] Successfully joined group with generation Generation{generationId=3, memberId='consumer-reputacao-service-1-986010c8-8fff-42aa-8772-0794c0511711', protocol='range'}
2026-09-19 18:20:32.219 INFO  service=reputacao-service correlationId= thread=org.springframework.kafka.KafkaListenerEndpointContainer#0-2-C-1 logger=o.a.k.c.c.i.ConsumerCoordinator - [Consumer clientId=consumer-reputacao-service-3, groupId=reputacao-service] Successfully joined group with generation Generation{generationId=3, memberId='consumer-reputacao-service-3-a7da19f2-2c05-43c1-baf0-4cd26fc4e237', protocol='range'}
2026-09-19 18:20:32.228 INFO  service=reputacao-service correlationId= thread=org.springframework.kafka.KafkaListenerEndpointContainer#0-2-C-1 logger=o.a.k.c.c.i.ConsumerCoordinator - [Consumer clientId=consumer-reputacao-service-3, groupId=reputacao-service] Finished assignment for group at generation 3: {consumer-reputacao-service-3-a7da19f2-2c05-43c1-baf0-4cd26fc4e237=Assignment(partitions=[contrato-eventos-2]), consumer-reputacao-service-1-986010c8-8fff-42aa-8772-0794c0511711=Assignment(partitions=[contrato-eventos-0]), consumer-reputacao-service-2-1b7efaf6-6020-432b-8cd5-cf04fd89cc48=Assignment(partitions=[contrato-eventos-1])}
2026-09-19 18:20:32.234 INFO  service=reputacao-service correlationId= thread=org.springframework.kafka.KafkaListenerEndpointContainer#0-1-C-1 logger=o.a.k.c.c.i.ConsumerCoordinator - [Consumer clientId=consumer-reputacao-service-2, groupId=reputacao-service] Successfully synced group in generation Generation{generationId=3, memberId='consumer-reputacao-service-2-1b7efaf6-6020-432b-8cd5-cf04fd89cc48', protocol='range'}
2026-09-19 18:20:32.234 INFO  service=reputacao-service correlationId= thread=org.springframework.kafka.KafkaListenerEndpointContainer#0-2-C-1 logger=o.a.k.c.c.i.ConsumerCoordinator - [Consumer clientId=consumer-reputacao-service-3, groupId=reputacao-service] Successfully synced group in generation Generation{generationId=3, memberId='consumer-reputacao-service-3-a7da19f2-2c05-43c1-baf0-4cd26fc4e237', protocol='range'}
2026-09-19 18:20:32.235 INFO  service=reputacao-service correlationId= thread=org.springframework.kafka.KafkaListenerEndpointContainer#0-0-C-1 logger=o.a.k.c.c.i.ConsumerCoordinator - [Consumer clientId=consumer-reputacao-service-1, groupId=reputacao-service] Successfully synced group in generation Generation{generationId=3, memberId='consumer-reputacao-service-1-986010c8-8fff-42aa-8772-0794c0511711', protocol='range'}
2026-09-19 18:20:32.235 INFO  service=reputacao-service correlationId= thread=org.springframework.kafka.KafkaListenerEndpointContainer#0-2-C-1 logger=o.a.k.c.c.i.ConsumerCoordinator - [Consumer clientId=consumer-reputacao-service-3, groupId=reputacao-service] Notifying assignor about the new Assignment(partitions=[contrato-eventos-2])
2026-09-19 18:20:32.235 INFO  service=reputacao-service correlationId= thread=org.springframework.kafka.KafkaListenerEndpointContainer#0-1-C-1 logger=o.a.k.c.c.i.ConsumerCoordinator - [Consumer clientId=consumer-reputacao-service-2, groupId=reputacao-service] Notifying assignor about the new Assignment(partitions=[contrato-eventos-1])
2026-09-19 18:20:32.235 INFO  service=reputacao-service correlationId= thread=org.springframework.kafka.KafkaListenerEndpointContainer#0-0-C-1 logger=o.a.k.c.c.i.ConsumerCoordinator - [Consumer clientId=consumer-reputacao-service-1, groupId=reputacao-service] Notifying assignor about the new Assignment(partitions=[contrato-eventos-0])
2026-09-19 18:20:32.238 INFO  service=reputacao-service correlationId= thread=org.springframework.kafka.KafkaListenerEndpointContainer#0-2-C-1 logger=o.a.k.c.c.i.ConsumerRebalanceListenerInvoker - [Consumer clientId=consumer-reputacao-service-3, groupId=reputacao-service] Adding newly assigned partitions: [contrato-eventos-2]
2026-09-19 18:20:32.238 INFO  service=reputacao-service correlationId= thread=org.springframework.kafka.KafkaListenerEndpointContainer#0-0-C-1 logger=o.a.k.c.c.i.ConsumerRebalanceListenerInvoker - [Consumer clientId=consumer-reputacao-service-1, groupId=reputacao-service] Adding newly assigned partitions: [contrato-eventos-0]
2026-09-19 18:20:32.238 INFO  service=reputacao-service correlationId= thread=org.springframework.kafka.KafkaListenerEndpointContainer#0-1-C-1 logger=o.a.k.c.c.i.ConsumerRebalanceListenerInvoker - [Consumer clientId=consumer-reputacao-service-2, groupId=reputacao-service] Adding newly assigned partitions: [contrato-eventos-1]
2026-09-19 18:20:32.249 INFO  service=reputacao-service correlationId= thread=org.springframework.kafka.KafkaListenerEndpointContainer#0-0-C-1 logger=o.a.k.c.c.i.ConsumerCoordinator - [Consumer clientId=consumer-reputacao-service-1, groupId=reputacao-service] Found no committed offset for partition contrato-eventos-0
2026-09-19 18:20:32.251 INFO  service=reputacao-service correlationId= thread=org.springframework.kafka.KafkaListenerEndpointContainer#0-2-C-1 logger=o.a.k.c.c.internals.ConsumerUtils - Setting offset for partition contrato-eventos-2 to the committed offset FetchPosition{offset=6, offsetEpoch=Optional.empty, currentLeader=LeaderAndEpoch{leader=Optional[localhost:9092 (id: 1 rack: null isFenced: false)], epoch=0}}
2026-09-19 18:20:32.251 INFO  service=reputacao-service correlationId= thread=org.springframework.kafka.KafkaListenerEndpointContainer#0-1-C-1 logger=o.a.k.c.c.internals.ConsumerUtils - Setting offset for partition contrato-eventos-1 to the committed offset FetchPosition{offset=3, offsetEpoch=Optional.empty, currentLeader=LeaderAndEpoch{leader=Optional[localhost:9092 (id: 1 rack: null isFenced: false)], epoch=0}}
2026-09-19 18:20:32.255 INFO  service=reputacao-service correlationId= thread=org.springframework.kafka.KafkaListenerEndpointContainer#0-1-C-1 logger=o.s.k.l.KafkaMessageListenerContainer - reputacao-service: partitions assigned: [contrato-eventos-1]
2026-09-19 18:20:32.255 INFO  service=reputacao-service correlationId= thread=org.springframework.kafka.KafkaListenerEndpointContainer#0-2-C-1 logger=o.s.k.l.KafkaMessageListenerContainer - reputacao-service: partitions assigned: [contrato-eventos-2]
2026-09-19 18:20:32.270 INFO  service=reputacao-service correlationId= thread=org.springframework.kafka.KafkaListenerEndpointContainer#0-0-C-1 logger=o.a.k.c.c.i.SubscriptionState - [Consumer clientId=consumer-reputacao-service-1, groupId=reputacao-service] Resetting offset for partition contrato-eventos-0 to position FetchPosition{offset=0, offsetEpoch=Optional.empty, currentLeader=LeaderAndEpoch{leader=Optional[localhost:9092 (id: 1 rack: null isFenced: false)], epoch=0}}.
2026-09-19 18:20:32.270 INFO  service=reputacao-service correlationId= thread=org.springframework.kafka.KafkaListenerEndpointContainer#0-0-C-1 logger=o.s.k.l.KafkaMessageListenerContainer - reputacao-service: partitions assigned: [contrato-eventos-0]
2026-09-19 18:25:30.022 INFO  service=reputacao-service correlationId= thread=AsyncResolver-bootstrap-executor-%d logger=c.n.d.s.r.aws.ConfigClusterResolver - Resolving eureka endpoints via configuration
2026-09-19 18:30:30.024 INFO  service=reputacao-service correlationId= thread=AsyncResolver-bootstrap-executor-%d logger=c.n.d.s.r.aws.ConfigClusterResolver - Resolving eureka endpoints via configuration
2026-09-19 18:35:30.026 INFO  service=reputacao-service correlationId= thread=AsyncResolver-bootstrap-executor-%d logger=c.n.d.s.r.aws.ConfigClusterResolver - Resolving eureka endpoints via configuration
2026-09-19 18:39:10.275 INFO  service=reputacao-service correlationId= thread=http-nio-8083-exec-1 logger=o.a.c.c.C.[Tomcat].[localhost].[/] - Initializing Spring DispatcherServlet 'dispatcherServlet'
2026-09-19 18:39:10.276 INFO  service=reputacao-service correlationId= thread=http-nio-8083-exec-1 logger=o.s.web.servlet.DispatcherServlet - Initializing Servlet 'dispatcherServlet'
2026-09-19 18:39:10.281 INFO  service=reputacao-service correlationId= thread=http-nio-8083-exec-1 logger=o.s.web.servlet.DispatcherServlet - Completed initialization in 4 ms
2026-09-19 18:39:10.325 INFO  service=reputacao-service correlationId= thread=http-nio-8083-exec-1 logger=b.c.f.reputacao.ReputacaoController - http.reputacao.listar correlationId=null
2026-09-19 18:40:30.027 INFO  service=reputacao-service correlationId= thread=AsyncResolver-bootstrap-executor-%d logger=c.n.d.s.r.aws.ConfigClusterResolver - Resolving eureka endpoints via configuration
2026-09-19 18:45:30.028 INFO  service=reputacao-service correlationId= thread=AsyncResolver-bootstrap-executor-%d logger=c.n.d.s.r.aws.ConfigClusterResolver - Resolving eureka endpoints via configuration
2026-09-19 18:50:30.029 INFO  service=reputacao-service correlationId= thread=AsyncResolver-bootstrap-executor-%d logger=c.n.d.s.r.aws.ConfigClusterResolver - Resolving eureka endpoints via configuration
2026-09-19 18:51:23.324 INFO  service=reputacao-service correlationId= thread=org.springframework.kafka.KafkaListenerEndpointContainer#0-0-C-1 logger=o.apache.kafka.clients.NetworkClient - [Consumer clientId=consumer-reputacao-service-1, groupId=reputacao-service] Node 1 disconnected.
2026-09-19 18:51:23.324 INFO  service=reputacao-service correlationId= thread=org.springframework.kafka.KafkaListenerEndpointContainer#0-2-C-1 logger=o.apache.kafka.clients.NetworkClient - [Consumer clientId=consumer-reputacao-service-3, groupId=reputacao-service] Node 2147483646 disconnected.
2026-09-19 18:51:23.325 INFO  service=reputacao-service correlationId= thread=org.springframework.kafka.KafkaListenerEndpointContainer#0-0-C-1 logger=o.apache.kafka.clients.NetworkClient - [Consumer clientId=consumer-reputacao-service-1, groupId=reputacao-service] Cancelled in-flight FETCH request with correlation id 4323 due to node 1 being disconnected (elapsed time since creation: 12ms, elapsed time since send: 12ms, throttle time: 0ms, request timeout: 30000ms)
2026-09-19 18:51:23.324 INFO  service=reputacao-service correlationId= thread=org.springframework.kafka.KafkaListenerEndpointContainer#0-1-C-1 logger=o.apache.kafka.clients.NetworkClient - [Consumer clientId=consumer-reputacao-service-2, groupId=reputacao-service] Node 1 disconnected.
2026-09-19 18:51:23.325 INFO  service=reputacao-service correlationId= thread=org.springframework.kafka.KafkaListenerEndpointContainer#0-2-C-1 logger=o.a.k.c.c.i.ConsumerCoordinator - [Consumer clientId=consumer-reputacao-service-3, groupId=reputacao-service] Group coordinator localhost:9092 (id: 2147483646 rack: null isFenced: false) is unavailable or invalid due to cause: coordinator unavailable. isDisconnected: true. Rediscovery will be attempted.
2026-09-19 18:51:23.326 INFO  service=reputacao-service correlationId= thread=org.springframework.kafka.KafkaListenerEndpointContainer#0-1-C-1 logger=o.apache.kafka.clients.NetworkClient - [Consumer clientId=consumer-reputacao-service-2, groupId=reputacao-service] Cancelled in-flight FETCH request with correlation id 4322 due to node 1 being disconnected (elapsed time since creation: 13ms, elapsed time since send: 13ms, throttle time: 0ms, request timeout: 30000ms)
2026-09-19 18:51:23.325 INFO  service=reputacao-service correlationId= thread=org.springframework.kafka.KafkaListenerEndpointContainer#0-0-C-1 logger=o.a.k.clients.FetchSessionHandler - [Consumer clientId=consumer-reputacao-service-1, groupId=reputacao-service] Error sending fetch request (sessionId=1473298049, epoch=3689) to node 1:
org.apache.kafka.common.errors.DisconnectException
2026-09-19 18:51:23.327 INFO  service=reputacao-service correlationId= thread=org.springframework.kafka.KafkaListenerEndpointContainer#0-1-C-1 logger=o.a.k.clients.FetchSessionHandler - [Consumer clientId=consumer-reputacao-service-2, groupId=reputacao-service] Error sending fetch request (sessionId=1136026593, epoch=3689) to node 1:
org.apache.kafka.common.errors.DisconnectException
2026-09-19 18:51:23.331 INFO  service=reputacao-service correlationId= thread=org.springframework.kafka.KafkaListenerEndpointContainer#0-1-C-1 logger=o.apache.kafka.clients.NetworkClient - [Consumer clientId=consumer-reputacao-service-2, groupId=reputacao-service] Node 2147483646 disconnected.
2026-09-19 18:51:23.332 INFO  service=reputacao-service correlationId= thread=org.springframework.kafka.KafkaListenerEndpointContainer#0-1-C-1 logger=o.a.k.c.c.i.ConsumerCoordinator - [Consumer clientId=consumer-reputacao-service-2, groupId=reputacao-service] Group coordinator localhost:9092 (id: 2147483646 rack: null isFenced: false) is unavailable or invalid due to cause: coordinator unavailable. isDisconnected: true. Rediscovery will be attempted.
2026-09-19 18:51:23.335 INFO  service=reputacao-service correlationId= thread=org.springframework.kafka.KafkaListenerEndpointContainer#0-0-C-1 logger=o.apache.kafka.clients.NetworkClient - [Consumer clientId=consumer-reputacao-service-1, groupId=reputacao-service] Node 2147483646 disconnected.
2026-09-19 18:51:23.335 INFO  service=reputacao-service correlationId= thread=org.springframework.kafka.KafkaListenerEndpointContainer#0-2-C-1 logger=o.apache.kafka.clients.NetworkClient - [Consumer clientId=consumer-reputacao-service-3, groupId=reputacao-service] Node 1 disconnected.
2026-09-19 18:51:23.337 INFO  service=reputacao-service correlationId= thread=org.springframework.kafka.KafkaListenerEndpointContainer#0-0-C-1 logger=o.a.k.c.c.i.ConsumerCoordinator - [Consumer clientId=consumer-reputacao-service-1, groupId=reputacao-service] Group coordinator localhost:9092 (id: 2147483646 rack: null isFenced: false) is unavailable or invalid due to cause: coordinator unavailable. isDisconnected: true. Rediscovery will be attempted.
2026-09-19 18:51:23.337 INFO  service=reputacao-service correlationId= thread=org.springframework.kafka.KafkaListenerEndpointContainer#0-2-C-1 logger=o.apache.kafka.clients.NetworkClient - [Consumer clientId=consumer-reputacao-service-3, groupId=reputacao-service] Cancelled in-flight FETCH request with correlation id 4320 due to node 1 being disconnected (elapsed time since creation: 28ms, elapsed time since send: 28ms, throttle time: 0ms, request timeout: 30000ms)
2026-09-19 18:51:23.339 INFO  service=reputacao-service correlationId= thread=org.springframework.kafka.KafkaListenerEndpointContainer#0-2-C-1 logger=o.apache.kafka.clients.NetworkClient - [Consumer clientId=consumer-reputacao-service-3, groupId=reputacao-service] Cancelled in-flight FIND_COORDINATOR request with correlation id 4321 due to node 1 being disconnected (elapsed time since creation: 9ms, elapsed time since send: 10ms, throttle time: 0ms, request timeout: 30000ms)
2026-09-19 18:51:23.340 INFO  service=reputacao-service correlationId= thread=org.springframework.kafka.KafkaListenerEndpointContainer#0-2-C-1 logger=o.a.k.clients.FetchSessionHandler - [Consumer clientId=consumer-reputacao-service-3, groupId=reputacao-service] Error sending fetch request (sessionId=920541152, epoch=3687) to node 1:
org.apache.kafka.common.errors.DisconnectException
2026-09-19 18:51:23.440 INFO  service=reputacao-service correlationId= thread=org.springframework.kafka.KafkaListenerEndpointContainer#0-0-C-1 logger=o.apache.kafka.clients.NetworkClient - [Consumer clientId=consumer-reputacao-service-1, groupId=reputacao-service] Node 1 disconnected.
2026-09-19 18:51:23.440 INFO  service=reputacao-service correlationId= thread=org.springframework.kafka.KafkaListenerEndpointContainer#0-0-C-1 logger=o.apache.kafka.clients.NetworkClient - [Consumer clientId=consumer-reputacao-service-1, groupId=reputacao-service] Cancelled in-flight API_VERSIONS request with correlation id 4324 due to node 1 being disconnected (elapsed time since creation: 4ms, elapsed time since send: 4ms, throttle time: 0ms, request timeout: 30000ms)
2026-09-19 18:51:23.454 INFO  service=reputacao-service correlationId= thread=org.springframework.kafka.KafkaListenerEndpointContainer#0-1-C-1 logger=o.apache.kafka.clients.NetworkClient - [Consumer clientId=consumer-reputacao-service-2, groupId=reputacao-service] Node 1 disconnected.
2026-09-19 18:51:23.455 INFO  service=reputacao-service correlationId= thread=org.springframework.kafka.KafkaListenerEndpointContainer#0-1-C-1 logger=o.apache.kafka.clients.NetworkClient - [Consumer clientId=consumer-reputacao-service-2, groupId=reputacao-service] Cancelled in-flight API_VERSIONS request with correlation id 4323 due to node 1 being disconnected (elapsed time since creation: 2ms, elapsed time since send: 2ms, throttle time: 0ms, request timeout: 30000ms)
2026-09-19 18:51:23.460 INFO  service=reputacao-service correlationId= thread=org.springframework.kafka.KafkaListenerEndpointContainer#0-2-C-1 logger=o.apache.kafka.clients.NetworkClient - [Consumer clientId=consumer-reputacao-service-3, groupId=reputacao-service] Node 1 disconnected.
2026-09-19 18:51:23.461 INFO  service=reputacao-service correlationId= thread=org.springframework.kafka.KafkaListenerEndpointContainer#0-2-C-1 logger=o.apache.kafka.clients.NetworkClient - [Consumer clientId=consumer-reputacao-service-3, groupId=reputacao-service] Cancelled in-flight API_VERSIONS request with correlation id 4322 due to node 1 being disconnected (elapsed time since creation: 3ms, elapsed time since send: 3ms, throttle time: 0ms, request timeout: 30000ms)
2026-09-19 18:51:23.573 INFO  service=reputacao-service correlationId= thread=org.springframework.kafka.KafkaListenerEndpointContainer#0-1-C-1 logger=o.apache.kafka.clients.NetworkClient - [Consumer clientId=consumer-reputacao-service-2, groupId=reputacao-service] Node 1 disconnected.
2026-09-19 18:51:23.573 INFO  service=reputacao-service correlationId= thread=org.springframework.kafka.KafkaListenerEndpointContainer#0-0-C-1 logger=o.apache.kafka.clients.NetworkClient - [Consumer clientId=consumer-reputacao-service-1, groupId=reputacao-service] Node 1 disconnected.
2026-09-19 18:51:23.573 INFO  service=reputacao-service correlationId= thread=org.springframework.kafka.KafkaListenerEndpointContainer#0-2-C-1 logger=o.apache.kafka.clients.NetworkClient - [Consumer clientId=consumer-reputacao-service-3, groupId=reputacao-service] Node 1 disconnected.
2026-09-19 18:51:23.574 INFO  service=reputacao-service correlationId= thread=org.springframework.kafka.KafkaListenerEndpointContainer#0-1-C-1 logger=o.apache.kafka.clients.NetworkClient - [Consumer clientId=consumer-reputacao-service-2, groupId=reputacao-service] Cancelled in-flight API_VERSIONS request with correlation id 4324 due to node 1 being disconnected (elapsed time since creation: 12ms, elapsed time since send: 12ms, throttle time: 0ms, request timeout: 30000ms)
2026-09-19 18:51:23.574 INFO  service=reputacao-service correlationId= thread=org.springframework.kafka.KafkaListenerEndpointContainer#0-0-C-1 logger=o.apache.kafka.clients.NetworkClient - [Consumer clientId=consumer-reputacao-service-1, groupId=reputacao-service] Cancelled in-flight API_VERSIONS request with correlation id 4325 due to node 1 being disconnected (elapsed time since creation: 12ms, elapsed time since send: 12ms, throttle time: 0ms, request timeout: 30000ms)
2026-09-19 18:51:23.574 INFO  service=reputacao-service correlationId= thread=org.springframework.kafka.KafkaListenerEndpointContainer#0-2-C-1 logger=o.apache.kafka.clients.NetworkClient - [Consumer clientId=consumer-reputacao-service-3, groupId=reputacao-service] Cancelled in-flight API_VERSIONS request with correlation id 4323 due to node 1 being disconnected (elapsed time since creation: 11ms, elapsed time since send: 11ms, throttle time: 0ms, request timeout: 30000ms)
2026-09-19 18:51:23.768 INFO  service=reputacao-service correlationId= thread=org.springframework.kafka.KafkaListenerEndpointContainer#0-0-C-1 logger=o.apache.kafka.clients.NetworkClient - [Consumer clientId=consumer-reputacao-service-1, groupId=reputacao-service] Node 1 disconnected.
2026-09-19 18:51:23.769 INFO  service=reputacao-service correlationId= thread=org.springframework.kafka.KafkaListenerEndpointContainer#0-0-C-1 logger=o.apache.kafka.clients.NetworkClient - [Consumer clientId=consumer-reputacao-service-1, groupId=reputacao-service] Cancelled in-flight API_VERSIONS request with correlation id 4326 due to node 1 being disconnected (elapsed time since creation: 11ms, elapsed time since send: 11ms, throttle time: 0ms, request timeout: 30000ms)
2026-09-19 18:51:23.770 INFO  service=reputacao-service correlationId= thread=org.springframework.kafka.KafkaListenerEndpointContainer#0-0-C-1 logger=org.apache.kafka.clients.Metadata - [Consumer clientId=consumer-reputacao-service-1, groupId=reputacao-service] Rebootstrapping with [localhost/127.0.0.1:9092]
2026-09-19 18:51:23.774 INFO  service=reputacao-service correlationId= thread=org.springframework.kafka.KafkaListenerEndpointContainer#0-0-C-1 logger=o.apache.kafka.clients.NetworkClient - [Consumer clientId=consumer-reputacao-service-1, groupId=reputacao-service] Node -1 disconnected.
2026-09-19 18:51:23.774 INFO  service=reputacao-service correlationId= thread=org.springframework.kafka.KafkaListenerEndpointContainer#0-0-C-1 logger=o.apache.kafka.clients.NetworkClient - [Consumer clientId=consumer-reputacao-service-1, groupId=reputacao-service] Cancelled in-flight API_VERSIONS request with correlation id 4327 due to node -1 being disconnected (elapsed time since creation: 3ms, elapsed time since send: 3ms, throttle time: 0ms, request timeout: 30000ms)
2026-09-19 18:51:23.774 WARN  service=reputacao-service correlationId= thread=org.springframework.kafka.KafkaListenerEndpointContainer#0-0-C-1 logger=o.apache.kafka.clients.NetworkClient - [Consumer clientId=consumer-reputacao-service-1, groupId=reputacao-service] Bootstrap broker localhost:9092 (id: -1 rack: null isFenced: false) disconnected
2026-09-19 18:51:23.778 INFO  service=reputacao-service correlationId= thread=org.springframework.kafka.KafkaListenerEndpointContainer#0-2-C-1 logger=o.apache.kafka.clients.NetworkClient - [Consumer clientId=consumer-reputacao-service-3, groupId=reputacao-service] Node 1 disconnected.
2026-09-19 18:51:23.779 INFO  service=reputacao-service correlationId= thread=org.springframework.kafka.KafkaListenerEndpointContainer#0-2-C-1 logger=o.apache.kafka.clients.NetworkClient - [Consumer clientId=consumer-reputacao-service-3, groupId=reputacao-service] Cancelled in-flight API_VERSIONS request with correlation id 4324 due to node 1 being disconnected (elapsed time since creation: 1ms, elapsed time since send: 1ms, throttle time: 0ms, request timeout: 30000ms)
2026-09-19 18:51:23.815 INFO  service=reputacao-service correlationId= thread=org.springframework.kafka.KafkaListenerEndpointContainer#0-1-C-1 logger=o.apache.kafka.clients.NetworkClient - [Consumer clientId=consumer-reputacao-service-2, groupId=reputacao-service] Node 1 disconnected.
2026-09-19 18:51:23.816 INFO  service=reputacao-service correlationId= thread=org.springframework.kafka.KafkaListenerEndpointContainer#0-1-C-1 logger=o.apache.kafka.clients.NetworkClient - [Consumer clientId=consumer-reputacao-service-2, groupId=reputacao-service] Cancelled in-flight API_VERSIONS request with correlation id 4325 due to node 1 being disconnected (elapsed time since creation: 1ms, elapsed time since send: 1ms, throttle time: 0ms, request timeout: 30000ms)
2026-09-19 18:51:23.946 WARN  service=reputacao-service correlationId= thread=HikariPool-1:housekeeper logger=com.zaxxer.hikari.pool.PoolBase - HikariPool-1 - Failed to validate connection org.postgresql.jdbc.PgConnection@117a7fd1 (This connection has been closed.). Possibly consider using a shorter maxLifetime value.
2026-09-19 18:51:24.120 INFO  service=reputacao-service correlationId= thread=org.springframework.kafka.KafkaListenerEndpointContainer#0-2-C-1 logger=org.apache.kafka.clients.Metadata - [Consumer clientId=consumer-reputacao-service-3, groupId=reputacao-service] Rebootstrapping with [localhost/127.0.0.1:9092]
2026-09-19 18:51:24.123 INFO  service=reputacao-service correlationId= thread=org.springframework.kafka.KafkaListenerEndpointContainer#0-2-C-1 logger=o.apache.kafka.clients.NetworkClient - [Consumer clientId=consumer-reputacao-service-3, groupId=reputacao-service] Node -1 disconnected.
2026-09-19 18:51:24.123 INFO  service=reputacao-service correlationId= thread=org.springframework.kafka.KafkaListenerEndpointContainer#0-2-C-1 logger=o.apache.kafka.clients.NetworkClient - [Consumer clientId=consumer-reputacao-service-3, groupId=reputacao-service] Cancelled in-flight API_VERSIONS request with correlation id 4325 due to node -1 being disconnected (elapsed time since creation: 1ms, elapsed time since send: 1ms, throttle time: 0ms, request timeout: 30000ms)
2026-09-19 18:51:24.124 WARN  service=reputacao-service correlationId= thread=org.springframework.kafka.KafkaListenerEndpointContainer#0-2-C-1 logger=o.apache.kafka.clients.NetworkClient - [Consumer clientId=consumer-reputacao-service-3, groupId=reputacao-service] Bootstrap broker localhost:9092 (id: -1 rack: null isFenced: false) disconnected
2026-09-19 18:51:24.219 INFO  service=reputacao-service correlationId= thread=org.springframework.kafka.KafkaListenerEndpointContainer#0-1-C-1 logger=o.apache.kafka.clients.NetworkClient - [Consumer clientId=consumer-reputacao-service-2, groupId=reputacao-service] Node 1 disconnected.
2026-09-19 18:51:24.219 INFO  service=reputacao-service correlationId= thread=org.springframework.kafka.KafkaListenerEndpointContainer#0-1-C-1 logger=o.apache.kafka.clients.NetworkClient - [Consumer clientId=consumer-reputacao-service-2, groupId=reputacao-service] Cancelled in-flight API_VERSIONS request with correlation id 4326 due to node 1 being disconnected (elapsed time since creation: 1ms, elapsed time since send: 1ms, throttle time: 0ms, request timeout: 30000ms)
2026-09-19 18:51:24.219 INFO  service=reputacao-service correlationId= thread=org.springframework.kafka.KafkaListenerEndpointContainer#0-1-C-1 logger=org.apache.kafka.clients.Metadata - [Consumer clientId=consumer-reputacao-service-2, groupId=reputacao-service] Rebootstrapping with [localhost/127.0.0.1:9092]
2026-09-19 18:51:24.221 INFO  service=reputacao-service correlationId= thread=org.springframework.kafka.KafkaListenerEndpointContainer#0-0-C-1 logger=o.apache.kafka.clients.NetworkClient - [Consumer clientId=consumer-reputacao-service-1, groupId=reputacao-service] Node -1 disconnected.
2026-09-19 18:51:24.221 INFO  service=reputacao-service correlationId= thread=org.springframework.kafka.KafkaListenerEndpointContainer#0-0-C-1 logger=o.apache.kafka.clients.NetworkClient - [Consumer clientId=consumer-reputacao-service-1, groupId=reputacao-service] Cancelled in-flight API_VERSIONS request with correlation id 4329 due to node -1 being disconnected (elapsed time since creation: 1ms, elapsed time since send: 1ms, throttle time: 0ms, request timeout: 30000ms)
2026-09-19 18:51:24.221 WARN  service=reputacao-service correlationId= thread=org.springframework.kafka.KafkaListenerEndpointContainer#0-0-C-1 logger=o.apache.kafka.clients.NetworkClient - [Consumer clientId=consumer-reputacao-service-1, groupId=reputacao-service] Bootstrap broker localhost:9092 (id: -1 rack: null isFenced: false) disconnected
2026-09-19 18:51:24.222 INFO  service=reputacao-service correlationId= thread=org.springframework.kafka.KafkaListenerEndpointContainer#0-1-C-1 logger=o.apache.kafka.clients.NetworkClient - [Consumer clientId=consumer-reputacao-service-2, groupId=reputacao-service] Node -1 disconnected.
2026-09-19 18:51:24.222 INFO  service=reputacao-service correlationId= thread=org.springframework.kafka.KafkaListenerEndpointContainer#0-1-C-1 logger=o.apache.kafka.clients.NetworkClient - [Consumer clientId=consumer-reputacao-service-2, groupId=reputacao-service] Cancelled in-flight API_VERSIONS request with correlation id 4327 due to node -1 being disconnected (elapsed time since creation: 1ms, elapsed time since send: 1ms, throttle time: 0ms, request timeout: 30000ms)
2026-09-19 18:51:24.222 WARN  service=reputacao-service correlationId= thread=org.springframework.kafka.KafkaListenerEndpointContainer#0-1-C-1 logger=o.apache.kafka.clients.NetworkClient - [Consumer clientId=consumer-reputacao-service-2, groupId=reputacao-service] Bootstrap broker localhost:9092 (id: -1 rack: null isFenced: false) disconnected
2026-09-19 18:51:24.357 INFO  service=reputacao-service correlationId= thread=org.springframework.kafka.KafkaListenerEndpointContainer#0-2-C-1 logger=o.apache.kafka.clients.NetworkClient - [Consumer clientId=consumer-reputacao-service-3, groupId=reputacao-service] Node -1 disconnected.
2026-09-19 18:51:24.358 INFO  service=reputacao-service correlationId= thread=org.springframework.kafka.KafkaListenerEndpointContainer#0-2-C-1 logger=o.apache.kafka.clients.NetworkClient - [Consumer clientId=consumer-reputacao-service-3, groupId=reputacao-service] Cancelled in-flight API_VERSIONS request with correlation id 4327 due to node -1 being disconnected (elapsed time since creation: 1ms, elapsed time since send: 1ms, throttle time: 0ms, request timeout: 30000ms)
2026-09-19 18:51:24.358 WARN  service=reputacao-service correlationId= thread=org.springframework.kafka.KafkaListenerEndpointContainer#0-2-C-1 logger=o.apache.kafka.clients.NetworkClient - [Consumer clientId=consumer-reputacao-service-3, groupId=reputacao-service] Bootstrap broker localhost:9092 (id: -1 rack: null isFenced: false) disconnected
2026-09-19 18:51:25.032 INFO  service=reputacao-service correlationId= thread=org.springframework.kafka.KafkaListenerEndpointContainer#0-1-C-1 logger=o.apache.kafka.clients.NetworkClient - [Consumer clientId=consumer-reputacao-service-2, groupId=reputacao-service] Node -1 disconnected.
2026-09-19 18:51:25.033 WARN  service=reputacao-service correlationId= thread=org.springframework.kafka.KafkaListenerEndpointContainer#0-1-C-1 logger=o.apache.kafka.clients.NetworkClient - [Consumer clientId=consumer-reputacao-service-2, groupId=reputacao-service] Connection to node -1 (localhost/127.0.0.1:9092) could not be established. Node may not be available.
2026-09-19 18:51:25.033 WARN  service=reputacao-service correlationId= thread=org.springframework.kafka.KafkaListenerEndpointContainer#0-1-C-1 logger=o.apache.kafka.clients.NetworkClient - [Consumer clientId=consumer-reputacao-service-2, groupId=reputacao-service] Bootstrap broker localhost:9092 (id: -1 rack: null isFenced: false) disconnected
2026-09-19 18:51:25.033 INFO  service=reputacao-service correlationId= thread=org.springframework.kafka.KafkaListenerEndpointContainer#0-1-C-1 logger=org.apache.kafka.clients.Metadata - [Consumer clientId=consumer-reputacao-service-2, groupId=reputacao-service] Rebootstrapping with [localhost/127.0.0.1:9092]
2026-09-19 18:51:25.084 INFO  service=reputacao-service correlationId= thread=org.springframework.kafka.KafkaListenerEndpointContainer#0-1-C-1 logger=org.apache.kafka.clients.Metadata - [Consumer clientId=consumer-reputacao-service-2, groupId=reputacao-service] Rebootstrapping with [localhost/127.0.0.1:9092]
2026-09-19 18:51:25.096 INFO  service=reputacao-service correlationId= thread=org.springframework.kafka.KafkaListenerEndpointContainer#0-0-C-1 logger=o.apache.kafka.clients.NetworkClient - [Consumer clientId=consumer-reputacao-service-1, groupId=reputacao-service] Node -1 disconnected.
2026-09-19 18:51:25.096 WARN  service=reputacao-service correlationId= thread=org.springframework.kafka.KafkaListenerEndpointContainer#0-0-C-1 logger=o.apache.kafka.clients.NetworkClient - [Consumer clientId=consumer-reputacao-service-1, groupId=reputacao-service] Connection to node -1 (localhost/127.0.0.1:9092) could not be established. Node may not be available.
2026-09-19 18:51:25.097 WARN  service=reputacao-service correlationId= thread=org.springframework.kafka.KafkaListenerEndpointContainer#0-0-C-1 logger=o.apache.kafka.clients.NetworkClient - [Consumer clientId=consumer-reputacao-service-1, groupId=reputacao-service] Bootstrap broker localhost:9092 (id: -1 rack: null isFenced: false) disconnected
2026-09-19 18:51:25.097 INFO  service=reputacao-service correlationId= thread=org.springframework.kafka.KafkaListenerEndpointContainer#0-0-C-1 logger=org.apache.kafka.clients.Metadata - [Consumer clientId=consumer-reputacao-service-1, groupId=reputacao-service] Rebootstrapping with [localhost/127.0.0.1:9092]
2026-09-19 18:51:25.148 INFO  service=reputacao-service correlationId= thread=org.springframework.kafka.KafkaListenerEndpointContainer#0-0-C-1 logger=org.apache.kafka.clients.Metadata - [Consumer clientId=consumer-reputacao-service-1, groupId=reputacao-service] Rebootstrapping with [localhost/127.0.0.1:9092]
2026-09-19 18:51:25.162 INFO  service=reputacao-service correlationId= thread=org.springframework.kafka.KafkaListenerEndpointContainer#0-2-C-1 logger=o.apache.kafka.clients.NetworkClient - [Consumer clientId=consumer-reputacao-service-3, groupId=reputacao-service] Node -1 disconnected.
2026-09-19 18:51:25.162 WARN  service=reputacao-service correlationId= thread=org.springframework.kafka.KafkaListenerEndpointContainer#0-2-C-1 logger=o.apache.kafka.clients.NetworkClient - [Consumer clientId=consumer-reputacao-service-3, groupId=reputacao-service] Connection to node -1 (localhost/127.0.0.1:9092) could not be established. Node may not be available.
2026-09-19 18:51:25.162 WARN  service=reputacao-service correlationId= thread=org.springframework.kafka.KafkaListenerEndpointContainer#0-2-C-1 logger=o.apache.kafka.clients.NetworkClient - [Consumer clientId=consumer-reputacao-service-3, groupId=reputacao-service] Bootstrap broker localhost:9092 (id: -1 rack: null isFenced: false) disconnected
2026-09-19 18:51:25.212 INFO  service=reputacao-service correlationId= thread=org.springframework.kafka.KafkaListenerEndpointContainer#0-2-C-1 logger=org.apache.kafka.clients.Metadata - [Consumer clientId=consumer-reputacao-service-3, groupId=reputacao-service] Rebootstrapping with [localhost/127.0.0.1:9092]
2026-09-19 18:51:25.263 INFO  service=reputacao-service correlationId= thread=org.springframework.kafka.KafkaListenerEndpointContainer#0-2-C-1 logger=org.apache.kafka.clients.Metadata - [Consumer clientId=consumer-reputacao-service-3, groupId=reputacao-service] Rebootstrapping with [localhost/127.0.0.1:9092]
2026-09-19 18:51:25.506 INFO  service=reputacao-service correlationId= thread=org.springframework.kafka.KafkaListenerEndpointContainer#0-0-C-1 logger=org.apache.kafka.clients.Metadata - [Consumer clientId=consumer-reputacao-service-1, groupId=reputacao-service] Rebootstrapping with [localhost/127.0.0.1:9092]
2026-09-19 18:51:25.525 INFO  service=reputacao-service correlationId= thread=org.springframework.kafka.KafkaListenerEndpointContainer#0-1-C-1 logger=o.apache.kafka.clients.NetworkClient - [Consumer clientId=consumer-reputacao-service-2, groupId=reputacao-service] Node -1 disconnected.
2026-09-19 18:51:25.525 WARN  service=reputacao-service correlationId= thread=org.springframework.kafka.KafkaListenerEndpointContainer#0-1-C-1 logger=o.apache.kafka.clients.NetworkClient - [Consumer clientId=consumer-reputacao-service-2, groupId=reputacao-service] Connection to node -1 (localhost/127.0.0.1:9092) could not be established. Node may not be available.
2026-09-19 18:51:25.525 WARN  service=reputacao-service correlationId= thread=org.springframework.kafka.KafkaListenerEndpointContainer#0-1-C-1 logger=o.apache.kafka.clients.NetworkClient - [Consumer clientId=consumer-reputacao-service-2, groupId=reputacao-service] Bootstrap broker localhost:9092 (id: -1 rack: null isFenced: false) disconnected
2026-09-19 18:51:25.558 INFO  service=reputacao-service correlationId= thread=org.springframework.kafka.KafkaListenerEndpointContainer#0-0-C-1 logger=o.apache.kafka.clients.NetworkClient - [Consumer clientId=consumer-reputacao-service-1, groupId=reputacao-service] Node -1 disconnected.
2026-09-19 18:51:25.558 WARN  service=reputacao-service correlationId= thread=org.springframework.kafka.KafkaListenerEndpointContainer#0-0-C-1 logger=o.apache.kafka.clients.NetworkClient - [Consumer clientId=consumer-reputacao-service-1, groupId=reputacao-service] Connection to node -1 (localhost/127.0.0.1:9092) could not be established. Node may not be available.
2026-09-19 18:51:25.558 WARN  service=reputacao-service correlationId= thread=org.springframework.kafka.KafkaListenerEndpointContainer#0-0-C-1 logger=o.apache.kafka.clients.NetworkClient - [Consumer clientId=consumer-reputacao-service-1, groupId=reputacao-service] Bootstrap broker localhost:9092 (id: -1 rack: null isFenced: false) disconnected
2026-09-19 18:51:25.720 INFO  service=reputacao-service correlationId= thread=org.springframework.kafka.KafkaListenerEndpointContainer#0-2-C-1 logger=o.apache.kafka.clients.NetworkClient - [Consumer clientId=consumer-reputacao-service-3, groupId=reputacao-service] Node -1 disconnected.
2026-09-19 18:51:25.721 WARN  service=reputacao-service correlationId= thread=org.springframework.kafka.KafkaListenerEndpointContainer#0-2-C-1 logger=o.apache.kafka.clients.NetworkClient - [Consumer clientId=consumer-reputacao-service-3, groupId=reputacao-service] Connection to node -1 (localhost/127.0.0.1:9092) could not be established. Node may not be available.
2026-09-19 18:51:25.721 WARN  service=reputacao-service correlationId= thread=org.springframework.kafka.KafkaListenerEndpointContainer#0-2-C-1 logger=o.apache.kafka.clients.NetworkClient - [Consumer clientId=consumer-reputacao-service-3, groupId=reputacao-service] Bootstrap broker localhost:9092 (id: -1 rack: null isFenced: false) disconnected
2026-09-19 18:51:26.424 INFO  service=reputacao-service correlationId= thread=org.springframework.kafka.KafkaListenerEndpointContainer#0-0-C-1 logger=org.apache.kafka.clients.Metadata - [Consumer clientId=consumer-reputacao-service-1, groupId=reputacao-service] Rebootstrapping with [localhost/127.0.0.1:9092]
2026-09-19 18:51:26.520 INFO  service=reputacao-service correlationId= thread=org.springframework.kafka.KafkaListenerEndpointContainer#0-1-C-1 logger=o.apache.kafka.clients.NetworkClient - [Consumer clientId=consumer-reputacao-service-2, groupId=reputacao-service] Node -1 disconnected.
2026-09-19 18:51:26.520 WARN  service=reputacao-service correlationId= thread=org.springframework.kafka.KafkaListenerEndpointContainer#0-1-C-1 logger=o.apache.kafka.clients.NetworkClient - [Consumer clientId=consumer-reputacao-service-2, groupId=reputacao-service] Connection to node -1 (localhost/127.0.0.1:9092) could not be established. Node may not be available.
2026-09-19 18:51:26.520 WARN  service=reputacao-service correlationId= thread=org.springframework.kafka.KafkaListenerEndpointContainer#0-1-C-1 logger=o.apache.kafka.clients.NetworkClient - [Consumer clientId=consumer-reputacao-service-2, groupId=reputacao-service] Bootstrap broker localhost:9092 (id: -1 rack: null isFenced: false) disconnected
2026-09-19 18:51:26.721 INFO  service=reputacao-service correlationId= thread=org.springframework.kafka.KafkaListenerEndpointContainer#0-2-C-1 logger=o.apache.kafka.clients.NetworkClient - [Consumer clientId=consumer-reputacao-service-3, groupId=reputacao-service] Node -1 disconnected.
2026-09-19 18:51:26.721 WARN  service=reputacao-service correlationId= thread=org.springframework.kafka.KafkaListenerEndpointContainer#0-2-C-1 logger=o.apache.kafka.clients.NetworkClient - [Consumer clientId=consumer-reputacao-service-3, groupId=reputacao-service] Connection to node -1 (localhost/127.0.0.1:9092) could not be established. Node may not be available.
2026-09-19 18:51:26.722 WARN  service=reputacao-service correlationId= thread=org.springframework.kafka.KafkaListenerEndpointContainer#0-2-C-1 logger=o.apache.kafka.clients.NetworkClient - [Consumer clientId=consumer-reputacao-service-3, groupId=reputacao-service] Bootstrap broker localhost:9092 (id: -1 rack: null isFenced: false) disconnected
2026-09-19 18:51:26.857 INFO  service=reputacao-service correlationId= thread=org.springframework.kafka.KafkaListenerEndpointContainer#0-1-C-1 logger=o.apache.kafka.clients.NetworkClient - [Consumer clientId=consumer-reputacao-service-2, groupId=reputacao-service] Node 1 disconnected.
2026-09-19 18:51:26.857 INFO  service=reputacao-service correlationId= thread=org.springframework.kafka.KafkaListenerEndpointContainer#0-0-C-1 logger=o.apache.kafka.clients.NetworkClient - [Consumer clientId=consumer-reputacao-service-1, groupId=reputacao-service] Node -1 disconnected.
2026-09-19 18:51:26.858 WARN  service=reputacao-service correlationId= thread=org.springframework.kafka.KafkaListenerEndpointContainer#0-1-C-1 logger=o.apache.kafka.clients.NetworkClient - [Consumer clientId=consumer-reputacao-service-2, groupId=reputacao-service] Connection to node 1 (localhost/127.0.0.1:9092) could not be established. Node may not be available.
2026-09-19 18:51:26.858 WARN  service=reputacao-service correlationId= thread=org.springframework.kafka.KafkaListenerEndpointContainer#0-0-C-1 logger=o.apache.kafka.clients.NetworkClient - [Consumer clientId=consumer-reputacao-service-1, groupId=reputacao-service] Connection to node -1 (localhost/127.0.0.1:9092) could not be established. Node may not be available.
2026-09-19 18:51:26.858 WARN  service=reputacao-service correlationId= thread=org.springframework.kafka.KafkaListenerEndpointContainer#0-0-C-1 logger=o.apache.kafka.clients.NetworkClient - [Consumer clientId=consumer-reputacao-service-1, groupId=reputacao-service] Bootstrap broker localhost:9092 (id: -1 rack: null isFenced: false) disconnected
2026-09-19 18:51:26.858 INFO  service=reputacao-service correlationId= thread=org.springframework.kafka.KafkaListenerEndpointContainer#0-1-C-1 logger=o.a.k.clients.FetchSessionHandler - [Consumer clientId=consumer-reputacao-service-2, groupId=reputacao-service] Error sending fetch request (sessionId=1136026593, epoch=INITIAL) to node 1:
org.apache.kafka.common.errors.DisconnectException
2026-09-19 18:51:26.859 INFO  service=reputacao-service correlationId= thread=kafka-coordinator-heartbeat-thread | reputacao-service logger=o.apache.kafka.clients.NetworkClient - [Consumer clientId=consumer-reputacao-service-1, groupId=reputacao-service] Node 1 disconnected.
2026-09-19 18:51:26.859 WARN  service=reputacao-service correlationId= thread=kafka-coordinator-heartbeat-thread | reputacao-service logger=o.apache.kafka.clients.NetworkClient - [Consumer clientId=consumer-reputacao-service-1, groupId=reputacao-service] Connection to node 1 (localhost/127.0.0.1:9092) could not be established. Node may not be available.
2026-09-19 18:51:26.859 INFO  service=reputacao-service correlationId= thread=kafka-coordinator-heartbeat-thread | reputacao-service logger=o.a.k.clients.FetchSessionHandler - [Consumer clientId=consumer-reputacao-service-1, groupId=reputacao-service] Error sending fetch request (sessionId=1473298049, epoch=INITIAL) to node 1:
org.apache.kafka.common.errors.DisconnectException
2026-09-19 18:51:26.861 INFO  service=reputacao-service correlationId= thread=org.springframework.kafka.KafkaListenerEndpointContainer#0-2-C-1 logger=o.apache.kafka.clients.NetworkClient - [Consumer clientId=consumer-reputacao-service-3, groupId=reputacao-service] Node 1 disconnected.
2026-09-19 18:51:26.861 WARN  service=reputacao-service correlationId= thread=org.springframework.kafka.KafkaListenerEndpointContainer#0-2-C-1 logger=o.apache.kafka.clients.NetworkClient - [Consumer clientId=consumer-reputacao-service-3, groupId=reputacao-service] Connection to node 1 (localhost/127.0.0.1:9092) could not be established. Node may not be available.
2026-09-19 18:51:26.861 INFO  service=reputacao-service correlationId= thread=org.springframework.kafka.KafkaListenerEndpointContainer#0-2-C-1 logger=o.a.k.clients.FetchSessionHandler - [Consumer clientId=consumer-reputacao-service-3, groupId=reputacao-service] Error sending fetch request (sessionId=920541152, epoch=INITIAL) to node 1:
org.apache.kafka.common.errors.DisconnectException
2026-09-19 18:51:27.521 INFO  service=reputacao-service correlationId= thread=org.springframework.kafka.KafkaListenerEndpointContainer#0-1-C-1 logger=o.apache.kafka.clients.NetworkClient - [Consumer clientId=consumer-reputacao-service-2, groupId=reputacao-service] Node -1 disconnected.
2026-09-19 18:51:27.521 WARN  service=reputacao-service correlationId= thread=org.springframework.kafka.KafkaListenerEndpointContainer#0-1-C-1 logger=o.apache.kafka.clients.NetworkClient - [Consumer clientId=consumer-reputacao-service-2, groupId=reputacao-service] Connection to node -1 (localhost/127.0.0.1:9092) could not be established. Node may not be available.
2026-09-19 18:51:27.521 WARN  service=reputacao-service correlationId= thread=org.springframework.kafka.KafkaListenerEndpointContainer#0-1-C-1 logger=o.apache.kafka.clients.NetworkClient - [Consumer clientId=consumer-reputacao-service-2, groupId=reputacao-service] Bootstrap broker localhost:9092 (id: -1 rack: null isFenced: false) disconnected
2026-09-19 18:51:27.703 INFO  service=reputacao-service correlationId= thread=org.springframework.kafka.KafkaListenerEndpointContainer#0-2-C-1 logger=o.apache.kafka.clients.NetworkClient - [Consumer clientId=consumer-reputacao-service-3, groupId=reputacao-service] Node -1 disconnected.
2026-09-19 18:51:27.703 WARN  service=reputacao-service correlationId= thread=org.springframework.kafka.KafkaListenerEndpointContainer#0-2-C-1 logger=o.apache.kafka.clients.NetworkClient - [Consumer clientId=consumer-reputacao-service-3, groupId=reputacao-service] Connection to node -1 (localhost/127.0.0.1:9092) could not be established. Node may not be available.
2026-09-19 18:51:27.703 WARN  service=reputacao-service correlationId= thread=org.springframework.kafka.KafkaListenerEndpointContainer#0-2-C-1 logger=o.apache.kafka.clients.NetworkClient - [Consumer clientId=consumer-reputacao-service-3, groupId=reputacao-service] Bootstrap broker localhost:9092 (id: -1 rack: null isFenced: false) disconnected
2026-09-19 18:51:27.704 INFO  service=reputacao-service correlationId= thread=org.springframework.kafka.KafkaListenerEndpointContainer#0-2-C-1 logger=org.apache.kafka.clients.Metadata - [Consumer clientId=consumer-reputacao-service-3, groupId=reputacao-service] Rebootstrapping with [localhost/127.0.0.1:9092]
2026-09-19 18:51:27.744 INFO  service=reputacao-service correlationId= thread=org.springframework.kafka.KafkaListenerEndpointContainer#0-0-C-1 logger=org.apache.kafka.clients.Metadata - [Consumer clientId=consumer-reputacao-service-1, groupId=reputacao-service] Rebootstrapping with [localhost/127.0.0.1:9092]
2026-09-19 18:51:27.754 INFO  service=reputacao-service correlationId= thread=org.springframework.kafka.KafkaListenerEndpointContainer#0-2-C-1 logger=org.apache.kafka.clients.Metadata - [Consumer clientId=consumer-reputacao-service-3, groupId=reputacao-service] Rebootstrapping with [localhost/127.0.0.1:9092]
2026-09-19 18:51:27.964 INFO  service=reputacao-service correlationId= thread=org.springframework.kafka.KafkaListenerEndpointContainer#0-0-C-1 logger=o.apache.kafka.clients.NetworkClient - [Consumer clientId=consumer-reputacao-service-1, groupId=reputacao-service] Node -1 disconnected.
2026-09-19 18:51:27.964 WARN  service=reputacao-service correlationId= thread=org.springframework.kafka.KafkaListenerEndpointContainer#0-0-C-1 logger=o.apache.kafka.clients.NetworkClient - [Consumer clientId=consumer-reputacao-service-1, groupId=reputacao-service] Connection to node -1 (localhost/127.0.0.1:9092) could not be established. Node may not be available.
2026-09-19 18:51:27.964 WARN  service=reputacao-service correlationId= thread=org.springframework.kafka.KafkaListenerEndpointContainer#0-0-C-1 logger=o.apache.kafka.clients.NetworkClient - [Consumer clientId=consumer-reputacao-service-1, groupId=reputacao-service] Bootstrap broker localhost:9092 (id: -1 rack: null isFenced: false) disconnected
2026-09-19 18:51:27.980 INFO  service=reputacao-service correlationId= thread=org.springframework.kafka.KafkaListenerEndpointContainer#0-2-C-1 logger=org.apache.kafka.clients.Metadata - [Consumer clientId=consumer-reputacao-service-3, groupId=reputacao-service] Rebootstrapping with [localhost/127.0.0.1:9092]
2026-09-19 18:51:28.030 INFO  service=reputacao-service correlationId= thread=org.springframework.kafka.KafkaListenerEndpointContainer#0-2-C-1 logger=org.apache.kafka.clients.Metadata - [Consumer clientId=consumer-reputacao-service-3, groupId=reputacao-service] Rebootstrapping with [localhost/127.0.0.1:9092]
2026-09-19 18:51:28.510 INFO  service=reputacao-service correlationId= thread=org.springframework.kafka.KafkaListenerEndpointContainer#0-2-C-1 logger=org.apache.kafka.clients.Metadata - [Consumer clientId=consumer-reputacao-service-3, groupId=reputacao-service] Rebootstrapping with [localhost/127.0.0.1:9092]
2026-09-19 18:51:28.522 INFO  service=reputacao-service correlationId= thread=org.springframework.kafka.KafkaListenerEndpointContainer#0-1-C-1 logger=o.apache.kafka.clients.NetworkClient - [Consumer clientId=consumer-reputacao-service-2, groupId=reputacao-service] Node -1 disconnected.
2026-09-19 18:51:28.523 WARN  service=reputacao-service correlationId= thread=org.springframework.kafka.KafkaListenerEndpointContainer#0-1-C-1 logger=o.apache.kafka.clients.NetworkClient - [Consumer clientId=consumer-reputacao-service-2, groupId=reputacao-service] Connection to node -1 (localhost/127.0.0.1:9092) could not be established. Node may not be available.
2026-09-19 18:51:28.523 WARN  service=reputacao-service correlationId= thread=org.springframework.kafka.KafkaListenerEndpointContainer#0-1-C-1 logger=o.apache.kafka.clients.NetworkClient - [Consumer clientId=consumer-reputacao-service-2, groupId=reputacao-service] Bootstrap broker localhost:9092 (id: -1 rack: null isFenced: false) disconnected
2026-09-19 18:51:28.561 INFO  service=reputacao-service correlationId= thread=org.springframework.kafka.KafkaListenerEndpointContainer#0-2-C-1 logger=org.apache.kafka.clients.Metadata - [Consumer clientId=consumer-reputacao-service-3, groupId=reputacao-service] Rebootstrapping with [localhost/127.0.0.1:9092]
2026-09-19 18:51:28.965 INFO  service=reputacao-service correlationId= thread=org.springframework.kafka.KafkaListenerEndpointContainer#0-0-C-1 logger=o.apache.kafka.clients.NetworkClient - [Consumer clientId=consumer-reputacao-service-1, groupId=reputacao-service] Node -1 disconnected.
2026-09-19 18:51:28.965 WARN  service=reputacao-service correlationId= thread=org.springframework.kafka.KafkaListenerEndpointContainer#0-0-C-1 logger=o.apache.kafka.clients.NetworkClient - [Consumer clientId=consumer-reputacao-service-1, groupId=reputacao-service] Connection to node -1 (localhost/127.0.0.1:9092) could not be established. Node may not be available.
2026-09-19 18:51:28.965 WARN  service=reputacao-service correlationId= thread=org.springframework.kafka.KafkaListenerEndpointContainer#0-0-C-1 logger=o.apache.kafka.clients.NetworkClient - [Consumer clientId=consumer-reputacao-service-1, groupId=reputacao-service] Bootstrap broker localhost:9092 (id: -1 rack: null isFenced: false) disconnected
2026-09-19 18:51:29.351 INFO  service=reputacao-service correlationId= thread=org.springframework.kafka.KafkaListenerEndpointContainer#0-2-C-1 logger=o.apache.kafka.clients.NetworkClient - [Consumer clientId=consumer-reputacao-service-3, groupId=reputacao-service] Node -1 disconnected.
2026-09-19 18:51:29.351 WARN  service=reputacao-service correlationId= thread=org.springframework.kafka.KafkaListenerEndpointContainer#0-2-C-1 logger=o.apache.kafka.clients.NetworkClient - [Consumer clientId=consumer-reputacao-service-3, groupId=reputacao-service] Connection to node -1 (localhost/127.0.0.1:9092) could not be established. Node may not be available.
2026-09-19 18:51:29.351 WARN  service=reputacao-service correlationId= thread=org.springframework.kafka.KafkaListenerEndpointContainer#0-2-C-1 logger=o.apache.kafka.clients.NetworkClient - [Consumer clientId=consumer-reputacao-service-3, groupId=reputacao-service] Bootstrap broker localhost:9092 (id: -1 rack: null isFenced: false) disconnected
2026-09-19 18:51:29.522 INFO  service=reputacao-service correlationId= thread=org.springframework.kafka.KafkaListenerEndpointContainer#0-1-C-1 logger=o.apache.kafka.clients.NetworkClient - [Consumer clientId=consumer-reputacao-service-2, groupId=reputacao-service] Node -1 disconnected.
2026-09-19 18:51:29.523 WARN  service=reputacao-service correlationId= thread=org.springframework.kafka.KafkaListenerEndpointContainer#0-1-C-1 logger=o.apache.kafka.clients.NetworkClient - [Consumer clientId=consumer-reputacao-service-2, groupId=reputacao-service] Connection to node -1 (localhost/127.0.0.1:9092) could not be established. Node may not be available.
2026-09-19 18:51:29.523 WARN  service=reputacao-service correlationId= thread=org.springframework.kafka.KafkaListenerEndpointContainer#0-1-C-1 logger=o.apache.kafka.clients.NetworkClient - [Consumer clientId=consumer-reputacao-service-2, groupId=reputacao-service] Bootstrap broker localhost:9092 (id: -1 rack: null isFenced: false) disconnected
2026-09-19 18:51:29.868 INFO  service=reputacao-service correlationId= thread=org.springframework.kafka.KafkaListenerEndpointContainer#0-0-C-1 logger=org.apache.kafka.clients.Metadata - [Consumer clientId=consumer-reputacao-service-1, groupId=reputacao-service] Rebootstrapping with [localhost/127.0.0.1:9092]
2026-09-19 18:51:29.918 INFO  service=reputacao-service correlationId= thread=org.springframework.kafka.KafkaListenerEndpointContainer#0-0-C-1 logger=org.apache.kafka.clients.Metadata - [Consumer clientId=consumer-reputacao-service-1, groupId=reputacao-service] Rebootstrapping with [localhost/127.0.0.1:9092]
2026-09-19 18:51:30.248 INFO  service=reputacao-service correlationId= thread=org.springframework.kafka.KafkaListenerEndpointContainer#0-0-C-1 logger=o.apache.kafka.clients.NetworkClient - [Consumer clientId=consumer-reputacao-service-1, groupId=reputacao-service] Node -1 disconnected.
2026-09-19 18:51:30.249 WARN  service=reputacao-service correlationId= thread=org.springframework.kafka.KafkaListenerEndpointContainer#0-0-C-1 logger=o.apache.kafka.clients.NetworkClient - [Consumer clientId=consumer-reputacao-service-1, groupId=reputacao-service] Connection to node -1 (localhost/127.0.0.1:9092) could not be established. Node may not be available.
2026-09-19 18:51:30.249 WARN  service=reputacao-service correlationId= thread=org.springframework.kafka.KafkaListenerEndpointContainer#0-0-C-1 logger=o.apache.kafka.clients.NetworkClient - [Consumer clientId=consumer-reputacao-service-1, groupId=reputacao-service] Bootstrap broker localhost:9092 (id: -1 rack: null isFenced: false) disconnected
2026-09-19 18:51:30.351 INFO  service=reputacao-service correlationId= thread=org.springframework.kafka.KafkaListenerEndpointContainer#0-2-C-1 logger=o.apache.kafka.clients.NetworkClient - [Consumer clientId=consumer-reputacao-service-3, groupId=reputacao-service] Node -1 disconnected.
2026-09-19 18:51:30.352 WARN  service=reputacao-service correlationId= thread=org.springframework.kafka.KafkaListenerEndpointContainer#0-2-C-1 logger=o.apache.kafka.clients.NetworkClient - [Consumer clientId=consumer-reputacao-service-3, groupId=reputacao-service] Connection to node -1 (localhost/127.0.0.1:9092) could not be established. Node may not be available.
2026-09-19 18:51:30.352 WARN  service=reputacao-service correlationId= thread=org.springframework.kafka.KafkaListenerEndpointContainer#0-2-C-1 logger=o.apache.kafka.clients.NetworkClient - [Consumer clientId=consumer-reputacao-service-3, groupId=reputacao-service] Bootstrap broker localhost:9092 (id: -1 rack: null isFenced: false) disconnected
2026-09-19 18:51:30.523 INFO  service=reputacao-service correlationId= thread=org.springframework.kafka.KafkaListenerEndpointContainer#0-1-C-1 logger=o.apache.kafka.clients.NetworkClient - [Consumer clientId=consumer-reputacao-service-2, groupId=reputacao-service] Node -1 disconnected.
2026-09-19 18:51:30.523 WARN  service=reputacao-service correlationId= thread=org.springframework.kafka.KafkaListenerEndpointContainer#0-1-C-1 logger=o.apache.kafka.clients.NetworkClient - [Consumer clientId=consumer-reputacao-service-2, groupId=reputacao-service] Connection to node -1 (localhost/127.0.0.1:9092) could not be established. Node may not be available.
2026-09-19 18:51:30.523 WARN  service=reputacao-service correlationId= thread=org.springframework.kafka.KafkaListenerEndpointContainer#0-1-C-1 logger=o.apache.kafka.clients.NetworkClient - [Consumer clientId=consumer-reputacao-service-2, groupId=reputacao-service] Bootstrap broker localhost:9092 (id: -1 rack: null isFenced: false) disconnected
2026-09-19 18:51:30.681 INFO  service=reputacao-service correlationId= thread=DiscoveryClient-HeartbeatExecutor-%d logger=c.n.d.s.t.d.RedirectingEurekaHttpClient - Request execution error. endpoint=DefaultEndpoint{ serviceUrl='http://localhost:8761/eureka/} exception=I/O error on PUT request for "http://localhost:8761/eureka/apps/REPUTACAO-SERVICE/localhost:reputacao-service:8083": Connect to http://localhost:8761 failed: Connection refused: getsockopt
org.springframework.web.client.ResourceAccessException: I/O error on PUT request for "http://localhost:8761/eureka/apps/REPUTACAO-SERVICE/localhost:reputacao-service:8083": Connect to http://localhost:8761 failed: Connection refused: getsockopt
	at org.springframework.web.client.DefaultRestClient$DefaultRequestBodyUriSpec.createResourceAccessException(DefaultRestClient.java:779)
	at org.springframework.web.client.DefaultRestClient$DefaultRequestBodyUriSpec.exchangeInternal(DefaultRestClient.java:624)
	at org.springframework.web.client.DefaultRestClient$DefaultRequestBodyUriSpec.exchange(DefaultRestClient.java:572)
	at org.springframework.web.client.RestClient$RequestHeadersSpec.exchange(RestClient.java:747)
	at org.springframework.web.client.DefaultRestClient$DefaultResponseSpec.executeAndExtract(DefaultRestClient.java:924)
	at org.springframework.web.client.DefaultRestClient$DefaultResponseSpec.toEntityInternal(DefaultRestClient.java:870)
	at org.springframework.web.client.DefaultRestClient$DefaultResponseSpec.toEntity(DefaultRestClient.java:859)
	at org.springframework.cloud.netflix.eureka.http.RestClientEurekaHttpClient.sendHeartBeat(RestClientEurekaHttpClient.java:91)
	at com.netflix.discovery.shared.transport.decorator.EurekaHttpClientDecorator$3.execute(EurekaHttpClientDecorator.java:92)
	at com.netflix.discovery.shared.transport.decorator.RedirectingEurekaHttpClient.execute(RedirectingEurekaHttpClient.java:90)
	at com.netflix.discovery.shared.transport.decorator.EurekaHttpClientDecorator.sendHeartBeat(EurekaHttpClientDecorator.java:89)
	at com.netflix.discovery.shared.transport.decorator.EurekaHttpClientDecorator$3.execute(EurekaHttpClientDecorator.java:92)
	at com.netflix.discovery.shared.transport.decorator.RetryableEurekaHttpClient.execute(RetryableEurekaHttpClient.java:120)
	at com.netflix.discovery.shared.transport.decorator.EurekaHttpClientDecorator.sendHeartBeat(EurekaHttpClientDecorator.java:89)
	at com.netflix.discovery.shared.transport.decorator.EurekaHttpClientDecorator$3.execute(EurekaHttpClientDecorator.java:92)
	at com.netflix.discovery.shared.transport.decorator.SessionedEurekaHttpClient.execute(SessionedEurekaHttpClient.java:76)
	at com.netflix.discovery.shared.transport.decorator.EurekaHttpClientDecorator.sendHeartBeat(EurekaHttpClientDecorator.java:89)
	at com.netflix.discovery.DiscoveryClient.renew(DiscoveryClient.java:860)
	at com.netflix.discovery.DiscoveryClient$HeartbeatThread.run(DiscoveryClient.java:1418)
	at java.base/java.util.concurrent.Executors$RunnableAdapter.call(Executors.java:572)
	at java.base/java.util.concurrent.FutureTask.run(FutureTask.java:317)
	at java.base/java.util.concurrent.ThreadPoolExecutor.runWorker(ThreadPoolExecutor.java:1144)
	at java.base/java.util.concurrent.ThreadPoolExecutor$Worker.run(ThreadPoolExecutor.java:642)
	at java.base/java.lang.Thread.run(Thread.java:1583)
Caused by: org.apache.hc.client5.http.HttpHostConnectException: Connect to http://localhost:8761 failed: Connection refused: getsockopt
	at java.base/sun.nio.ch.Net.pollConnect(Native Method)
	at java.base/sun.nio.ch.Net.pollConnectNow(Net.java:682)
	at java.base/sun.nio.ch.NioSocketImpl.timedFinishConnect(NioSocketImpl.java:542)
	at java.base/sun.nio.ch.NioSocketImpl.connect(NioSocketImpl.java:592)
	at java.base/java.net.SocksSocketImpl.connect(SocksSocketImpl.java:327)
	at java.base/java.net.Socket.connect(Socket.java:751)
	at org.apache.hc.client5.http.impl.io.DefaultHttpClientConnectionOperator.connect(DefaultHttpClientConnectionOperator.java:219)
	at org.apache.hc.client5.http.impl.io.PoolingHttpClientConnectionManager.connect(PoolingHttpClientConnectionManager.java:547)
	at org.apache.hc.client5.http.impl.classic.InternalExecRuntime.connectEndpoint(InternalExecRuntime.java:164)
	at org.apache.hc.client5.http.impl.classic.InternalExecRuntime.connectEndpoint(InternalExecRuntime.java:174)
	at org.apache.hc.client5.http.impl.classic.ConnectExec.execute(ConnectExec.java:144)
	at org.apache.hc.client5.http.impl.classic.ExecChainElement.execute(ExecChainElement.java:51)
	at org.apache.hc.client5.http.impl.classic.ProtocolExec.execute(ProtocolExec.java:192)
	at org.apache.hc.client5.http.impl.classic.ExecChainElement.execute(ExecChainElement.java:51)
	at org.apache.hc.client5.http.impl.classic.ContentCompressionExec.execute(ContentCompressionExec.java:138)
	at org.apache.hc.client5.http.impl.classic.ExecChainElement.execute(ExecChainElement.java:51)
	at org.apache.hc.client5.http.impl.classic.HttpRequestRetryExec.execute(HttpRequestRetryExec.java:112)
	at org.apache.hc.client5.http.impl.classic.ExecChainElement.execute(ExecChainElement.java:51)
	at org.apache.hc.client5.http.impl.classic.RedirectExec.execute(RedirectExec.java:110)
	at org.apache.hc.client5.http.impl.classic.ExecChainElement.execute(ExecChainElement.java:51)
	at org.apache.hc.client5.http.impl.classic.InternalHttpClient.doExecute(InternalHttpClient.java:185)
	at org.apache.hc.client5.http.impl.classic.CloseableHttpClient.execute(CloseableHttpClient.java:87)
	at org.apache.hc.client5.http.impl.classic.CloseableHttpClient.execute(CloseableHttpClient.java:55)
	at org.apache.hc.client5.http.classic.HttpClient.executeOpen(HttpClient.java:183)
	at org.springframework.http.client.HttpComponentsClientHttpRequest.executeInternal(HttpComponentsClientHttpRequest.java:99)
	at org.springframework.http.client.AbstractStreamingClientHttpRequest.executeInternal(AbstractStreamingClientHttpRequest.java:87)
	at org.springframework.http.client.AbstractClientHttpRequest.execute(AbstractClientHttpRequest.java:80)
	at org.springframework.http.client.AbstractBufferingClientHttpRequest.executeWithRequestAndBody(AbstractBufferingClientHttpRequest.java:89)
	at org.springframework.http.client.InterceptingClientHttpRequest$EndOfChainRequestExecution.execute(InterceptingClientHttpRequest.java:102)
	at org.springframework.cloud.netflix.eureka.http.RestClientTransportClientFactory.lambda$newClient$2(RestClientTransportClientFactory.java:98)
	at org.springframework.http.client.ClientHttpRequestInterceptor.lambda$apply$0(ClientHttpRequestInterceptor.java:89)
	at org.springframework.http.client.InterceptingClientHttpRequest.executeInternal(InterceptingClientHttpRequest.java:73)
	at org.springframework.http.client.AbstractBufferingClientHttpRequest.executeInternal(AbstractBufferingClientHttpRequest.java:50)
	at org.springframework.http.client.AbstractClientHttpRequest.execute(AbstractClientHttpRequest.java:80)
	at org.springframework.web.client.DefaultRestClient$DefaultRequestBodyUriSpec.exchangeInternal(DefaultRestClient.java:614)
	... 22 common frames omitted
2026-09-19 18:51:30.683 WARN  service=reputacao-service correlationId= thread=DiscoveryClient-HeartbeatExecutor-%d logger=c.n.d.s.t.d.RetryableEurekaHttpClient - Request execution failed with message: I/O error on PUT request for "http://localhost:8761/eureka/apps/REPUTACAO-SERVICE/localhost:reputacao-service:8083": Connect to http://localhost:8761 failed: Connection refused: getsockopt
2026-09-19 18:51:30.689 INFO  service=reputacao-service correlationId= thread=DiscoveryClient-HeartbeatExecutor-%d logger=c.n.d.s.t.d.RedirectingEurekaHttpClient - Request execution error. endpoint=DefaultEndpoint{ serviceUrl='http://localhost:8761/eureka/}, exception=I/O error on PUT request for "http://localhost:8761/eureka/apps/REPUTACAO-SERVICE/localhost:reputacao-service:8083": Connect to http://localhost:8761 failed: Connection refused: getsockopt
org.springframework.web.client.ResourceAccessException: I/O error on PUT request for "http://localhost:8761/eureka/apps/REPUTACAO-SERVICE/localhost:reputacao-service:8083": Connect to http://localhost:8761 failed: Connection refused: getsockopt
	at org.springframework.web.client.DefaultRestClient$DefaultRequestBodyUriSpec.createResourceAccessException(DefaultRestClient.java:779)
	at org.springframework.web.client.DefaultRestClient$DefaultRequestBodyUriSpec.exchangeInternal(DefaultRestClient.java:624)
	at org.springframework.web.client.DefaultRestClient$DefaultRequestBodyUriSpec.exchange(DefaultRestClient.java:572)
	at org.springframework.web.client.RestClient$RequestHeadersSpec.exchange(RestClient.java:747)
	at org.springframework.web.client.DefaultRestClient$DefaultResponseSpec.executeAndExtract(DefaultRestClient.java:924)
	at org.springframework.web.client.DefaultRestClient$DefaultResponseSpec.toEntityInternal(DefaultRestClient.java:870)
	at org.springframework.web.client.DefaultRestClient$DefaultResponseSpec.toEntity(DefaultRestClient.java:859)
	at org.springframework.cloud.netflix.eureka.http.RestClientEurekaHttpClient.sendHeartBeat(RestClientEurekaHttpClient.java:91)
	at com.netflix.discovery.shared.transport.decorator.EurekaHttpClientDecorator$3.execute(EurekaHttpClientDecorator.java:92)
	at com.netflix.discovery.shared.transport.decorator.RedirectingEurekaHttpClient.executeOnNewServer(RedirectingEurekaHttpClient.java:120)
	at com.netflix.discovery.shared.transport.decorator.RedirectingEurekaHttpClient.execute(RedirectingEurekaHttpClient.java:79)
	at com.netflix.discovery.shared.transport.decorator.EurekaHttpClientDecorator.sendHeartBeat(EurekaHttpClientDecorator.java:89)
	at com.netflix.discovery.shared.transport.decorator.EurekaHttpClientDecorator$3.execute(EurekaHttpClientDecorator.java:92)
	at com.netflix.discovery.shared.transport.decorator.RetryableEurekaHttpClient.execute(RetryableEurekaHttpClient.java:120)
	at com.netflix.discovery.shared.transport.decorator.EurekaHttpClientDecorator.sendHeartBeat(EurekaHttpClientDecorator.java:89)
	at com.netflix.discovery.shared.transport.decorator.EurekaHttpClientDecorator$3.execute(EurekaHttpClientDecorator.java:92)
	at com.netflix.discovery.shared.transport.decorator.SessionedEurekaHttpClient.execute(SessionedEurekaHttpClient.java:76)
	at com.netflix.discovery.shared.transport.decorator.EurekaHttpClientDecorator.sendHeartBeat(EurekaHttpClientDecorator.java:89)
	at com.netflix.discovery.DiscoveryClient.renew(DiscoveryClient.java:860)
	at com.netflix.discovery.DiscoveryClient$HeartbeatThread.run(DiscoveryClient.java:1418)
	at java.base/java.util.concurrent.Executors$RunnableAdapter.call(Executors.java:572)
	at java.base/java.util.concurrent.FutureTask.run(FutureTask.java:317)
	at java.base/java.util.concurrent.ThreadPoolExecutor.runWorker(ThreadPoolExecutor.java:1144)
	at java.base/java.util.concurrent.ThreadPoolExecutor$Worker.run(ThreadPoolExecutor.java:642)
	at java.base/java.lang.Thread.run(Thread.java:1583)
Caused by: org.apache.hc.client5.http.HttpHostConnectException: Connect to http://localhost:8761 failed: Connection refused: getsockopt
	at java.base/sun.nio.ch.Net.pollConnect(Native Method)
	at java.base/sun.nio.ch.Net.pollConnectNow(Net.java:682)
	at java.base/sun.nio.ch.NioSocketImpl.timedFinishConnect(NioSocketImpl.java:542)
	at java.base/sun.nio.ch.NioSocketImpl.connect(NioSocketImpl.java:592)
	at java.base/java.net.SocksSocketImpl.connect(SocksSocketImpl.java:327)
	at java.base/java.net.Socket.connect(Socket.java:751)
	at org.apache.hc.client5.http.impl.io.DefaultHttpClientConnectionOperator.connect(DefaultHttpClientConnectionOperator.java:219)
	at org.apache.hc.client5.http.impl.io.PoolingHttpClientConnectionManager.connect(PoolingHttpClientConnectionManager.java:547)
	at org.apache.hc.client5.http.impl.classic.InternalExecRuntime.connectEndpoint(InternalExecRuntime.java:164)
	at org.apache.hc.client5.http.impl.classic.InternalExecRuntime.connectEndpoint(InternalExecRuntime.java:174)
	at org.apache.hc.client5.http.impl.classic.ConnectExec.execute(ConnectExec.java:144)
	at org.apache.hc.client5.http.impl.classic.ExecChainElement.execute(ExecChainElement.java:51)
	at org.apache.hc.client5.http.impl.classic.ProtocolExec.execute(ProtocolExec.java:192)
	at org.apache.hc.client5.http.impl.classic.ExecChainElement.execute(ExecChainElement.java:51)
	at org.apache.hc.client5.http.impl.classic.ContentCompressionExec.execute(ContentCompressionExec.java:138)
	at org.apache.hc.client5.http.impl.classic.ExecChainElement.execute(ExecChainElement.java:51)
	at org.apache.hc.client5.http.impl.classic.HttpRequestRetryExec.execute(HttpRequestRetryExec.java:112)
	at org.apache.hc.client5.http.impl.classic.ExecChainElement.execute(ExecChainElement.java:51)
	at org.apache.hc.client5.http.impl.classic.RedirectExec.execute(RedirectExec.java:110)
	at org.apache.hc.client5.http.impl.classic.ExecChainElement.execute(ExecChainElement.java:51)
	at org.apache.hc.client5.http.impl.classic.InternalHttpClient.doExecute(InternalHttpClient.java:185)
	at org.apache.hc.client5.http.impl.classic.CloseableHttpClient.execute(CloseableHttpClient.java:87)
	at org.apache.hc.client5.http.impl.classic.CloseableHttpClient.execute(CloseableHttpClient.java:55)
	at org.apache.hc.client5.http.classic.HttpClient.executeOpen(HttpClient.java:183)
	at org.springframework.http.client.HttpComponentsClientHttpRequest.executeInternal(HttpComponentsClientHttpRequest.java:99)
	at org.springframework.http.client.AbstractStreamingClientHttpRequest.executeInternal(AbstractStreamingClientHttpRequest.java:87)
	at org.springframework.http.client.AbstractClientHttpRequest.execute(AbstractClientHttpRequest.java:80)
	at org.springframework.http.client.AbstractBufferingClientHttpRequest.executeWithRequestAndBody(AbstractBufferingClientHttpRequest.java:89)
	at org.springframework.http.client.InterceptingClientHttpRequest$EndOfChainRequestExecution.execute(InterceptingClientHttpRequest.java:102)
	at org.springframework.cloud.netflix.eureka.http.RestClientTransportClientFactory.lambda$newClient$2(RestClientTransportClientFactory.java:98)
	at org.springframework.http.client.ClientHttpRequestInterceptor.lambda$apply$0(ClientHttpRequestInterceptor.java:89)
	at org.springframework.http.client.InterceptingClientHttpRequest.executeInternal(InterceptingClientHttpRequest.java:73)
	at org.springframework.http.client.AbstractBufferingClientHttpRequest.executeInternal(AbstractBufferingClientHttpRequest.java:50)
	at org.springframework.http.client.AbstractClientHttpRequest.execute(AbstractClientHttpRequest.java:80)
	at org.springframework.web.client.DefaultRestClient$DefaultRequestBodyUriSpec.exchangeInternal(DefaultRestClient.java:614)
	... 23 common frames omitted
2026-09-19 18:51:30.690 WARN  service=reputacao-service correlationId= thread=DiscoveryClient-HeartbeatExecutor-%d logger=c.n.d.s.t.d.RetryableEurekaHttpClient - Request execution failed with message: I/O error on PUT request for "http://localhost:8761/eureka/apps/REPUTACAO-SERVICE/localhost:reputacao-service:8083": Connect to http://localhost:8761 failed: Connection refused: getsockopt
2026-09-19 18:51:30.691 ERROR service=reputacao-service correlationId= thread=DiscoveryClient-HeartbeatExecutor-%d logger=c.netflix.discovery.DiscoveryClient - DiscoveryClient_REPUTACAO-SERVICE/localhost:reputacao-service:8083 - was unable to send heartbeat!
com.netflix.discovery.shared.transport.TransportException: Cannot execute request on any known server
	at com.netflix.discovery.shared.transport.decorator.RetryableEurekaHttpClient.execute(RetryableEurekaHttpClient.java:112)
	at com.netflix.discovery.shared.transport.decorator.EurekaHttpClientDecorator.sendHeartBeat(EurekaHttpClientDecorator.java:89)
	at com.netflix.discovery.shared.transport.decorator.EurekaHttpClientDecorator$3.execute(EurekaHttpClientDecorator.java:92)
	at com.netflix.discovery.shared.transport.decorator.SessionedEurekaHttpClient.execute(SessionedEurekaHttpClient.java:76)
	at com.netflix.discovery.shared.transport.decorator.EurekaHttpClientDecorator.sendHeartBeat(EurekaHttpClientDecorator.java:89)
	at com.netflix.discovery.DiscoveryClient.renew(DiscoveryClient.java:860)
	at com.netflix.discovery.DiscoveryClient$HeartbeatThread.run(DiscoveryClient.java:1418)
	at java.base/java.util.concurrent.Executors$RunnableAdapter.call(Executors.java:572)
	at java.base/java.util.concurrent.FutureTask.run(FutureTask.java:317)
	at java.base/java.util.concurrent.ThreadPoolExecutor.runWorker(ThreadPoolExecutor.java:1144)
	at java.base/java.util.concurrent.ThreadPoolExecutor$Worker.run(ThreadPoolExecutor.java:642)
	at java.base/java.lang.Thread.run(Thread.java:1583)
2026-09-19 18:51:30.694 INFO  service=reputacao-service correlationId= thread=DiscoveryClient-CacheRefreshExecutor-%d logger=c.n.d.s.t.d.RedirectingEurekaHttpClient - Request execution error. endpoint=DefaultEndpoint{ serviceUrl='http://localhost:8761/eureka/} exception=I/O error on GET request for "http://localhost:8761/eureka/apps/delta": Connect to http://localhost:8761 failed: Connection refused: getsockopt
org.springframework.web.client.ResourceAccessException: I/O error on GET request for "http://localhost:8761/eureka/apps/delta": Connect to http://localhost:8761 failed: Connection refused: getsockopt
	at org.springframework.web.client.DefaultRestClient$DefaultRequestBodyUriSpec.createResourceAccessException(DefaultRestClient.java:779)
	at org.springframework.web.client.DefaultRestClient$DefaultRequestBodyUriSpec.exchangeInternal(DefaultRestClient.java:624)
	at org.springframework.web.client.DefaultRestClient$DefaultRequestBodyUriSpec.exchange(DefaultRestClient.java:572)
	at org.springframework.web.client.RestClient$RequestHeadersSpec.exchange(RestClient.java:747)
	at org.springframework.web.client.DefaultRestClient$DefaultResponseSpec.executeAndExtract(DefaultRestClient.java:924)
	at org.springframework.web.client.DefaultRestClient$DefaultResponseSpec.toEntityInternal(DefaultRestClient.java:870)
	at org.springframework.web.client.DefaultRestClient$DefaultResponseSpec.toEntity(DefaultRestClient.java:859)
	at org.springframework.cloud.netflix.eureka.http.RestClientEurekaHttpClient.getApplicationsInternal(RestClientEurekaHttpClient.java:201)
	at org.springframework.cloud.netflix.eureka.http.RestClientEurekaHttpClient.getDelta(RestClientEurekaHttpClient.java:142)
	at com.netflix.discovery.shared.transport.decorator.EurekaHttpClientDecorator$7.execute(EurekaHttpClientDecorator.java:152)
	at com.netflix.discovery.shared.transport.decorator.RedirectingEurekaHttpClient.execute(RedirectingEurekaHttpClient.java:90)
	at com.netflix.discovery.shared.transport.decorator.EurekaHttpClientDecorator.getDelta(EurekaHttpClientDecorator.java:149)
	at com.netflix.discovery.shared.transport.decorator.EurekaHttpClientDecorator$7.execute(EurekaHttpClientDecorator.java:152)
	at com.netflix.discovery.shared.transport.decorator.RetryableEurekaHttpClient.execute(RetryableEurekaHttpClient.java:120)
	at com.netflix.discovery.shared.transport.decorator.EurekaHttpClientDecorator.getDelta(EurekaHttpClientDecorator.java:149)
	at com.netflix.discovery.shared.transport.decorator.EurekaHttpClientDecorator$7.execute(EurekaHttpClientDecorator.java:152)
	at com.netflix.discovery.shared.transport.decorator.SessionedEurekaHttpClient.execute(SessionedEurekaHttpClient.java:76)
	at com.netflix.discovery.shared.transport.decorator.EurekaHttpClientDecorator.getDelta(EurekaHttpClientDecorator.java:149)
	at com.netflix.discovery.DiscoveryClient.getAndUpdateDelta(DiscoveryClient.java:1095)
	at com.netflix.discovery.DiscoveryClient.fetchRegistry(DiscoveryClient.java:978)
	at com.netflix.discovery.DiscoveryClient.refreshRegistry(DiscoveryClient.java:1489)
	at com.netflix.discovery.DiscoveryClient$CacheRefreshThread.run(DiscoveryClient.java:1457)
	at java.base/java.util.concurrent.Executors$RunnableAdapter.call(Executors.java:572)
	at java.base/java.util.concurrent.FutureTask.run(FutureTask.java:317)
	at java.base/java.util.concurrent.ThreadPoolExecutor.runWorker(ThreadPoolExecutor.java:1144)
	at java.base/java.util.concurrent.ThreadPoolExecutor$Worker.run(ThreadPoolExecutor.java:642)
	at java.base/java.lang.Thread.run(Thread.java:1583)
Caused by: org.apache.hc.client5.http.HttpHostConnectException: Connect to http://localhost:8761 failed: Connection refused: getsockopt
	at java.base/sun.nio.ch.Net.pollConnect(Native Method)
	at java.base/sun.nio.ch.Net.pollConnectNow(Net.java:682)
	at java.base/sun.nio.ch.NioSocketImpl.timedFinishConnect(NioSocketImpl.java:542)
	at java.base/sun.nio.ch.NioSocketImpl.connect(NioSocketImpl.java:592)
	at java.base/java.net.SocksSocketImpl.connect(SocksSocketImpl.java:327)
	at java.base/java.net.Socket.connect(Socket.java:751)
	at org.apache.hc.client5.http.impl.io.DefaultHttpClientConnectionOperator.connect(DefaultHttpClientConnectionOperator.java:219)
	at org.apache.hc.client5.http.impl.io.PoolingHttpClientConnectionManager.connect(PoolingHttpClientConnectionManager.java:547)
	at org.apache.hc.client5.http.impl.classic.InternalExecRuntime.connectEndpoint(InternalExecRuntime.java:164)
	at org.apache.hc.client5.http.impl.classic.InternalExecRuntime.connectEndpoint(InternalExecRuntime.java:174)
	at org.apache.hc.client5.http.impl.classic.ConnectExec.execute(ConnectExec.java:144)
	at org.apache.hc.client5.http.impl.classic.ExecChainElement.execute(ExecChainElement.java:51)
	at org.apache.hc.client5.http.impl.classic.ProtocolExec.execute(ProtocolExec.java:192)
	at org.apache.hc.client5.http.impl.classic.ExecChainElement.execute(ExecChainElement.java:51)
	at org.apache.hc.client5.http.impl.classic.ContentCompressionExec.execute(ContentCompressionExec.java:138)
	at org.apache.hc.client5.http.impl.classic.ExecChainElement.execute(ExecChainElement.java:51)
	at org.apache.hc.client5.http.impl.classic.HttpRequestRetryExec.execute(HttpRequestRetryExec.java:112)
	at org.apache.hc.client5.http.impl.classic.ExecChainElement.execute(ExecChainElement.java:51)
	at org.apache.hc.client5.http.impl.classic.RedirectExec.execute(RedirectExec.java:110)
	at org.apache.hc.client5.http.impl.classic.ExecChainElement.execute(ExecChainElement.java:51)
	at org.apache.hc.client5.http.impl.classic.InternalHttpClient.doExecute(InternalHttpClient.java:185)
	at org.apache.hc.client5.http.impl.classic.CloseableHttpClient.execute(CloseableHttpClient.java:87)
	at org.apache.hc.client5.http.impl.classic.CloseableHttpClient.execute(CloseableHttpClient.java:55)
	at org.apache.hc.client5.http.classic.HttpClient.executeOpen(HttpClient.java:183)
	at org.springframework.http.client.HttpComponentsClientHttpRequest.executeInternal(HttpComponentsClientHttpRequest.java:99)
	at org.springframework.http.client.AbstractStreamingClientHttpRequest.executeInternal(AbstractStreamingClientHttpRequest.java:87)
	at org.springframework.http.client.AbstractClientHttpRequest.execute(AbstractClientHttpRequest.java:80)
	at org.springframework.http.client.AbstractBufferingClientHttpRequest.executeWithRequestAndBody(AbstractBufferingClientHttpRequest.java:89)
	at org.springframework.http.client.InterceptingClientHttpRequest$EndOfChainRequestExecution.execute(InterceptingClientHttpRequest.java:102)
	at org.springframework.cloud.netflix.eureka.http.RestClientTransportClientFactory.lambda$newClient$2(RestClientTransportClientFactory.java:98)
	at org.springframework.http.client.ClientHttpRequestInterceptor.lambda$apply$0(ClientHttpRequestInterceptor.java:89)
	at org.springframework.http.client.InterceptingClientHttpRequest.executeInternal(InterceptingClientHttpRequest.java:73)
	at org.springframework.http.client.AbstractBufferingClientHttpRequest.executeInternal(AbstractBufferingClientHttpRequest.java:50)
	at org.springframework.http.client.AbstractClientHttpRequest.execute(AbstractClientHttpRequest.java:80)
	at org.springframework.web.client.DefaultRestClient$DefaultRequestBodyUriSpec.exchangeInternal(DefaultRestClient.java:614)
	... 25 common frames omitted
2026-09-19 18:51:30.696 WARN  service=reputacao-service correlationId= thread=DiscoveryClient-CacheRefreshExecutor-%d logger=c.n.d.s.t.d.RetryableEurekaHttpClient - Request execution failed with message: I/O error on GET request for "http://localhost:8761/eureka/apps/delta": Connect to http://localhost:8761 failed: Connection refused: getsockopt
2026-09-19 18:51:30.702 INFO  service=reputacao-service correlationId= thread=DiscoveryClient-CacheRefreshExecutor-%d logger=c.n.d.s.t.d.RedirectingEurekaHttpClient - Request execution error. endpoint=DefaultEndpoint{ serviceUrl='http://localhost:8761/eureka/}, exception=I/O error on GET request for "http://localhost:8761/eureka/apps/delta": Connect to http://localhost:8761 failed: Connection refused: getsockopt
org.springframework.web.client.ResourceAccessException: I/O error on GET request for "http://localhost:8761/eureka/apps/delta": Connect to http://localhost:8761 failed: Connection refused: getsockopt
	at org.springframework.web.client.DefaultRestClient$DefaultRequestBodyUriSpec.createResourceAccessException(DefaultRestClient.java:779)
	at org.springframework.web.client.DefaultRestClient$DefaultRequestBodyUriSpec.exchangeInternal(DefaultRestClient.java:624)
	at org.springframework.web.client.DefaultRestClient$DefaultRequestBodyUriSpec.exchange(DefaultRestClient.java:572)
	at org.springframework.web.client.RestClient$RequestHeadersSpec.exchange(RestClient.java:747)
	at org.springframework.web.client.DefaultRestClient$DefaultResponseSpec.executeAndExtract(DefaultRestClient.java:924)
	at org.springframework.web.client.DefaultRestClient$DefaultResponseSpec.toEntityInternal(DefaultRestClient.java:870)
	at org.springframework.web.client.DefaultRestClient$DefaultResponseSpec.toEntity(DefaultRestClient.java:859)
	at org.springframework.cloud.netflix.eureka.http.RestClientEurekaHttpClient.getApplicationsInternal(RestClientEurekaHttpClient.java:201)
	at org.springframework.cloud.netflix.eureka.http.RestClientEurekaHttpClient.getDelta(RestClientEurekaHttpClient.java:142)
	at com.netflix.discovery.shared.transport.decorator.EurekaHttpClientDecorator$7.execute(EurekaHttpClientDecorator.java:152)
	at com.netflix.discovery.shared.transport.decorator.RedirectingEurekaHttpClient.executeOnNewServer(RedirectingEurekaHttpClient.java:120)
	at com.netflix.discovery.shared.transport.decorator.RedirectingEurekaHttpClient.execute(RedirectingEurekaHttpClient.java:79)
	at com.netflix.discovery.shared.transport.decorator.EurekaHttpClientDecorator.getDelta(EurekaHttpClientDecorator.java:149)
	at com.netflix.discovery.shared.transport.decorator.EurekaHttpClientDecorator$7.execute(EurekaHttpClientDecorator.java:152)
	at com.netflix.discovery.shared.transport.decorator.RetryableEurekaHttpClient.execute(RetryableEurekaHttpClient.java:120)
	at com.netflix.discovery.shared.transport.decorator.EurekaHttpClientDecorator.getDelta(EurekaHttpClientDecorator.java:149)
	at com.netflix.discovery.shared.transport.decorator.EurekaHttpClientDecorator$7.execute(EurekaHttpClientDecorator.java:152)
	at com.netflix.discovery.shared.transport.decorator.SessionedEurekaHttpClient.execute(SessionedEurekaHttpClient.java:76)
	at com.netflix.discovery.shared.transport.decorator.EurekaHttpClientDecorator.getDelta(EurekaHttpClientDecorator.java:149)
	at com.netflix.discovery.DiscoveryClient.getAndUpdateDelta(DiscoveryClient.java:1095)
	at com.netflix.discovery.DiscoveryClient.fetchRegistry(DiscoveryClient.java:978)
	at com.netflix.discovery.DiscoveryClient.refreshRegistry(DiscoveryClient.java:1489)
	at com.netflix.discovery.DiscoveryClient$CacheRefreshThread.run(DiscoveryClient.java:1457)
	at java.base/java.util.concurrent.Executors$RunnableAdapter.call(Executors.java:572)
	at java.base/java.util.concurrent.FutureTask.run(FutureTask.java:317)
	at java.base/java.util.concurrent.ThreadPoolExecutor.runWorker(ThreadPoolExecutor.java:1144)
	at java.base/java.util.concurrent.ThreadPoolExecutor$Worker.run(ThreadPoolExecutor.java:642)
	at java.base/java.lang.Thread.run(Thread.java:1583)
Caused by: org.apache.hc.client5.http.HttpHostConnectException: Connect to http://localhost:8761 failed: Connection refused: getsockopt
	at java.base/sun.nio.ch.Net.pollConnect(Native Method)
	at java.base/sun.nio.ch.Net.pollConnectNow(Net.java:682)
	at java.base/sun.nio.ch.NioSocketImpl.timedFinishConnect(NioSocketImpl.java:542)
	at java.base/sun.nio.ch.NioSocketImpl.connect(NioSocketImpl.java:592)
	at java.base/java.net.SocksSocketImpl.connect(SocksSocketImpl.java:327)
	at java.base/java.net.Socket.connect(Socket.java:751)
	at org.apache.hc.client5.http.impl.io.DefaultHttpClientConnectionOperator.connect(DefaultHttpClientConnectionOperator.java:219)
	at org.apache.hc.client5.http.impl.io.PoolingHttpClientConnectionManager.connect(PoolingHttpClientConnectionManager.java:547)
	at org.apache.hc.client5.http.impl.classic.InternalExecRuntime.connectEndpoint(InternalExecRuntime.java:164)
	at org.apache.hc.client5.http.impl.classic.InternalExecRuntime.connectEndpoint(InternalExecRuntime.java:174)
	at org.apache.hc.client5.http.impl.classic.ConnectExec.execute(ConnectExec.java:144)
	at org.apache.hc.client5.http.impl.classic.ExecChainElement.execute(ExecChainElement.java:51)
	at org.apache.hc.client5.http.impl.classic.ProtocolExec.execute(ProtocolExec.java:192)
	at org.apache.hc.client5.http.impl.classic.ExecChainElement.execute(ExecChainElement.java:51)
	at org.apache.hc.client5.http.impl.classic.ContentCompressionExec.execute(ContentCompressionExec.java:138)
	at org.apache.hc.client5.http.impl.classic.ExecChainElement.execute(ExecChainElement.java:51)
	at org.apache.hc.client5.http.impl.classic.HttpRequestRetryExec.execute(HttpRequestRetryExec.java:112)
	at org.apache.hc.client5.http.impl.classic.ExecChainElement.execute(ExecChainElement.java:51)
	at org.apache.hc.client5.http.impl.classic.RedirectExec.execute(RedirectExec.java:110)
	at org.apache.hc.client5.http.impl.classic.ExecChainElement.execute(ExecChainElement.java:51)
	at org.apache.hc.client5.http.impl.classic.InternalHttpClient.doExecute(InternalHttpClient.java:185)
	at org.apache.hc.client5.http.impl.classic.CloseableHttpClient.execute(CloseableHttpClient.java:87)
	at org.apache.hc.client5.http.impl.classic.CloseableHttpClient.execute(CloseableHttpClient.java:55)
	at org.apache.hc.client5.http.classic.HttpClient.executeOpen(HttpClient.java:183)
	at org.springframework.http.client.HttpComponentsClientHttpRequest.executeInternal(HttpComponentsClientHttpRequest.java:99)
	at org.springframework.http.client.AbstractStreamingClientHttpRequest.executeInternal(AbstractStreamingClientHttpRequest.java:87)
	at org.springframework.http.client.AbstractClientHttpRequest.execute(AbstractClientHttpRequest.java:80)
	at org.springframework.http.client.AbstractBufferingClientHttpRequest.executeWithRequestAndBody(AbstractBufferingClientHttpRequest.java:89)
	at org.springframework.http.client.InterceptingClientHttpRequest$EndOfChainRequestExecution.execute(InterceptingClientHttpRequest.java:102)
	at org.springframework.cloud.netflix.eureka.http.RestClientTransportClientFactory.lambda$newClient$2(RestClientTransportClientFactory.java:98)
	at org.springframework.http.client.ClientHttpRequestInterceptor.lambda$apply$0(ClientHttpRequestInterceptor.java:89)
	at org.springframework.http.client.InterceptingClientHttpRequest.executeInternal(InterceptingClientHttpRequest.java:73)
	at org.springframework.http.client.AbstractBufferingClientHttpRequest.executeInternal(AbstractBufferingClientHttpRequest.java:50)
	at org.springframework.http.client.AbstractClientHttpRequest.execute(AbstractClientHttpRequest.java:80)
	at org.springframework.web.client.DefaultRestClient$DefaultRequestBodyUriSpec.exchangeInternal(DefaultRestClient.java:614)
	... 26 common frames omitted
2026-09-19 18:51:30.703 WARN  service=reputacao-service correlationId= thread=DiscoveryClient-CacheRefreshExecutor-%d logger=c.n.d.s.t.d.RetryableEurekaHttpClient - Request execution failed with message: I/O error on GET request for "http://localhost:8761/eureka/apps/delta": Connect to http://localhost:8761 failed: Connection refused: getsockopt
2026-09-19 18:51:30.703 INFO  service=reputacao-service correlationId= thread=DiscoveryClient-CacheRefreshExecutor-%d logger=c.netflix.discovery.DiscoveryClient - DiscoveryClient_REPUTACAO-SERVICE/localhost:reputacao-service:8083 - was unable to refresh its cache! This periodic background refresh will be retried in 30 seconds. status = Cannot execute request on any known server
com.netflix.discovery.shared.transport.TransportException: Cannot execute request on any known server
	at com.netflix.discovery.shared.transport.decorator.RetryableEurekaHttpClient.execute(RetryableEurekaHttpClient.java:112)
	at com.netflix.discovery.shared.transport.decorator.EurekaHttpClientDecorator.getDelta(EurekaHttpClientDecorator.java:149)
	at com.netflix.discovery.shared.transport.decorator.EurekaHttpClientDecorator$7.execute(EurekaHttpClientDecorator.java:152)
	at com.netflix.discovery.shared.transport.decorator.SessionedEurekaHttpClient.execute(SessionedEurekaHttpClient.java:76)
	at com.netflix.discovery.shared.transport.decorator.EurekaHttpClientDecorator.getDelta(EurekaHttpClientDecorator.java:149)
	at com.netflix.discovery.DiscoveryClient.getAndUpdateDelta(DiscoveryClient.java:1095)
	at com.netflix.discovery.DiscoveryClient.fetchRegistry(DiscoveryClient.java:978)
	at com.netflix.discovery.DiscoveryClient.refreshRegistry(DiscoveryClient.java:1489)
	at com.netflix.discovery.DiscoveryClient$CacheRefreshThread.run(DiscoveryClient.java:1457)
	at java.base/java.util.concurrent.Executors$RunnableAdapter.call(Executors.java:572)
	at java.base/java.util.concurrent.FutureTask.run(FutureTask.java:317)
	at java.base/java.util.concurrent.ThreadPoolExecutor.runWorker(ThreadPoolExecutor.java:1144)
	at java.base/java.util.concurrent.ThreadPoolExecutor$Worker.run(ThreadPoolExecutor.java:642)
	at java.base/java.lang.Thread.run(Thread.java:1583)
2026-09-19 18:51:31.249 INFO  service=reputacao-service correlationId= thread=org.springframework.kafka.KafkaListenerEndpointContainer#0-0-C-1 logger=o.apache.kafka.clients.NetworkClient - [Consumer clientId=consumer-reputacao-service-1, groupId=reputacao-service] Node -1 disconnected.
2026-09-19 18:51:31.249 WARN  service=reputacao-service correlationId= thread=org.springframework.kafka.KafkaListenerEndpointContainer#0-0-C-1 logger=o.apache.kafka.clients.NetworkClient - [Consumer clientId=consumer-reputacao-service-1, groupId=reputacao-service] Connection to node -1 (localhost/127.0.0.1:9092) could not be established. Node may not be available.
2026-09-19 18:51:31.249 WARN  service=reputacao-service correlationId= thread=org.springframework.kafka.KafkaListenerEndpointContainer#0-0-C-1 logger=o.apache.kafka.clients.NetworkClient - [Consumer clientId=consumer-reputacao-service-1, groupId=reputacao-service] Bootstrap broker localhost:9092 (id: -1 rack: null isFenced: false) disconnected
2026-09-19 18:51:31.316 INFO  service=reputacao-service correlationId= thread=org.springframework.kafka.KafkaListenerEndpointContainer#0-2-C-1 logger=o.apache.kafka.clients.NetworkClient - [Consumer clientId=consumer-reputacao-service-3, groupId=reputacao-service] Node -1 disconnected.
2026-09-19 18:51:31.316 WARN  service=reputacao-service correlationId= thread=org.springframework.kafka.KafkaListenerEndpointContainer#0-2-C-1 logger=o.apache.kafka.clients.NetworkClient - [Consumer clientId=consumer-reputacao-service-3, groupId=reputacao-service] Connection to node -1 (localhost/127.0.0.1:9092) could not be established. Node may not be available.
2026-09-19 18:51:31.316 WARN  service=reputacao-service correlationId= thread=org.springframework.kafka.KafkaListenerEndpointContainer#0-2-C-1 logger=o.apache.kafka.clients.NetworkClient - [Consumer clientId=consumer-reputacao-service-3, groupId=reputacao-service] Bootstrap broker localhost:9092 (id: -1 rack: null isFenced: false) disconnected
2026-09-19 18:51:31.524 INFO  service=reputacao-service correlationId= thread=org.springframework.kafka.KafkaListenerEndpointContainer#0-1-C-1 logger=o.apache.kafka.clients.NetworkClient - [Consumer clientId=consumer-reputacao-service-2, groupId=reputacao-service] Node -1 disconnected.
2026-09-19 18:51:31.525 WARN  service=reputacao-service correlationId= thread=org.springframework.kafka.KafkaListenerEndpointContainer#0-1-C-1 logger=o.apache.kafka.clients.NetworkClient - [Consumer clientId=consumer-reputacao-service-2, groupId=reputacao-service] Connection to node -1 (localhost/127.0.0.1:9092) could not be established. Node may not be available.
2026-09-19 18:51:31.525 WARN  service=reputacao-service correlationId= thread=org.springframework.kafka.KafkaListenerEndpointContainer#0-1-C-1 logger=o.apache.kafka.clients.NetworkClient - [Consumer clientId=consumer-reputacao-service-2, groupId=reputacao-service] Bootstrap broker localhost:9092 (id: -1 rack: null isFenced: false) disconnected
2026-09-19 18:51:31.859 INFO  service=reputacao-service correlationId= thread=org.springframework.kafka.KafkaListenerEndpointContainer#0-1-C-1 logger=o.apache.kafka.clients.NetworkClient - [Consumer clientId=consumer-reputacao-service-2, groupId=reputacao-service] Node 1 disconnected.
2026-09-19 18:51:31.859 WARN  service=reputacao-service correlationId= thread=org.springframework.kafka.KafkaListenerEndpointContainer#0-1-C-1 logger=o.apache.kafka.clients.NetworkClient - [Consumer clientId=consumer-reputacao-service-2, groupId=reputacao-service] Connection to node 1 (localhost/127.0.0.1:9092) could not be established. Node may not be available.
2026-09-19 18:51:31.859 INFO  service=reputacao-service correlationId= thread=org.springframework.kafka.KafkaListenerEndpointContainer#0-1-C-1 logger=o.a.k.clients.FetchSessionHandler - [Consumer clientId=consumer-reputacao-service-2, groupId=reputacao-service] Error sending fetch request (sessionId=1136026593, epoch=INITIAL) to node 1:
org.apache.kafka.common.errors.DisconnectException
2026-09-19 18:51:31.860 INFO  service=reputacao-service correlationId= thread=org.springframework.kafka.KafkaListenerEndpointContainer#0-0-C-1 logger=o.apache.kafka.clients.NetworkClient - [Consumer clientId=consumer-reputacao-service-1, groupId=reputacao-service] Node 1 disconnected.
2026-09-19 18:51:31.860 WARN  service=reputacao-service correlationId= thread=org.springframework.kafka.KafkaListenerEndpointContainer#0-0-C-1 logger=o.apache.kafka.clients.NetworkClient - [Consumer clientId=consumer-reputacao-service-1, groupId=reputacao-service] Connection to node 1 (localhost/127.0.0.1:9092) could not be established. Node may not be available.
2026-09-19 18:51:31.860 INFO  service=reputacao-service correlationId= thread=org.springframework.kafka.KafkaListenerEndpointContainer#0-0-C-1 logger=o.a.k.clients.FetchSessionHandler - [Consumer clientId=consumer-reputacao-service-1, groupId=reputacao-service] Error sending fetch request (sessionId=1473298049, epoch=INITIAL) to node 1:
org.apache.kafka.common.errors.DisconnectException
2026-09-19 18:51:31.861 INFO  service=reputacao-service correlationId= thread=org.springframework.kafka.KafkaListenerEndpointContainer#0-2-C-1 logger=o.apache.kafka.clients.NetworkClient - [Consumer clientId=consumer-reputacao-service-3, groupId=reputacao-service] Node 1 disconnected.
2026-09-19 18:51:31.861 WARN  service=reputacao-service correlationId= thread=org.springframework.kafka.KafkaListenerEndpointContainer#0-2-C-1 logger=o.apache.kafka.clients.NetworkClient - [Consumer clientId=consumer-reputacao-service-3, groupId=reputacao-service] Connection to node 1 (localhost/127.0.0.1:9092) could not be established. Node may not be available.
2026-09-19 18:51:31.861 INFO  service=reputacao-service correlationId= thread=org.springframework.kafka.KafkaListenerEndpointContainer#0-2-C-1 logger=o.a.k.clients.FetchSessionHandler - [Consumer clientId=consumer-reputacao-service-3, groupId=reputacao-service] Error sending fetch request (sessionId=920541152, epoch=INITIAL) to node 1:
org.apache.kafka.common.errors.DisconnectException
2026-09-19 18:51:32.179 INFO  service=reputacao-service correlationId= thread=org.springframework.kafka.KafkaListenerEndpointContainer#0-2-C-1 logger=org.apache.kafka.clients.Metadata - [Consumer clientId=consumer-reputacao-service-3, groupId=reputacao-service] Rebootstrapping with [localhost/127.0.0.1:9092]
2026-09-19 18:51:32.249 INFO  service=reputacao-service correlationId= thread=org.springframework.kafka.KafkaListenerEndpointContainer#0-0-C-1 logger=o.apache.kafka.clients.NetworkClient - [Consumer clientId=consumer-reputacao-service-1, groupId=reputacao-service] Node -1 disconnected.
2026-09-19 18:51:32.250 WARN  service=reputacao-service correlationId= thread=org.springframework.kafka.KafkaListenerEndpointContainer#0-0-C-1 logger=o.apache.kafka.clients.NetworkClient - [Consumer clientId=consumer-reputacao-service-1, groupId=reputacao-service] Connection to node -1 (localhost/127.0.0.1:9092) could not be established. Node may not be available.
2026-09-19 18:51:32.250 WARN  service=reputacao-service correlationId= thread=org.springframework.kafka.KafkaListenerEndpointContainer#0-0-C-1 logger=o.apache.kafka.clients.NetworkClient - [Consumer clientId=consumer-reputacao-service-1, groupId=reputacao-service] Bootstrap broker localhost:9092 (id: -1 rack: null isFenced: false) disconnected
2026-09-19 18:51:32.429 INFO  service=reputacao-service correlationId= thread=org.springframework.kafka.KafkaListenerEndpointContainer#0-2-C-1 logger=o.apache.kafka.clients.NetworkClient - [Consumer clientId=consumer-reputacao-service-3, groupId=reputacao-service] Node -1 disconnected.
2026-09-19 18:51:32.430 WARN  service=reputacao-service correlationId= thread=org.springframework.kafka.KafkaListenerEndpointContainer#0-2-C-1 logger=o.apache.kafka.clients.NetworkClient - [Consumer clientId=consumer-reputacao-service-3, groupId=reputacao-service] Connection to node -1 (localhost/127.0.0.1:9092) could not be established. Node may not be available.
2026-09-19 18:51:32.430 WARN  service=reputacao-service correlationId= thread=org.springframework.kafka.KafkaListenerEndpointContainer#0-2-C-1 logger=o.apache.kafka.clients.NetworkClient - [Consumer clientId=consumer-reputacao-service-3, groupId=reputacao-service] Bootstrap broker localhost:9092 (id: -1 rack: null isFenced: false) disconnected
2026-09-19 18:51:32.525 INFO  service=reputacao-service correlationId= thread=org.springframework.kafka.KafkaListenerEndpointContainer#0-1-C-1 logger=o.apache.kafka.clients.NetworkClient - [Consumer clientId=consumer-reputacao-service-2, groupId=reputacao-service] Node -1 disconnected.
2026-09-19 18:51:32.525 WARN  service=reputacao-service correlationId= thread=org.springframework.kafka.KafkaListenerEndpointContainer#0-1-C-1 logger=o.apache.kafka.clients.NetworkClient - [Consumer clientId=consumer-reputacao-service-2, groupId=reputacao-service] Connection to node -1 (localhost/127.0.0.1:9092) could not be established. Node may not be available.
2026-09-19 18:51:32.525 WARN  service=reputacao-service correlationId= thread=org.springframework.kafka.KafkaListenerEndpointContainer#0-1-C-1 logger=o.apache.kafka.clients.NetworkClient - [Consumer clientId=consumer-reputacao-service-2, groupId=reputacao-service] Bootstrap broker localhost:9092 (id: -1 rack: null isFenced: false) disconnected
2026-09-19 18:51:33.250 INFO  service=reputacao-service correlationId= thread=org.springframework.kafka.KafkaListenerEndpointContainer#0-0-C-1 logger=o.apache.kafka.clients.NetworkClient - [Consumer clientId=consumer-reputacao-service-1, groupId=reputacao-service] Node -1 disconnected.
2026-09-19 18:51:33.251 WARN  service=reputacao-service correlationId= thread=org.springframework.kafka.KafkaListenerEndpointContainer#0-0-C-1 logger=o.apache.kafka.clients.NetworkClient - [Consumer clientId=consumer-reputacao-service-1, groupId=reputacao-service] Connection to node -1 (localhost/127.0.0.1:9092) could not be established. Node may not be available.
2026-09-19 18:51:33.251 WARN  service=reputacao-service correlationId= thread=org.springframework.kafka.KafkaListenerEndpointContainer#0-0-C-1 logger=o.apache.kafka.clients.NetworkClient - [Consumer clientId=consumer-reputacao-service-1, groupId=reputacao-service] Bootstrap broker localhost:9092 (id: -1 rack: null isFenced: false) disconnected
2026-09-19 18:51:33.430 INFO  service=reputacao-service correlationId= thread=org.springframework.kafka.KafkaListenerEndpointContainer#0-2-C-1 logger=o.apache.kafka.clients.NetworkClient - [Consumer clientId=consumer-reputacao-service-3, groupId=reputacao-service] Node -1 disconnected.
2026-09-19 18:51:33.430 WARN  service=reputacao-service correlationId= thread=org.springframework.kafka.KafkaListenerEndpointContainer#0-2-C-1 logger=o.apache.kafka.clients.NetworkClient - [Consumer clientId=consumer-reputacao-service-3, groupId=reputacao-service] Connection to node -1 (localhost/127.0.0.1:9092) could not be established. Node may not be available.
2026-09-19 18:51:33.430 WARN  service=reputacao-service correlationId= thread=org.springframework.kafka.KafkaListenerEndpointContainer#0-2-C-1 logger=o.apache.kafka.clients.NetworkClient - [Consumer clientId=consumer-reputacao-service-3, groupId=reputacao-service] Bootstrap broker localhost:9092 (id: -1 rack: null isFenced: false) disconnected
2026-09-19 18:51:33.525 INFO  service=reputacao-service correlationId= thread=org.springframework.kafka.KafkaListenerEndpointContainer#0-1-C-1 logger=o.apache.kafka.clients.NetworkClient - [Consumer clientId=consumer-reputacao-service-2, groupId=reputacao-service] Node -1 disconnected.
2026-09-19 18:51:33.526 WARN  service=reputacao-service correlationId= thread=org.springframework.kafka.KafkaListenerEndpointContainer#0-1-C-1 logger=o.apache.kafka.clients.NetworkClient - [Consumer clientId=consumer-reputacao-service-2, groupId=reputacao-service] Connection to node -1 (localhost/127.0.0.1:9092) could not be established. Node may not be available.
2026-09-19 18:51:33.526 WARN  service=reputacao-service correlationId= thread=org.springframework.kafka.KafkaListenerEndpointContainer#0-1-C-1 logger=o.apache.kafka.clients.NetworkClient - [Consumer clientId=consumer-reputacao-service-2, groupId=reputacao-service] Bootstrap broker localhost:9092 (id: -1 rack: null isFenced: false) disconnected
2026-09-19 18:51:34.154 INFO  service=reputacao-service correlationId= thread=org.springframework.kafka.KafkaListenerEndpointContainer#0-0-C-1 logger=org.apache.kafka.clients.Metadata - [Consumer clientId=consumer-reputacao-service-1, groupId=reputacao-service] Rebootstrapping with [localhost/127.0.0.1:9092]
2026-09-19 18:51:34.204 INFO  service=reputacao-service correlationId= thread=org.springframework.kafka.KafkaListenerEndpointContainer#0-0-C-1 logger=org.apache.kafka.clients.Metadata - [Consumer clientId=consumer-reputacao-service-1, groupId=reputacao-service] Rebootstrapping with [localhost/127.0.0.1:9092]
2026-09-19 18:51:34.390 INFO  service=reputacao-service correlationId= thread=org.springframework.kafka.KafkaListenerEndpointContainer#0-0-C-1 logger=o.apache.kafka.clients.NetworkClient - [Consumer clientId=consumer-reputacao-service-1, groupId=reputacao-service] Node -1 disconnected.
2026-09-19 18:51:34.391 WARN  service=reputacao-service correlationId= thread=org.springframework.kafka.KafkaListenerEndpointContainer#0-0-C-1 logger=o.apache.kafka.clients.NetworkClient - [Consumer clientId=consumer-reputacao-service-1, groupId=reputacao-service] Connection to node -1 (localhost/127.0.0.1:9092) could not be established. Node may not be available.
2026-09-19 18:51:34.391 WARN  service=reputacao-service correlationId= thread=org.springframework.kafka.KafkaListenerEndpointContainer#0-0-C-1 logger=o.apache.kafka.clients.NetworkClient - [Consumer clientId=consumer-reputacao-service-1, groupId=reputacao-service] Bootstrap broker localhost:9092 (id: -1 rack: null isFenced: false) disconnected
2026-09-19 18:51:34.430 INFO  service=reputacao-service correlationId= thread=org.springframework.kafka.KafkaListenerEndpointContainer#0-2-C-1 logger=o.apache.kafka.clients.NetworkClient - [Consumer clientId=consumer-reputacao-service-3, groupId=reputacao-service] Node -1 disconnected.
2026-09-19 18:51:34.431 WARN  service=reputacao-service correlationId= thread=org.springframework.kafka.KafkaListenerEndpointContainer#0-2-C-1 logger=o.apache.kafka.clients.NetworkClient - [Consumer clientId=consumer-reputacao-service-3, groupId=reputacao-service] Connection to node -1 (localhost/127.0.0.1:9092) could not be established. Node may not be available.
2026-09-19 18:51:34.431 WARN  service=reputacao-service correlationId= thread=org.springframework.kafka.KafkaListenerEndpointContainer#0-2-C-1 logger=o.apache.kafka.clients.NetworkClient - [Consumer clientId=consumer-reputacao-service-3, groupId=reputacao-service] Bootstrap broker localhost:9092 (id: -1 rack: null isFenced: false) disconnected
2026-09-19 18:51:34.525 INFO  service=reputacao-service correlationId= thread=org.springframework.kafka.KafkaListenerEndpointContainer#0-1-C-1 logger=o.apache.kafka.clients.NetworkClient - [Consumer clientId=consumer-reputacao-service-2, groupId=reputacao-service] Node -1 disconnected.
2026-09-19 18:51:34.526 WARN  service=reputacao-service correlationId= thread=org.springframework.kafka.KafkaListenerEndpointContainer#0-1-C-1 logger=o.apache.kafka.clients.NetworkClient - [Consumer clientId=consumer-reputacao-service-2, groupId=reputacao-service] Connection to node -1 (localhost/127.0.0.1:9092) could not be established. Node may not be available.
2026-09-19 18:51:34.526 WARN  service=reputacao-service correlationId= thread=org.springframework.kafka.KafkaListenerEndpointContainer#0-1-C-1 logger=o.apache.kafka.clients.NetworkClient - [Consumer clientId=consumer-reputacao-service-2, groupId=reputacao-service] Bootstrap broker localhost:9092 (id: -1 rack: null isFenced: false) disconnected
2026-09-19 18:51:35.294 INFO  service=reputacao-service correlationId= thread=org.springframework.kafka.KafkaListenerEndpointContainer#0-0-C-1 logger=o.apache.kafka.clients.NetworkClient - [Consumer clientId=consumer-reputacao-service-1, groupId=reputacao-service] Node -1 disconnected.
2026-09-19 18:51:35.295 WARN  service=reputacao-service correlationId= thread=org.springframework.kafka.KafkaListenerEndpointContainer#0-0-C-1 logger=o.apache.kafka.clients.NetworkClient - [Consumer clientId=consumer-reputacao-service-1, groupId=reputacao-service] Connection to node -1 (localhost/127.0.0.1:9092) could not be established. Node may not be available.
2026-09-19 18:51:35.295 WARN  service=reputacao-service correlationId= thread=org.springframework.kafka.KafkaListenerEndpointContainer#0-0-C-1 logger=o.apache.kafka.clients.NetworkClient - [Consumer clientId=consumer-reputacao-service-1, groupId=reputacao-service] Bootstrap broker localhost:9092 (id: -1 rack: null isFenced: false) disconnected
2026-09-19 18:51:35.390 INFO  service=reputacao-service correlationId= thread=org.springframework.kafka.KafkaListenerEndpointContainer#0-0-C-1 logger=org.apache.kafka.clients.Metadata - [Consumer clientId=consumer-reputacao-service-1, groupId=reputacao-service] Rebootstrapping with [localhost/127.0.0.1:9092]
2026-09-19 18:51:35.431 INFO  service=reputacao-service correlationId= thread=org.springframework.kafka.KafkaListenerEndpointContainer#0-2-C-1 logger=o.apache.kafka.clients.NetworkClient - [Consumer clientId=consumer-reputacao-service-3, groupId=reputacao-service] Node -1 disconnected.
2026-09-19 18:51:35.431 WARN  service=reputacao-service correlationId= thread=org.springframework.kafka.KafkaListenerEndpointContainer#0-2-C-1 logger=o.apache.kafka.clients.NetworkClient - [Consumer clientId=consumer-reputacao-service-3, groupId=reputacao-service] Connection to node -1 (localhost/127.0.0.1:9092) could not be established. Node may not be available.
2026-09-19 18:51:35.431 WARN  service=reputacao-service correlationId= thread=org.springframework.kafka.KafkaListenerEndpointContainer#0-2-C-1 logger=o.apache.kafka.clients.NetworkClient - [Consumer clientId=consumer-reputacao-service-3, groupId=reputacao-service] Bootstrap broker localhost:9092 (id: -1 rack: null isFenced: false) disconnected
2026-09-19 18:51:35.441 INFO  service=reputacao-service correlationId= thread=org.springframework.kafka.KafkaListenerEndpointContainer#0-0-C-1 logger=org.apache.kafka.clients.Metadata - [Consumer clientId=consumer-reputacao-service-1, groupId=reputacao-service] Rebootstrapping with [localhost/127.0.0.1:9092]
2026-09-19 18:51:35.525 INFO  service=reputacao-service correlationId= thread=org.springframework.kafka.KafkaListenerEndpointContainer#0-1-C-1 logger=o.apache.kafka.clients.NetworkClient - [Consumer clientId=consumer-reputacao-service-2, groupId=reputacao-service] Node -1 disconnected.
2026-09-19 18:51:35.525 WARN  service=reputacao-service correlationId= thread=org.springframework.kafka.KafkaListenerEndpointContainer#0-1-C-1 logger=o.apache.kafka.clients.NetworkClient - [Consumer clientId=consumer-reputacao-service-2, groupId=reputacao-service] Connection to node -1 (localhost/127.0.0.1:9092) could not be established. Node may not be available.
2026-09-19 18:51:35.526 WARN  service=reputacao-service correlationId= thread=org.springframework.kafka.KafkaListenerEndpointContainer#0-1-C-1 logger=o.apache.kafka.clients.NetworkClient - [Consumer clientId=consumer-reputacao-service-2, groupId=reputacao-service] Bootstrap broker localhost:9092 (id: -1 rack: null isFenced: false) disconnected
2026-09-19 18:51:35.910 INFO  service=reputacao-service correlationId= thread=org.springframework.kafka.KafkaListenerEndpointContainer#0-0-C-1 logger=org.apache.kafka.clients.Metadata - [Consumer clientId=consumer-reputacao-service-1, groupId=reputacao-service] Rebootstrapping with [localhost/127.0.0.1:9092]
2026-09-19 18:51:35.960 INFO  service=reputacao-service correlationId= thread=org.springframework.kafka.KafkaListenerEndpointContainer#0-0-C-1 logger=org.apache.kafka.clients.Metadata - [Consumer clientId=consumer-reputacao-service-1, groupId=reputacao-service] Rebootstrapping with [localhost/127.0.0.1:9092]
2026-09-19 18:51:36.380 INFO  service=reputacao-service correlationId= thread=org.springframework.kafka.KafkaListenerEndpointContainer#0-2-C-1 logger=org.apache.kafka.clients.Metadata - [Consumer clientId=consumer-reputacao-service-3, groupId=reputacao-service] Rebootstrapping with [localhost/127.0.0.1:9092]
2026-09-19 18:51:36.432 INFO  service=reputacao-service correlationId= thread=org.springframework.kafka.KafkaListenerEndpointContainer#0-2-C-1 logger=o.apache.kafka.clients.NetworkClient - [Consumer clientId=consumer-reputacao-service-3, groupId=reputacao-service] Node -1 disconnected.
2026-09-19 18:51:36.432 WARN  service=reputacao-service correlationId= thread=org.springframework.kafka.KafkaListenerEndpointContainer#0-2-C-1 logger=o.apache.kafka.clients.NetworkClient - [Consumer clientId=consumer-reputacao-service-3, groupId=reputacao-service] Connection to node -1 (localhost/127.0.0.1:9092) could not be established. Node may not be available.
2026-09-19 18:51:36.432 WARN  service=reputacao-service correlationId= thread=org.springframework.kafka.KafkaListenerEndpointContainer#0-2-C-1 logger=o.apache.kafka.clients.NetworkClient - [Consumer clientId=consumer-reputacao-service-3, groupId=reputacao-service] Bootstrap broker localhost:9092 (id: -1 rack: null isFenced: false) disconnected
2026-09-19 18:51:36.525 INFO  service=reputacao-service correlationId= thread=org.springframework.kafka.KafkaListenerEndpointContainer#0-1-C-1 logger=o.apache.kafka.clients.NetworkClient - [Consumer clientId=consumer-reputacao-service-2, groupId=reputacao-service] Node -1 disconnected.
2026-09-19 18:51:36.526 WARN  service=reputacao-service correlationId= thread=org.springframework.kafka.KafkaListenerEndpointContainer#0-1-C-1 logger=o.apache.kafka.clients.NetworkClient - [Consumer clientId=consumer-reputacao-service-2, groupId=reputacao-service] Connection to node -1 (localhost/127.0.0.1:9092) could not be established. Node may not be available.
2026-09-19 18:51:36.526 WARN  service=reputacao-service correlationId= thread=org.springframework.kafka.KafkaListenerEndpointContainer#0-1-C-1 logger=o.apache.kafka.clients.NetworkClient - [Consumer clientId=consumer-reputacao-service-2, groupId=reputacao-service] Bootstrap broker localhost:9092 (id: -1 rack: null isFenced: false) disconnected
2026-09-19 18:51:36.798 INFO  service=reputacao-service correlationId= thread=org.springframework.kafka.KafkaListenerEndpointContainer#0-0-C-1 logger=o.apache.kafka.clients.NetworkClient - [Consumer clientId=consumer-reputacao-service-1, groupId=reputacao-service] Node -1 disconnected.
2026-09-19 18:51:36.798 WARN  service=reputacao-service correlationId= thread=org.springframework.kafka.KafkaListenerEndpointContainer#0-0-C-1 logger=o.apache.kafka.clients.NetworkClient - [Consumer clientId=consumer-reputacao-service-1, groupId=reputacao-service] Connection to node -1 (localhost/127.0.0.1:9092) could not be established. Node may not be available.
2026-09-19 18:51:36.798 WARN  service=reputacao-service correlationId= thread=org.springframework.kafka.KafkaListenerEndpointContainer#0-0-C-1 logger=o.apache.kafka.clients.NetworkClient - [Consumer clientId=consumer-reputacao-service-1, groupId=reputacao-service] Bootstrap broker localhost:9092 (id: -1 rack: null isFenced: false) disconnected
2026-09-19 18:51:36.860 INFO  service=reputacao-service correlationId= thread=kafka-coordinator-heartbeat-thread | reputacao-service logger=o.a.k.clients.FetchSessionHandler - [Consumer clientId=consumer-reputacao-service-2, groupId=reputacao-service] Error sending fetch request (sessionId=1136026593, epoch=INITIAL) to node 1:
org.apache.kafka.common.errors.DisconnectException
2026-09-19 18:51:36.862 INFO  service=reputacao-service correlationId= thread=org.springframework.kafka.KafkaListenerEndpointContainer#0-0-C-1 logger=o.apache.kafka.clients.NetworkClient - [Consumer clientId=consumer-reputacao-service-1, groupId=reputacao-service] Node 1 disconnected.
2026-09-19 18:51:36.862 WARN  service=reputacao-service correlationId= thread=org.springframework.kafka.KafkaListenerEndpointContainer#0-0-C-1 logger=o.apache.kafka.clients.NetworkClient - [Consumer clientId=consumer-reputacao-service-1, groupId=reputacao-service] Connection to node 1 (localhost/127.0.0.1:9092) could not be established. Node may not be available.
2026-09-19 18:51:36.862 INFO  service=reputacao-service correlationId= thread=org.springframework.kafka.KafkaListenerEndpointContainer#0-0-C-1 logger=o.a.k.clients.FetchSessionHandler - [Consumer clientId=consumer-reputacao-service-1, groupId=reputacao-service] Error sending fetch request (sessionId=1473298049, epoch=INITIAL) to node 1:
org.apache.kafka.common.errors.DisconnectException
2026-09-19 18:51:36.864 INFO  service=reputacao-service correlationId= thread=org.springframework.kafka.KafkaListenerEndpointContainer#0-2-C-1 logger=o.apache.kafka.clients.NetworkClient - [Consumer clientId=consumer-reputacao-service-3, groupId=reputacao-service] Node 1 disconnected.
2026-09-19 18:51:36.864 WARN  service=reputacao-service correlationId= thread=org.springframework.kafka.KafkaListenerEndpointContainer#0-2-C-1 logger=o.apache.kafka.clients.NetworkClient - [Consumer clientId=consumer-reputacao-service-3, groupId=reputacao-service] Connection to node 1 (localhost/127.0.0.1:9092) could not be established. Node may not be available.
2026-09-19 18:51:36.864 INFO  service=reputacao-service correlationId= thread=org.springframework.kafka.KafkaListenerEndpointContainer#0-2-C-1 logger=o.a.k.clients.FetchSessionHandler - [Consumer clientId=consumer-reputacao-service-3, groupId=reputacao-service] Error sending fetch request (sessionId=920541152, epoch=INITIAL) to node 1:
org.apache.kafka.common.errors.DisconnectException
2026-09-19 18:51:37.386 INFO  service=reputacao-service correlationId= thread=org.springframework.kafka.KafkaListenerEndpointContainer#0-2-C-1 logger=org.apache.kafka.clients.Metadata - [Consumer clientId=consumer-reputacao-service-3, groupId=reputacao-service] Rebootstrapping with [localhost/127.0.0.1:9092]
2026-09-19 18:51:37.437 INFO  service=reputacao-service correlationId= thread=org.springframework.kafka.KafkaListenerEndpointContainer#0-2-C-1 logger=o.apache.kafka.clients.NetworkClient - [Consumer clientId=consumer-reputacao-service-3, groupId=reputacao-service] Node -1 disconnected.
2026-09-19 18:51:37.438 WARN  service=reputacao-service correlationId= thread=org.springframework.kafka.KafkaListenerEndpointContainer#0-2-C-1 logger=o.apache.kafka.clients.NetworkClient - [Consumer clientId=consumer-reputacao-service-3, groupId=reputacao-service] Connection to node -1 (localhost/127.0.0.1:9092) could not be established. Node may not be available.
2026-09-19 18:51:37.438 WARN  service=reputacao-service correlationId= thread=org.springframework.kafka.KafkaListenerEndpointContainer#0-2-C-1 logger=o.apache.kafka.clients.NetworkClient - [Consumer clientId=consumer-reputacao-service-3, groupId=reputacao-service] Bootstrap broker localhost:9092 (id: -1 rack: null isFenced: false) disconnected
2026-09-19 18:51:37.465 INFO  service=reputacao-service correlationId= thread=org.springframework.kafka.KafkaListenerEndpointContainer#0-1-C-1 logger=o.apache.kafka.clients.NetworkClient - [Consumer clientId=consumer-reputacao-service-2, groupId=reputacao-service] Node -1 disconnected.
2026-09-19 18:51:37.466 WARN  service=reputacao-service correlationId= thread=org.springframework.kafka.KafkaListenerEndpointContainer#0-1-C-1 logger=o.apache.kafka.clients.NetworkClient - [Consumer clientId=consumer-reputacao-service-2, groupId=reputacao-service] Connection to node -1 (localhost/127.0.0.1:9092) could not be established. Node may not be available.
2026-09-19 18:51:37.466 WARN  service=reputacao-service correlationId= thread=org.springframework.kafka.KafkaListenerEndpointContainer#0-1-C-1 logger=o.apache.kafka.clients.NetworkClient - [Consumer clientId=consumer-reputacao-service-2, groupId=reputacao-service] Bootstrap broker localhost:9092 (id: -1 rack: null isFenced: false) disconnected
2026-09-19 18:51:37.525 INFO  service=reputacao-service correlationId= thread=org.springframework.kafka.KafkaListenerEndpointContainer#0-1-C-1 logger=org.apache.kafka.clients.Metadata - [Consumer clientId=consumer-reputacao-service-2, groupId=reputacao-service] Rebootstrapping with [localhost/127.0.0.1:9092]
2026-09-19 18:51:37.575 INFO  service=reputacao-service correlationId= thread=org.springframework.kafka.KafkaListenerEndpointContainer#0-1-C-1 logger=org.apache.kafka.clients.Metadata - [Consumer clientId=consumer-reputacao-service-2, groupId=reputacao-service] Rebootstrapping with [localhost/127.0.0.1:9092]
2026-09-19 18:51:37.736 INFO  service=reputacao-service correlationId= thread=org.springframework.kafka.KafkaListenerEndpointContainer#0-1-C-1 logger=org.apache.kafka.clients.Metadata - [Consumer clientId=consumer-reputacao-service-2, groupId=reputacao-service] Rebootstrapping with [localhost/127.0.0.1:9092]
2026-09-19 18:51:37.786 INFO  service=reputacao-service correlationId= thread=org.springframework.kafka.KafkaListenerEndpointContainer#0-1-C-1 logger=org.apache.kafka.clients.Metadata - [Consumer clientId=consumer-reputacao-service-2, groupId=reputacao-service] Rebootstrapping with [localhost/127.0.0.1:9092]
2026-09-19 18:51:37.798 INFO  service=reputacao-service correlationId= thread=org.springframework.kafka.KafkaListenerEndpointContainer#0-0-C-1 logger=o.apache.kafka.clients.NetworkClient - [Consumer clientId=consumer-reputacao-service-1, groupId=reputacao-service] Node -1 disconnected.
2026-09-19 18:51:37.799 WARN  service=reputacao-service correlationId= thread=org.springframework.kafka.KafkaListenerEndpointContainer#0-0-C-1 logger=o.apache.kafka.clients.NetworkClient - [Consumer clientId=consumer-reputacao-service-1, groupId=reputacao-service] Connection to node -1 (localhost/127.0.0.1:9092) could not be established. Node may not be available.
2026-09-19 18:51:37.799 WARN  service=reputacao-service correlationId= thread=org.springframework.kafka.KafkaListenerEndpointContainer#0-0-C-1 logger=o.apache.kafka.clients.NetworkClient - [Consumer clientId=consumer-reputacao-service-1, groupId=reputacao-service] Bootstrap broker localhost:9092 (id: -1 rack: null isFenced: false) disconnected
2026-09-19 18:51:38.194 INFO  service=reputacao-service correlationId= thread=org.springframework.kafka.KafkaListenerEndpointContainer#0-1-C-1 logger=org.apache.kafka.clients.Metadata - [Consumer clientId=consumer-reputacao-service-2, groupId=reputacao-service] Rebootstrapping with [localhost/127.0.0.1:9092]
2026-09-19 18:51:38.244 INFO  service=reputacao-service correlationId= thread=org.springframework.kafka.KafkaListenerEndpointContainer#0-1-C-1 logger=org.apache.kafka.clients.Metadata - [Consumer clientId=consumer-reputacao-service-2, groupId=reputacao-service] Rebootstrapping with [localhost/127.0.0.1:9092]
2026-09-19 18:51:38.427 INFO  service=reputacao-service correlationId= thread=org.springframework.kafka.KafkaListenerEndpointContainer#0-2-C-1 logger=o.apache.kafka.clients.NetworkClient - [Consumer clientId=consumer-reputacao-service-3, groupId=reputacao-service] Node -1 disconnected.
2026-09-19 18:51:38.427 WARN  service=reputacao-service correlationId= thread=org.springframework.kafka.KafkaListenerEndpointContainer#0-2-C-1 logger=o.apache.kafka.clients.NetworkClient - [Consumer clientId=consumer-reputacao-service-3, groupId=reputacao-service] Connection to node -1 (localhost/127.0.0.1:9092) could not be established. Node may not be available.
2026-09-19 18:51:38.427 WARN  service=reputacao-service correlationId= thread=org.springframework.kafka.KafkaListenerEndpointContainer#0-2-C-1 logger=o.apache.kafka.clients.NetworkClient - [Consumer clientId=consumer-reputacao-service-3, groupId=reputacao-service] Bootstrap broker localhost:9092 (id: -1 rack: null isFenced: false) disconnected
2026-09-19 18:51:38.437 INFO  service=reputacao-service correlationId= thread=org.springframework.kafka.KafkaListenerEndpointContainer#0-2-C-1 logger=org.apache.kafka.clients.Metadata - [Consumer clientId=consumer-reputacao-service-3, groupId=reputacao-service] Rebootstrapping with [localhost/127.0.0.1:9092]
2026-09-19 18:51:38.487 INFO  service=reputacao-service correlationId= thread=org.springframework.kafka.KafkaListenerEndpointContainer#0-2-C-1 logger=org.apache.kafka.clients.Metadata - [Consumer clientId=consumer-reputacao-service-3, groupId=reputacao-service] Rebootstrapping with [localhost/127.0.0.1:9092]
2026-09-19 18:51:38.798 INFO  service=reputacao-service correlationId= thread=org.springframework.kafka.KafkaListenerEndpointContainer#0-0-C-1 logger=o.apache.kafka.clients.NetworkClient - [Consumer clientId=consumer-reputacao-service-1, groupId=reputacao-service] Node -1 disconnected.
2026-09-19 18:51:38.799 WARN  service=reputacao-service correlationId= thread=org.springframework.kafka.KafkaListenerEndpointContainer#0-0-C-1 logger=o.apache.kafka.clients.NetworkClient - [Consumer clientId=consumer-reputacao-service-1, groupId=reputacao-service] Connection to node -1 (localhost/127.0.0.1:9092) could not be established. Node may not be available.
2026-09-19 18:51:38.799 WARN  service=reputacao-service correlationId= thread=org.springframework.kafka.KafkaListenerEndpointContainer#0-0-C-1 logger=o.apache.kafka.clients.NetworkClient - [Consumer clientId=consumer-reputacao-service-1, groupId=reputacao-service] Bootstrap broker localhost:9092 (id: -1 rack: null isFenced: false) disconnected
2026-09-19 18:51:38.913 INFO  service=reputacao-service correlationId= thread=org.springframework.kafka.KafkaListenerEndpointContainer#0-2-C-1 logger=org.apache.kafka.clients.Metadata - [Consumer clientId=consumer-reputacao-service-3, groupId=reputacao-service] Rebootstrapping with [localhost/127.0.0.1:9092]
2026-09-19 18:51:38.963 INFO  service=reputacao-service correlationId= thread=org.springframework.kafka.KafkaListenerEndpointContainer#0-2-C-1 logger=org.apache.kafka.clients.Metadata - [Consumer clientId=consumer-reputacao-service-3, groupId=reputacao-service] Rebootstrapping with [localhost/127.0.0.1:9092]
2026-09-19 18:51:39.077 INFO  service=reputacao-service correlationId= thread=org.springframework.kafka.KafkaListenerEndpointContainer#0-1-C-1 logger=o.apache.kafka.clients.NetworkClient - [Consumer clientId=consumer-reputacao-service-2, groupId=reputacao-service] Node -1 disconnected.
2026-09-19 18:51:39.077 WARN  service=reputacao-service correlationId= thread=org.springframework.kafka.KafkaListenerEndpointContainer#0-1-C-1 logger=o.apache.kafka.clients.NetworkClient - [Consumer clientId=consumer-reputacao-service-2, groupId=reputacao-service] Connection to node -1 (localhost/127.0.0.1:9092) could not be established. Node may not be available.
2026-09-19 18:51:39.077 WARN  service=reputacao-service correlationId= thread=org.springframework.kafka.KafkaListenerEndpointContainer#0-1-C-1 logger=o.apache.kafka.clients.NetworkClient - [Consumer clientId=consumer-reputacao-service-2, groupId=reputacao-service] Bootstrap broker localhost:9092 (id: -1 rack: null isFenced: false) disconnected
2026-09-19 18:51:39.798 INFO  service=reputacao-service correlationId= thread=org.springframework.kafka.KafkaListenerEndpointContainer#0-0-C-1 logger=o.apache.kafka.clients.NetworkClient - [Consumer clientId=consumer-reputacao-service-1, groupId=reputacao-service] Node -1 disconnected.
2026-09-19 18:51:39.799 WARN  service=reputacao-service correlationId= thread=org.springframework.kafka.KafkaListenerEndpointContainer#0-0-C-1 logger=o.apache.kafka.clients.NetworkClient - [Consumer clientId=consumer-reputacao-service-1, groupId=reputacao-service] Connection to node -1 (localhost/127.0.0.1:9092) could not be established. Node may not be available.
2026-09-19 18:51:39.799 WARN  service=reputacao-service correlationId= thread=org.springframework.kafka.KafkaListenerEndpointContainer#0-0-C-1 logger=o.apache.kafka.clients.NetworkClient - [Consumer clientId=consumer-reputacao-service-1, groupId=reputacao-service] Bootstrap broker localhost:9092 (id: -1 rack: null isFenced: false) disconnected
2026-09-19 18:51:39.856 INFO  service=reputacao-service correlationId= thread=org.springframework.kafka.KafkaListenerEndpointContainer#0-2-C-1 logger=o.apache.kafka.clients.NetworkClient - [Consumer clientId=consumer-reputacao-service-3, groupId=reputacao-service] Node -1 disconnected.
2026-09-19 18:51:39.857 WARN  service=reputacao-service correlationId= thread=org.springframework.kafka.KafkaListenerEndpointContainer#0-2-C-1 logger=o.apache.kafka.clients.NetworkClient - [Consumer clientId=consumer-reputacao-service-3, groupId=reputacao-service] Connection to node -1 (localhost/127.0.0.1:9092) could not be established. Node may not be available.
2026-09-19 18:51:39.857 WARN  service=reputacao-service correlationId= thread=org.springframework.kafka.KafkaListenerEndpointContainer#0-2-C-1 logger=o.apache.kafka.clients.NetworkClient - [Consumer clientId=consumer-reputacao-service-3, groupId=reputacao-service] Bootstrap broker localhost:9092 (id: -1 rack: null isFenced: false) disconnected
2026-09-19 18:51:39.959 WARN  service=reputacao-service correlationId= thread=HikariPool-1:housekeeper logger=com.zaxxer.hikari.pool.PoolBase - HikariPool-1 - Failed to validate connection org.postgresql.jdbc.PgConnection@238d30c4 (This connection has been closed.). Possibly consider using a shorter maxLifetime value.
2026-09-19 18:51:39.981 INFO  service=reputacao-service correlationId= thread=org.springframework.kafka.KafkaListenerEndpointContainer#0-1-C-1 logger=org.apache.kafka.clients.Metadata - [Consumer clientId=consumer-reputacao-service-2, groupId=reputacao-service] Rebootstrapping with [localhost/127.0.0.1:9092]
2026-09-19 18:51:40.799 INFO  service=reputacao-service correlationId= thread=org.springframework.kafka.KafkaListenerEndpointContainer#0-0-C-1 logger=o.apache.kafka.clients.NetworkClient - [Consumer clientId=consumer-reputacao-service-1, groupId=reputacao-service] Node -1 disconnected.
2026-09-19 18:51:40.799 WARN  service=reputacao-service correlationId= thread=org.springframework.kafka.KafkaListenerEndpointContainer#0-0-C-1 logger=o.apache.kafka.clients.NetworkClient - [Consumer clientId=consumer-reputacao-service-1, groupId=reputacao-service] Connection to node -1 (localhost/127.0.0.1:9092) could not be established. Node may not be available.
2026-09-19 18:51:40.799 WARN  service=reputacao-service correlationId= thread=org.springframework.kafka.KafkaListenerEndpointContainer#0-0-C-1 logger=o.apache.kafka.clients.NetworkClient - [Consumer clientId=consumer-reputacao-service-1, groupId=reputacao-service] Bootstrap broker localhost:9092 (id: -1 rack: null isFenced: false) disconnected
2026-09-19 18:51:40.807 INFO  service=reputacao-service correlationId= thread=org.springframework.kafka.KafkaListenerEndpointContainer#0-2-C-1 logger=o.apache.kafka.clients.NetworkClient - [Consumer clientId=consumer-reputacao-service-3, groupId=reputacao-service] Node -1 disconnected.
2026-09-19 18:51:40.807 WARN  service=reputacao-service correlationId= thread=org.springframework.kafka.KafkaListenerEndpointContainer#0-2-C-1 logger=o.apache.kafka.clients.NetworkClient - [Consumer clientId=consumer-reputacao-service-3, groupId=reputacao-service] Connection to node -1 (localhost/127.0.0.1:9092) could not be established. Node may not be available.
2026-09-19 18:51:40.807 WARN  service=reputacao-service correlationId= thread=org.springframework.kafka.KafkaListenerEndpointContainer#0-2-C-1 logger=o.apache.kafka.clients.NetworkClient - [Consumer clientId=consumer-reputacao-service-3, groupId=reputacao-service] Bootstrap broker localhost:9092 (id: -1 rack: null isFenced: false) disconnected
2026-09-19 18:51:40.886 INFO  service=reputacao-service correlationId= thread=org.springframework.kafka.KafkaListenerEndpointContainer#0-1-C-1 logger=o.apache.kafka.clients.NetworkClient - [Consumer clientId=consumer-reputacao-service-2, groupId=reputacao-service] Node -1 disconnected.
2026-09-19 18:51:40.886 WARN  service=reputacao-service correlationId= thread=org.springframework.kafka.KafkaListenerEndpointContainer#0-1-C-1 logger=o.apache.kafka.clients.NetworkClient - [Consumer clientId=consumer-reputacao-service-2, groupId=reputacao-service] Connection to node -1 (localhost/127.0.0.1:9092) could not be established. Node may not be available.
2026-09-19 18:51:40.886 WARN  service=reputacao-service correlationId= thread=org.springframework.kafka.KafkaListenerEndpointContainer#0-1-C-1 logger=o.apache.kafka.clients.NetworkClient - [Consumer clientId=consumer-reputacao-service-2, groupId=reputacao-service] Bootstrap broker localhost:9092 (id: -1 rack: null isFenced: false) disconnected
2026-09-19 18:51:41.800 INFO  service=reputacao-service correlationId= thread=org.springframework.kafka.KafkaListenerEndpointContainer#0-0-C-1 logger=o.apache.kafka.clients.NetworkClient - [Consumer clientId=consumer-reputacao-service-1, groupId=reputacao-service] Node -1 disconnected.
2026-09-19 18:51:41.800 WARN  service=reputacao-service correlationId= thread=org.springframework.kafka.KafkaListenerEndpointContainer#0-0-C-1 logger=o.apache.kafka.clients.NetworkClient - [Consumer clientId=consumer-reputacao-service-1, groupId=reputacao-service] Connection to node -1 (localhost/127.0.0.1:9092) could not be established. Node may not be available.
2026-09-19 18:51:41.800 WARN  service=reputacao-service correlationId= thread=org.springframework.kafka.KafkaListenerEndpointContainer#0-0-C-1 logger=o.apache.kafka.clients.NetworkClient - [Consumer clientId=consumer-reputacao-service-1, groupId=reputacao-service] Bootstrap broker localhost:9092 (id: -1 rack: null isFenced: false) disconnected
2026-09-19 18:51:41.808 INFO  service=reputacao-service correlationId= thread=org.springframework.kafka.KafkaListenerEndpointContainer#0-2-C-1 logger=o.apache.kafka.clients.NetworkClient - [Consumer clientId=consumer-reputacao-service-3, groupId=reputacao-service] Node -1 disconnected.
2026-09-19 18:51:41.808 WARN  service=reputacao-service correlationId= thread=org.springframework.kafka.KafkaListenerEndpointContainer#0-2-C-1 logger=o.apache.kafka.clients.NetworkClient - [Consumer clientId=consumer-reputacao-service-3, groupId=reputacao-service] Connection to node -1 (localhost/127.0.0.1:9092) could not be established. Node may not be available.
2026-09-19 18:51:41.808 WARN  service=reputacao-service correlationId= thread=org.springframework.kafka.KafkaListenerEndpointContainer#0-2-C-1 logger=o.apache.kafka.clients.NetworkClient - [Consumer clientId=consumer-reputacao-service-3, groupId=reputacao-service] Bootstrap broker localhost:9092 (id: -1 rack: null isFenced: false) disconnected
2026-09-19 18:51:41.860 INFO  service=reputacao-service correlationId= thread=kafka-coordinator-heartbeat-thread | reputacao-service logger=org.apache.kafka.clients.Metadata - [Consumer clientId=consumer-reputacao-service-2, groupId=reputacao-service] Rebootstrapping with [localhost/127.0.0.1:9092]
2026-09-19 18:51:41.861 INFO  service=reputacao-service correlationId= thread=org.springframework.kafka.KafkaListenerEndpointContainer#0-1-C-1 logger=org.apache.kafka.clients.Metadata - [Consumer clientId=consumer-reputacao-service-2, groupId=reputacao-service] Rebootstrapping with [localhost/127.0.0.1:9092]
2026-09-19 18:51:41.861 INFO  service=reputacao-service correlationId= thread=org.springframework.kafka.KafkaListenerEndpointContainer#0-1-C-1 logger=o.apache.kafka.clients.NetworkClient - [Consumer clientId=consumer-reputacao-service-2, groupId=reputacao-service] Node 1 disconnected.
2026-09-19 18:51:41.861 WARN  service=reputacao-service correlationId= thread=org.springframework.kafka.KafkaListenerEndpointContainer#0-1-C-1 logger=o.apache.kafka.clients.NetworkClient - [Consumer clientId=consumer-reputacao-service-2, groupId=reputacao-service] Connection to node 1 (localhost/127.0.0.1:9092) could not be established. Node may not be available.
2026-09-19 18:51:41.861 INFO  service=reputacao-service correlationId= thread=org.springframework.kafka.KafkaListenerEndpointContainer#0-1-C-1 logger=o.a.k.clients.FetchSessionHandler - [Consumer clientId=consumer-reputacao-service-2, groupId=reputacao-service] Error sending fetch request (sessionId=1136026593, epoch=INITIAL) to node 1:
org.apache.kafka.common.errors.DisconnectException
2026-09-19 18:51:41.862 INFO  service=reputacao-service correlationId= thread=kafka-coordinator-heartbeat-thread | reputacao-service logger=o.a.k.clients.FetchSessionHandler - [Consumer clientId=consumer-reputacao-service-1, groupId=reputacao-service] Error sending fetch request (sessionId=1473298049, epoch=INITIAL) to node 1:
org.apache.kafka.common.errors.DisconnectException
2026-09-19 18:51:41.864 INFO  service=reputacao-service correlationId= thread=org.springframework.kafka.KafkaListenerEndpointContainer#0-2-C-1 logger=o.apache.kafka.clients.NetworkClient - [Consumer clientId=consumer-reputacao-service-3, groupId=reputacao-service] Node 1 disconnected.
2026-09-19 18:51:41.864 WARN  service=reputacao-service correlationId= thread=org.springframework.kafka.KafkaListenerEndpointContainer#0-2-C-1 logger=o.apache.kafka.clients.NetworkClient - [Consumer clientId=consumer-reputacao-service-3, groupId=reputacao-service] Connection to node 1 (localhost/127.0.0.1:9092) could not be established. Node may not be available.
2026-09-19 18:51:41.864 INFO  service=reputacao-service correlationId= thread=org.springframework.kafka.KafkaListenerEndpointContainer#0-2-C-1 logger=o.a.k.clients.FetchSessionHandler - [Consumer clientId=consumer-reputacao-service-3, groupId=reputacao-service] Error sending fetch request (sessionId=920541152, epoch=INITIAL) to node 1:
org.apache.kafka.common.errors.DisconnectException
2026-09-19 18:51:41.968 INFO  service=reputacao-service correlationId= thread=org.springframework.kafka.KafkaListenerEndpointContainer#0-1-C-1 logger=o.apache.kafka.clients.NetworkClient - [Consumer clientId=consumer-reputacao-service-2, groupId=reputacao-service] Node -1 disconnected.
2026-09-19 18:51:41.968 WARN  service=reputacao-service correlationId= thread=org.springframework.kafka.KafkaListenerEndpointContainer#0-1-C-1 logger=o.apache.kafka.clients.NetworkClient - [Consumer clientId=consumer-reputacao-service-2, groupId=reputacao-service] Connection to node -1 (localhost/127.0.0.1:9092) could not be established. Node may not be available.
2026-09-19 18:51:41.968 WARN  service=reputacao-service correlationId= thread=org.springframework.kafka.KafkaListenerEndpointContainer#0-1-C-1 logger=o.apache.kafka.clients.NetworkClient - [Consumer clientId=consumer-reputacao-service-2, groupId=reputacao-service] Bootstrap broker localhost:9092 (id: -1 rack: null isFenced: false) disconnected
2026-09-19 18:51:42.234 INFO  service=reputacao-service correlationId= thread=SpringApplicationShutdownHook logger=o.s.c.n.e.s.EurekaServiceRegistry - Unregistering application REPUTACAO-SERVICE with eureka with status DOWN
2026-09-19 18:51:42.234 INFO  service=reputacao-service correlationId= thread=SpringApplicationShutdownHook logger=c.netflix.discovery.DiscoveryClient - Saw local status change event StatusChangeEvent [timestamp=1789854702234, current=DOWN, previous=UP]
2026-09-19 18:51:42.235 INFO  service=reputacao-service correlationId= thread=DiscoveryClient-InstanceInfoReplicator-%d logger=c.netflix.discovery.DiscoveryClient - DiscoveryClient_REPUTACAO-SERVICE/localhost:reputacao-service:8083: registering service...
2026-09-19 18:51:42.240 INFO  service=reputacao-service correlationId= thread=org.springframework.kafka.KafkaListenerEndpointContainer#0-0-C-1 logger=o.a.k.c.c.i.ConsumerRebalanceListenerInvoker - [Consumer clientId=consumer-reputacao-service-1, groupId=reputacao-service] Revoke previously assigned partitions [contrato-eventos-0]
2026-09-19 18:51:42.240 INFO  service=reputacao-service correlationId= thread=org.springframework.kafka.KafkaListenerEndpointContainer#0-1-C-1 logger=o.a.k.c.c.i.ConsumerRebalanceListenerInvoker - [Consumer clientId=consumer-reputacao-service-2, groupId=reputacao-service] Revoke previously assigned partitions [contrato-eventos-1]
2026-09-19 18:51:42.240 INFO  service=reputacao-service correlationId= thread=org.springframework.kafka.KafkaListenerEndpointContainer#0-2-C-1 logger=o.a.k.c.c.i.ConsumerRebalanceListenerInvoker - [Consumer clientId=consumer-reputacao-service-3, groupId=reputacao-service] Revoke previously assigned partitions [contrato-eventos-2]
2026-09-19 18:51:42.242 INFO  service=reputacao-service correlationId= thread=org.springframework.kafka.KafkaListenerEndpointContainer#0-2-C-1 logger=o.s.k.l.KafkaMessageListenerContainer - reputacao-service: partitions revoked: [contrato-eventos-2]
2026-09-19 18:51:42.242 INFO  service=reputacao-service correlationId= thread=org.springframework.kafka.KafkaListenerEndpointContainer#0-0-C-1 logger=o.s.k.l.KafkaMessageListenerContainer - reputacao-service: partitions revoked: [contrato-eventos-0]
2026-09-19 18:51:42.242 INFO  service=reputacao-service correlationId= thread=org.springframework.kafka.KafkaListenerEndpointContainer#0-1-C-1 logger=o.s.k.l.KafkaMessageListenerContainer - reputacao-service: partitions revoked: [contrato-eventos-1]
2026-09-19 18:51:42.243 INFO  service=reputacao-service correlationId= thread=org.springframework.kafka.KafkaListenerEndpointContainer#0-2-C-1 logger=o.a.k.c.c.i.ConsumerCoordinator - [Consumer clientId=consumer-reputacao-service-3, groupId=reputacao-service] Resetting generation and member id due to: consumer pro-actively leaving the group
2026-09-19 18:51:42.243 INFO  service=reputacao-service correlationId= thread=org.springframework.kafka.KafkaListenerEndpointContainer#0-0-C-1 logger=o.a.k.c.c.i.ConsumerCoordinator - [Consumer clientId=consumer-reputacao-service-1, groupId=reputacao-service] Resetting generation and member id due to: consumer pro-actively leaving the group
2026-09-19 18:51:42.243 INFO  service=reputacao-service correlationId= thread=org.springframework.kafka.KafkaListenerEndpointContainer#0-1-C-1 logger=o.a.k.c.c.i.ConsumerCoordinator - [Consumer clientId=consumer-reputacao-service-2, groupId=reputacao-service] Resetting generation and member id due to: consumer pro-actively leaving the group
2026-09-19 18:51:42.243 INFO  service=reputacao-service correlationId= thread=org.springframework.kafka.KafkaListenerEndpointContainer#0-2-C-1 logger=o.a.k.c.c.i.ConsumerCoordinator - [Consumer clientId=consumer-reputacao-service-3, groupId=reputacao-service] Request joining group due to: consumer pro-actively leaving the group
2026-09-19 18:51:42.243 INFO  service=reputacao-service correlationId= thread=org.springframework.kafka.KafkaListenerEndpointContainer#0-0-C-1 logger=o.a.k.c.c.i.ConsumerCoordinator - [Consumer clientId=consumer-reputacao-service-1, groupId=reputacao-service] Request joining group due to: consumer pro-actively leaving the group
2026-09-19 18:51:42.243 INFO  service=reputacao-service correlationId= thread=org.springframework.kafka.KafkaListenerEndpointContainer#0-1-C-1 logger=o.a.k.c.c.i.ConsumerCoordinator - [Consumer clientId=consumer-reputacao-service-2, groupId=reputacao-service] Request joining group due to: consumer pro-actively leaving the group
2026-09-19 18:51:42.243 INFO  service=reputacao-service correlationId= thread=org.springframework.kafka.KafkaListenerEndpointContainer#0-2-C-1 logger=o.a.k.c.c.i.ClassicKafkaConsumer - [Consumer clientId=consumer-reputacao-service-3, groupId=reputacao-service] Unsubscribed all topics or patterns and assigned partitions
2026-09-19 18:51:42.243 INFO  service=reputacao-service correlationId= thread=org.springframework.kafka.KafkaListenerEndpointContainer#0-0-C-1 logger=o.a.k.c.c.i.ClassicKafkaConsumer - [Consumer clientId=consumer-reputacao-service-1, groupId=reputacao-service] Unsubscribed all topics or patterns and assigned partitions
2026-09-19 18:51:42.243 INFO  service=reputacao-service correlationId= thread=org.springframework.kafka.KafkaListenerEndpointContainer#0-1-C-1 logger=o.a.k.c.c.i.ClassicKafkaConsumer - [Consumer clientId=consumer-reputacao-service-2, groupId=reputacao-service] Unsubscribed all topics or patterns and assigned partitions
2026-09-19 18:51:42.245 INFO  service=reputacao-service correlationId= thread=org.springframework.kafka.KafkaListenerEndpointContainer#0-0-C-1 logger=o.a.k.c.c.i.ConsumerCoordinator - [Consumer clientId=consumer-reputacao-service-1, groupId=reputacao-service] Resetting generation and member id due to: consumer pro-actively leaving the group
2026-09-19 18:51:42.245 INFO  service=reputacao-service correlationId= thread=org.springframework.kafka.KafkaListenerEndpointContainer#0-2-C-1 logger=o.a.k.c.c.i.ConsumerCoordinator - [Consumer clientId=consumer-reputacao-service-3, groupId=reputacao-service] Resetting generation and member id due to: consumer pro-actively leaving the group
2026-09-19 18:51:42.245 INFO  service=reputacao-service correlationId= thread=org.springframework.kafka.KafkaListenerEndpointContainer#0-1-C-1 logger=o.a.k.c.c.i.ConsumerCoordinator - [Consumer clientId=consumer-reputacao-service-2, groupId=reputacao-service] Resetting generation and member id due to: consumer pro-actively leaving the group
2026-09-19 18:51:42.246 INFO  service=reputacao-service correlationId= thread=org.springframework.kafka.KafkaListenerEndpointContainer#0-2-C-1 logger=o.a.k.c.c.i.ConsumerCoordinator - [Consumer clientId=consumer-reputacao-service-3, groupId=reputacao-service] Request joining group due to: consumer pro-actively leaving the group
2026-09-19 18:51:42.246 INFO  service=reputacao-service correlationId= thread=org.springframework.kafka.KafkaListenerEndpointContainer#0-0-C-1 logger=o.a.k.c.c.i.ConsumerCoordinator - [Consumer clientId=consumer-reputacao-service-1, groupId=reputacao-service] Request joining group due to: consumer pro-actively leaving the group
2026-09-19 18:51:42.246 INFO  service=reputacao-service correlationId= thread=org.springframework.kafka.KafkaListenerEndpointContainer#0-1-C-1 logger=o.a.k.c.c.i.ConsumerCoordinator - [Consumer clientId=consumer-reputacao-service-2, groupId=reputacao-service] Request joining group due to: consumer pro-actively leaving the group
2026-09-19 18:51:42.250 INFO  service=reputacao-service correlationId= thread=org.springframework.kafka.KafkaListenerEndpointContainer#0-2-C-1 logger=o.a.kafka.common.metrics.Metrics - Metrics scheduler closed
2026-09-19 18:51:42.250 INFO  service=reputacao-service correlationId= thread=org.springframework.kafka.KafkaListenerEndpointContainer#0-0-C-1 logger=o.a.kafka.common.metrics.Metrics - Metrics scheduler closed
2026-09-19 18:51:42.250 INFO  service=reputacao-service correlationId= thread=org.springframework.kafka.KafkaListenerEndpointContainer#0-2-C-1 logger=o.a.kafka.common.metrics.Metrics - Closing reporter org.apache.kafka.common.metrics.JmxReporter
2026-09-19 18:51:42.251 INFO  service=reputacao-service correlationId= thread=org.springframework.kafka.KafkaListenerEndpointContainer#0-0-C-1 logger=o.a.kafka.common.metrics.Metrics - Closing reporter org.apache.kafka.common.metrics.JmxReporter
2026-09-19 18:51:42.250 INFO  service=reputacao-service correlationId= thread=org.springframework.kafka.KafkaListenerEndpointContainer#0-1-C-1 logger=o.a.kafka.common.metrics.Metrics - Metrics scheduler closed
2026-09-19 18:51:42.251 INFO  service=reputacao-service correlationId= thread=org.springframework.kafka.KafkaListenerEndpointContainer#0-2-C-1 logger=o.a.kafka.common.metrics.Metrics - Closing reporter org.apache.kafka.common.telemetry.internals.ClientTelemetryReporter
2026-09-19 18:51:42.251 INFO  service=reputacao-service correlationId= thread=org.springframework.kafka.KafkaListenerEndpointContainer#0-0-C-1 logger=o.a.kafka.common.metrics.Metrics - Closing reporter org.apache.kafka.common.telemetry.internals.ClientTelemetryReporter
2026-09-19 18:51:42.251 INFO  service=reputacao-service correlationId= thread=org.springframework.kafka.KafkaListenerEndpointContainer#0-1-C-1 logger=o.a.kafka.common.metrics.Metrics - Closing reporter org.apache.kafka.common.metrics.JmxReporter
2026-09-19 18:51:42.251 INFO  service=reputacao-service correlationId= thread=org.springframework.kafka.KafkaListenerEndpointContainer#0-2-C-1 logger=o.a.kafka.common.metrics.Metrics - Metrics reporters closed
2026-09-19 18:51:42.251 INFO  service=reputacao-service correlationId= thread=org.springframework.kafka.KafkaListenerEndpointContainer#0-0-C-1 logger=o.a.kafka.common.metrics.Metrics - Metrics reporters closed
2026-09-19 18:51:42.251 INFO  service=reputacao-service correlationId= thread=org.springframework.kafka.KafkaListenerEndpointContainer#0-1-C-1 logger=o.a.kafka.common.metrics.Metrics - Closing reporter org.apache.kafka.common.telemetry.internals.ClientTelemetryReporter
2026-09-19 18:51:42.251 INFO  service=reputacao-service correlationId= thread=org.springframework.kafka.KafkaListenerEndpointContainer#0-1-C-1 logger=o.a.kafka.common.metrics.Metrics - Metrics reporters closed
2026-09-19 18:51:42.259 INFO  service=reputacao-service correlationId= thread=org.springframework.kafka.KafkaListenerEndpointContainer#0-2-C-1 logger=o.a.kafka.common.utils.AppInfoParser - App info kafka.consumer for consumer-reputacao-service-3 unregistered
2026-09-19 18:51:42.259 INFO  service=reputacao-service correlationId= thread=org.springframework.kafka.KafkaListenerEndpointContainer#0-0-C-1 logger=o.a.kafka.common.utils.AppInfoParser - App info kafka.consumer for consumer-reputacao-service-1 unregistered
2026-09-19 18:51:42.259 INFO  service=reputacao-service correlationId= thread=org.springframework.kafka.KafkaListenerEndpointContainer#0-1-C-1 logger=o.a.kafka.common.utils.AppInfoParser - App info kafka.consumer for consumer-reputacao-service-2 unregistered
2026-09-19 18:51:42.260 INFO  service=reputacao-service correlationId= thread=org.springframework.kafka.KafkaListenerEndpointContainer#0-0-C-1 logger=o.s.k.l.KafkaMessageListenerContainer - reputacao-service: Consumer stopped
2026-09-19 18:51:42.260 INFO  service=reputacao-service correlationId= thread=org.springframework.kafka.KafkaListenerEndpointContainer#0-2-C-1 logger=o.s.k.l.KafkaMessageListenerContainer - reputacao-service: Consumer stopped
2026-09-19 18:51:42.260 INFO  service=reputacao-service correlationId= thread=org.springframework.kafka.KafkaListenerEndpointContainer#0-1-C-1 logger=o.s.k.l.KafkaMessageListenerContainer - reputacao-service: Consumer stopped
2026-09-19 18:51:42.260 INFO  service=reputacao-service correlationId= thread=DiscoveryClient-InstanceInfoReplicator-%d logger=c.n.d.s.t.d.RedirectingEurekaHttpClient - Request execution error. endpoint=DefaultEndpoint{ serviceUrl='http://localhost:8761/eureka/}, exception=I/O error on POST request for "http://localhost:8761/eureka/apps/REPUTACAO-SERVICE": Connect to http://localhost:8761 failed: Connection refused: getsockopt
org.springframework.web.client.ResourceAccessException: I/O error on POST request for "http://localhost:8761/eureka/apps/REPUTACAO-SERVICE": Connect to http://localhost:8761 failed: Connection refused: getsockopt
	at org.springframework.web.client.DefaultRestClient$DefaultRequestBodyUriSpec.createResourceAccessException(DefaultRestClient.java:779)
	at org.springframework.web.client.DefaultRestClient$DefaultRequestBodyUriSpec.exchangeInternal(DefaultRestClient.java:624)
	at org.springframework.web.client.DefaultRestClient$DefaultRequestBodyUriSpec.exchange(DefaultRestClient.java:572)
	at org.springframework.web.client.RestClient$RequestHeadersSpec.exchange(RestClient.java:747)
	at org.springframework.web.client.DefaultRestClient$DefaultResponseSpec.executeAndExtract(DefaultRestClient.java:924)
	at org.springframework.web.client.DefaultRestClient$DefaultResponseSpec.toBodilessEntity(DefaultRestClient.java:888)
	at org.springframework.cloud.netflix.eureka.http.RestClientEurekaHttpClient.register(RestClientEurekaHttpClient.java:64)
	at com.netflix.discovery.shared.transport.decorator.EurekaHttpClientDecorator$1.execute(EurekaHttpClientDecorator.java:59)
	at com.netflix.discovery.shared.transport.decorator.RedirectingEurekaHttpClient.executeOnNewServer(RedirectingEurekaHttpClient.java:120)
	at com.netflix.discovery.shared.transport.decorator.RedirectingEurekaHttpClient.execute(RedirectingEurekaHttpClient.java:79)
	at com.netflix.discovery.shared.transport.decorator.EurekaHttpClientDecorator.register(EurekaHttpClientDecorator.java:56)
	at com.netflix.discovery.shared.transport.decorator.EurekaHttpClientDecorator$1.execute(EurekaHttpClientDecorator.java:59)
	at com.netflix.discovery.shared.transport.decorator.RetryableEurekaHttpClient.execute(RetryableEurekaHttpClient.java:120)
	at com.netflix.discovery.shared.transport.decorator.EurekaHttpClientDecorator.register(EurekaHttpClientDecorator.java:56)
	at com.netflix.discovery.shared.transport.decorator.EurekaHttpClientDecorator$1.execute(EurekaHttpClientDecorator.java:59)
	at com.netflix.discovery.shared.transport.decorator.SessionedEurekaHttpClient.execute(SessionedEurekaHttpClient.java:76)
	at com.netflix.discovery.shared.transport.decorator.EurekaHttpClientDecorator.register(EurekaHttpClientDecorator.java:56)
	at com.netflix.discovery.DiscoveryClient.register(DiscoveryClient.java:843)
	at com.netflix.discovery.InstanceInfoReplicator.run(InstanceInfoReplicator.java:125)
	at com.netflix.discovery.InstanceInfoReplicator$2.run(InstanceInfoReplicator.java:105)
	at java.base/java.util.concurrent.Executors$RunnableAdapter.call(Executors.java:572)
	at java.base/java.util.concurrent.FutureTask.run(FutureTask.java:317)
	at java.base/java.util.concurrent.ScheduledThreadPoolExecutor$ScheduledFutureTask.run(ScheduledThreadPoolExecutor.java:304)
	at java.base/java.util.concurrent.ThreadPoolExecutor.runWorker(ThreadPoolExecutor.java:1144)
	at java.base/java.util.concurrent.ThreadPoolExecutor$Worker.run(ThreadPoolExecutor.java:642)
	at java.base/java.lang.Thread.run(Thread.java:1583)
Caused by: org.apache.hc.client5.http.HttpHostConnectException: Connect to http://localhost:8761 failed: Connection refused: getsockopt
	at java.base/sun.nio.ch.Net.pollConnect(Native Method)
	at java.base/sun.nio.ch.Net.pollConnectNow(Net.java:682)
	at java.base/sun.nio.ch.NioSocketImpl.timedFinishConnect(NioSocketImpl.java:542)
	at java.base/sun.nio.ch.NioSocketImpl.connect(NioSocketImpl.java:592)
	at java.base/java.net.SocksSocketImpl.connect(SocksSocketImpl.java:327)
	at java.base/java.net.Socket.connect(Socket.java:751)
	at org.apache.hc.client5.http.impl.io.DefaultHttpClientConnectionOperator.connect(DefaultHttpClientConnectionOperator.java:219)
	at org.apache.hc.client5.http.impl.io.PoolingHttpClientConnectionManager.connect(PoolingHttpClientConnectionManager.java:547)
	at org.apache.hc.client5.http.impl.classic.InternalExecRuntime.connectEndpoint(InternalExecRuntime.java:164)
	at org.apache.hc.client5.http.impl.classic.InternalExecRuntime.connectEndpoint(InternalExecRuntime.java:174)
	at org.apache.hc.client5.http.impl.classic.ConnectExec.execute(ConnectExec.java:144)
	at org.apache.hc.client5.http.impl.classic.ExecChainElement.execute(ExecChainElement.java:51)
	at org.apache.hc.client5.http.impl.classic.ProtocolExec.execute(ProtocolExec.java:192)
	at org.apache.hc.client5.http.impl.classic.ExecChainElement.execute(ExecChainElement.java:51)
	at org.apache.hc.client5.http.impl.classic.ContentCompressionExec.execute(ContentCompressionExec.java:138)
	at org.apache.hc.client5.http.impl.classic.ExecChainElement.execute(ExecChainElement.java:51)
	at org.apache.hc.client5.http.impl.classic.HttpRequestRetryExec.execute(HttpRequestRetryExec.java:112)
	at org.apache.hc.client5.http.impl.classic.ExecChainElement.execute(ExecChainElement.java:51)
	at org.apache.hc.client5.http.impl.classic.RedirectExec.execute(RedirectExec.java:110)
	at org.apache.hc.client5.http.impl.classic.ExecChainElement.execute(ExecChainElement.java:51)
	at org.apache.hc.client5.http.impl.classic.InternalHttpClient.doExecute(InternalHttpClient.java:185)
	at org.apache.hc.client5.http.impl.classic.CloseableHttpClient.execute(CloseableHttpClient.java:87)
	at org.apache.hc.client5.http.impl.classic.CloseableHttpClient.execute(CloseableHttpClient.java:55)
	at org.apache.hc.client5.http.classic.HttpClient.executeOpen(HttpClient.java:183)
	at org.springframework.http.client.HttpComponentsClientHttpRequest.executeInternal(HttpComponentsClientHttpRequest.java:99)
	at org.springframework.http.client.AbstractStreamingClientHttpRequest.executeInternal(AbstractStreamingClientHttpRequest.java:87)
	at org.springframework.http.client.AbstractClientHttpRequest.execute(AbstractClientHttpRequest.java:80)
	at org.springframework.http.client.AbstractBufferingClientHttpRequest.executeWithRequestAndBody(AbstractBufferingClientHttpRequest.java:89)
	at org.springframework.http.client.InterceptingClientHttpRequest$EndOfChainRequestExecution.execute(InterceptingClientHttpRequest.java:102)
	at org.springframework.cloud.netflix.eureka.http.RestClientTransportClientFactory.lambda$newClient$2(RestClientTransportClientFactory.java:98)
	at org.springframework.http.client.ClientHttpRequestInterceptor.lambda$apply$0(ClientHttpRequestInterceptor.java:89)
	at org.springframework.http.client.InterceptingClientHttpRequest.executeInternal(InterceptingClientHttpRequest.java:73)
	at org.springframework.http.client.AbstractBufferingClientHttpRequest.executeInternal(AbstractBufferingClientHttpRequest.java:50)
	at org.springframework.http.client.AbstractClientHttpRequest.execute(AbstractClientHttpRequest.java:80)
	at org.springframework.web.client.DefaultRestClient$DefaultRequestBodyUriSpec.exchangeInternal(DefaultRestClient.java:614)
	... 24 common frames omitted
2026-09-19 18:51:42.260 WARN  service=reputacao-service correlationId= thread=DiscoveryClient-InstanceInfoReplicator-%d logger=c.n.d.s.t.d.RetryableEurekaHttpClient - Request execution failed with message: I/O error on POST request for "http://localhost:8761/eureka/apps/REPUTACAO-SERVICE": Connect to http://localhost:8761 failed: Connection refused: getsockopt
2026-09-19 18:51:42.260 WARN  service=reputacao-service correlationId= thread=DiscoveryClient-InstanceInfoReplicator-%d logger=c.netflix.discovery.DiscoveryClient - DiscoveryClient_REPUTACAO-SERVICE/localhost:reputacao-service:8083 - registration failed Cannot execute request on any known server
com.netflix.discovery.shared.transport.TransportException: Cannot execute request on any known server
	at com.netflix.discovery.shared.transport.decorator.RetryableEurekaHttpClient.execute(RetryableEurekaHttpClient.java:112)
	at com.netflix.discovery.shared.transport.decorator.EurekaHttpClientDecorator.register(EurekaHttpClientDecorator.java:56)
	at com.netflix.discovery.shared.transport.decorator.EurekaHttpClientDecorator$1.execute(EurekaHttpClientDecorator.java:59)
	at com.netflix.discovery.shared.transport.decorator.SessionedEurekaHttpClient.execute(SessionedEurekaHttpClient.java:76)
	at com.netflix.discovery.shared.transport.decorator.EurekaHttpClientDecorator.register(EurekaHttpClientDecorator.java:56)
	at com.netflix.discovery.DiscoveryClient.register(DiscoveryClient.java:843)
	at com.netflix.discovery.InstanceInfoReplicator.run(InstanceInfoReplicator.java:125)
	at com.netflix.discovery.InstanceInfoReplicator$2.run(InstanceInfoReplicator.java:105)
	at java.base/java.util.concurrent.Executors$RunnableAdapter.call(Executors.java:572)
	at java.base/java.util.concurrent.FutureTask.run(FutureTask.java:317)
	at java.base/java.util.concurrent.ScheduledThreadPoolExecutor$ScheduledFutureTask.run(ScheduledThreadPoolExecutor.java:304)
	at java.base/java.util.concurrent.ThreadPoolExecutor.runWorker(ThreadPoolExecutor.java:1144)
	at java.base/java.util.concurrent.ThreadPoolExecutor$Worker.run(ThreadPoolExecutor.java:642)
	at java.base/java.lang.Thread.run(Thread.java:1583)
2026-09-19 18:51:42.261 WARN  service=reputacao-service correlationId= thread=DiscoveryClient-InstanceInfoReplicator-%d logger=c.n.discovery.InstanceInfoReplicator - There was a problem with the instance info replicator
com.netflix.discovery.shared.transport.TransportException: Cannot execute request on any known server
	at com.netflix.discovery.shared.transport.decorator.RetryableEurekaHttpClient.execute(RetryableEurekaHttpClient.java:112)
	at com.netflix.discovery.shared.transport.decorator.EurekaHttpClientDecorator.register(EurekaHttpClientDecorator.java:56)
	at com.netflix.discovery.shared.transport.decorator.EurekaHttpClientDecorator$1.execute(EurekaHttpClientDecorator.java:59)
	at com.netflix.discovery.shared.transport.decorator.SessionedEurekaHttpClient.execute(SessionedEurekaHttpClient.java:76)
	at com.netflix.discovery.shared.transport.decorator.EurekaHttpClientDecorator.register(EurekaHttpClientDecorator.java:56)
	at com.netflix.discovery.DiscoveryClient.register(DiscoveryClient.java:843)
	at com.netflix.discovery.InstanceInfoReplicator.run(InstanceInfoReplicator.java:125)
	at com.netflix.discovery.InstanceInfoReplicator$2.run(InstanceInfoReplicator.java:105)
	at java.base/java.util.concurrent.Executors$RunnableAdapter.call(Executors.java:572)
	at java.base/java.util.concurrent.FutureTask.run(FutureTask.java:317)
	at java.base/java.util.concurrent.ScheduledThreadPoolExecutor$ScheduledFutureTask.run(ScheduledThreadPoolExecutor.java:304)
	at java.base/java.util.concurrent.ThreadPoolExecutor.runWorker(ThreadPoolExecutor.java:1144)
	at java.base/java.util.concurrent.ThreadPoolExecutor$Worker.run(ThreadPoolExecutor.java:642)
	at java.base/java.lang.Thread.run(Thread.java:1583)
2026-09-19 18:51:42.261 INFO  service=reputacao-service correlationId= thread=SpringApplicationShutdownHook logger=o.s.boot.tomcat.GracefulShutdown - Commencing graceful shutdown. Waiting for active requests to complete
2026-09-19 18:51:42.274 INFO  service=reputacao-service correlationId= thread=tomcat-shutdown logger=o.s.boot.tomcat.GracefulShutdown - Graceful shutdown complete
2026-09-19 18:51:42.281 INFO  service=reputacao-service correlationId= thread=SpringApplicationShutdownHook logger=o.s.o.j.LocalContainerEntityManagerFactoryBean - Closing JPA EntityManagerFactory for persistence unit 'default'
2026-09-19 18:51:42.283 INFO  service=reputacao-service correlationId= thread=SpringApplicationShutdownHook logger=com.zaxxer.hikari.HikariDataSource - HikariPool-1 - Shutdown initiated...
2026-09-19 18:51:44.091 INFO  service=reputacao-service correlationId= thread=SpringApplicationShutdownHook logger=com.zaxxer.hikari.HikariDataSource - HikariPool-1 - Shutdown completed.
2026-09-19 18:51:44.988 INFO  service=reputacao-service correlationId= thread=SpringApplicationShutdownHook logger=c.netflix.discovery.DiscoveryClient - Shutting down DiscoveryClient ...
