2026-09-17T11:08:39.332-03:00  INFO 6692 --- [notificacao-service] [main] [                                                 ] b.c.f.n.NotificacaoApplication           : Starting NotificacaoApplication using Java 21.0.8 with PID 6692 (D:\Faculdade\TPs e ATs\8 semestre\Domain-Driven Design (DDD) e Arquitetura de Softwares Escaláveis com Java\AT\freela-marketplace-assessment\notificacao-service\target\classes started by diego in D:\Faculdade\TPs e ATs\8 semestre\Domain-Driven Design (DDD) e Arquitetura de Softwares Escaláveis com Java\AT\freela-marketplace-assessment\notificacao-service)
2026-09-17T11:08:39.337-03:00  INFO 6692 --- [notificacao-service] [main] [                                                 ] b.c.f.n.NotificacaoApplication           : No active profile set, falling back to 1 default profile: "default"
2026-09-17T11:08:40.488-03:00  INFO 6692 --- [notificacao-service] [main] [                                                 ] .s.d.r.c.RepositoryConfigurationDelegate : Bootstrapping Spring Data JPA repositories in DEFAULT mode.
2026-09-17T11:08:40.646-03:00  INFO 6692 --- [notificacao-service] [main] [                                                 ] .s.d.r.c.RepositoryConfigurationDelegate : Finished Spring Data repository scanning in 148 ms. Found 2 JPA repository interfaces.
2026-09-17T11:08:41.093-03:00  INFO 6692 --- [notificacao-service] [main] [                                                 ] o.s.cloud.context.scope.GenericScope     : BeanFactory id=8ce0cc9b-aceb-34f7-a229-94685c7ac481
2026-09-17T11:08:41.605-03:00  INFO 6692 --- [notificacao-service] [main] [                                                 ] o.s.boot.tomcat.TomcatWebServer          : Tomcat initialized with port 8082 (http)
2026-09-17T11:08:41.637-03:00  INFO 6692 --- [notificacao-service] [main] [                                                 ] o.apache.catalina.core.StandardService   : Starting service [Tomcat]
2026-09-17T11:08:41.638-03:00  INFO 6692 --- [notificacao-service] [main] [                                                 ] o.apache.catalina.core.StandardEngine    : Starting Servlet engine: [Apache Tomcat/11.0.22]
2026-09-17T11:08:41.760-03:00  INFO 6692 --- [notificacao-service] [main] [                                                 ] b.w.c.s.WebApplicationContextInitializer : Root WebApplicationContext: initialization completed in 2375 ms
2026-09-17T11:08:42.465-03:00  INFO 6692 --- [notificacao-service] [main] [                                                 ] org.hibernate.orm.jpa                    : HHH008540: Processing PersistenceUnitInfo [name: default]
2026-09-17T11:08:42.533-03:00  INFO 6692 --- [notificacao-service] [main] [                                                 ] org.hibernate.orm.core                   : HHH000001: Hibernate ORM core version 7.4.1.Final
2026-09-17T11:08:43.158-03:00  INFO 6692 --- [notificacao-service] [main] [                                                 ] o.s.o.j.p.SpringPersistenceUnitInfo      : No LoadTimeWeaver setup: ignoring JPA class transformer
2026-09-17T11:08:43.215-03:00  INFO 6692 --- [notificacao-service] [main] [                                                 ] com.zaxxer.hikari.HikariDataSource       : HikariPool-1 - Starting...
2026-09-17T11:08:43.442-03:00  INFO 6692 --- [notificacao-service] [main] [                                                 ] com.zaxxer.hikari.pool.HikariPool        : HikariPool-1 - Added connection org.postgresql.jdbc.PgConnection@49f9758
2026-09-17T11:08:43.445-03:00  INFO 6692 --- [notificacao-service] [main] [                                                 ] com.zaxxer.hikari.HikariDataSource       : HikariPool-1 - Start completed.
2026-09-17T11:08:43.583-03:00  INFO 6692 --- [notificacao-service] [main] [                                                 ] org.hibernate.orm.connections.pooling    : HHH10001005: Database info:
	Database JDBC URL [jdbc:postgresql://localhost:5432/notificacao_db]
	Database driver: PostgreSQL JDBC Driver
	Database dialect: PostgreSQLDialect
	Database version: 16.13
	Default catalog/schema: notificacao_db/public
	Autocommit mode: undefined/unknown
	Isolation level: READ_COMMITTED [default READ_COMMITTED]
	JDBC fetch size: none
	Pool: DataSourceConnectionProvider
	Minimum pool size: undefined/unknown
	Maximum pool size: undefined/unknown
2026-09-17T11:08:44.950-03:00  INFO 6692 --- [notificacao-service] [main] [                                                 ] org.hibernate.orm.core                   : HHH000489: No JTA platform available (set 'hibernate.transaction.jta.platform' to enable JTA platform integration)
2026-09-17T11:08:45.032-03:00  INFO 6692 --- [notificacao-service] [main] [                                                 ] j.LocalContainerEntityManagerFactoryBean : Initialized JPA EntityManagerFactory for persistence unit 'default'
2026-09-17T11:08:45.126-03:00  INFO 6692 --- [notificacao-service] [main] [                                                 ] o.s.d.j.r.query.QueryEnhancerFactories   : Hibernate is in classpath; If applicable, HQL parser will be used.
2026-09-17T11:08:46.780-03:00  INFO 6692 --- [notificacao-service] [main] [                                                 ] o.s.cloud.commons.util.InetUtils         : Cannot determine local hostname
2026-09-17T11:08:48.047-03:00  INFO 6692 --- [notificacao-service] [main] [                                                 ] o.s.cloud.commons.util.InetUtils         : Cannot determine local hostname
2026-09-17T11:08:48.066-03:00  INFO 6692 --- [notificacao-service] [main] [                                                 ] DiscoveryClientOptionalArgsConfiguration : Eureka HTTP Client uses RestClient.
2026-09-17T11:08:48.108-03:00  WARN 6692 --- [notificacao-service] [main] [                                                 ] iguration$LoadBalancerCaffeineWarnLogger : Spring Cloud LoadBalancer is currently working with the default cache. While this cache implementation is useful for development and tests, it's recommended to use Caffeine cache in production.You can switch to using Caffeine cache, by adding it and org.springframework.cache.caffeine.CaffeineCacheManager to the classpath.
2026-09-17T11:08:48.117-03:00  INFO 6692 --- [notificacao-service] [main] [                                                 ] o.s.b.a.e.web.EndpointLinksResolver      : Exposing 3 endpoints beneath base path '/actuator'
2026-09-17T11:08:48.221-03:00  INFO 6692 --- [notificacao-service] [main] [                                                 ] o.s.c.n.eureka.InstanceInfoFactory       : Setting initial instance status as: STARTING
2026-09-17T11:08:48.247-03:00  INFO 6692 --- [notificacao-service] [main] [                                                 ] com.netflix.discovery.DiscoveryClient    : Initializing Eureka in region us-east-1
2026-09-17T11:08:48.251-03:00  INFO 6692 --- [notificacao-service] [main] [                                                 ] c.n.d.s.r.aws.ConfigClusterResolver      : Resolving eureka endpoints via configuration
2026-09-17T11:08:48.259-03:00  INFO 6692 --- [notificacao-service] [main] [                                                 ] com.netflix.discovery.DiscoveryClient    : Disable delta property : false
2026-09-17T11:08:48.260-03:00  INFO 6692 --- [notificacao-service] [main] [                                                 ] com.netflix.discovery.DiscoveryClient    : Single vip registry refresh property : null
2026-09-17T11:08:48.260-03:00  INFO 6692 --- [notificacao-service] [main] [                                                 ] com.netflix.discovery.DiscoveryClient    : Force full registry fetch : false
2026-09-17T11:08:48.260-03:00  INFO 6692 --- [notificacao-service] [main] [                                                 ] com.netflix.discovery.DiscoveryClient    : Application is null : false
2026-09-17T11:08:48.260-03:00  INFO 6692 --- [notificacao-service] [main] [                                                 ] com.netflix.discovery.DiscoveryClient    : Registered Applications size is zero : true
2026-09-17T11:08:48.260-03:00  INFO 6692 --- [notificacao-service] [main] [                                                 ] com.netflix.discovery.DiscoveryClient    : Application version is -1: true
2026-09-17T11:08:48.261-03:00  INFO 6692 --- [notificacao-service] [main] [                                                 ] com.netflix.discovery.DiscoveryClient    : Getting all instance registry info from the eureka server
2026-09-17T11:08:48.575-03:00  INFO 6692 --- [notificacao-service] [main] [                                                 ] com.netflix.discovery.DiscoveryClient    : The response status is 200
2026-09-17T11:08:48.577-03:00  INFO 6692 --- [notificacao-service] [main] [                                                 ] com.netflix.discovery.DiscoveryClient    : Starting heartbeat executor: renew interval is: 30
2026-09-17T11:08:48.580-03:00  INFO 6692 --- [notificacao-service] [main] [                                                 ] c.n.discovery.InstanceInfoReplicator     : InstanceInfoReplicator onDemand update allowed rate per min is 4
2026-09-17T11:08:48.583-03:00  INFO 6692 --- [notificacao-service] [main] [                                                 ] com.netflix.discovery.DiscoveryClient    : Discovery Client initialized at timestamp 1789654128582 with initial instances count: 3
2026-09-17T11:08:48.587-03:00  INFO 6692 --- [notificacao-service] [main] [                                                 ] o.s.c.n.e.s.EurekaServiceRegistry        : Registering application NOTIFICACAO-SERVICE with eureka with status UP
2026-09-17T11:08:48.588-03:00  INFO 6692 --- [notificacao-service] [main] [                                                 ] com.netflix.discovery.DiscoveryClient    : Saw local status change event StatusChangeEvent [timestamp=1789654128588, current=UP, previous=STARTING]
2026-09-17T11:08:48.590-03:00  INFO 6692 --- [notificacao-service] [DiscoveryClient-InstanceInfoReplicator-%d] [                                                 ] com.netflix.discovery.DiscoveryClient    : DiscoveryClient_NOTIFICACAO-SERVICE/localhost:notificacao-service:8082: registering service...
2026-09-17T11:08:48.612-03:00  INFO 6692 --- [notificacao-service] [main] [                                                 ] o.s.boot.tomcat.TomcatWebServer          : Tomcat started on port 8082 (http) with context path '/'
2026-09-17T11:08:48.613-03:00  INFO 6692 --- [notificacao-service] [main] [                                                 ] .s.c.n.e.s.EurekaAutoServiceRegistration : Updating port to 8082
2026-09-17T11:08:48.652-03:00  INFO 6692 --- [notificacao-service] [DiscoveryClient-InstanceInfoReplicator-%d] [                                                 ] com.netflix.discovery.DiscoveryClient    : DiscoveryClient_NOTIFICACAO-SERVICE/localhost:notificacao-service:8082 - registration status: 204
2026-09-17T11:08:49.626-03:00  INFO 6692 --- [notificacao-service] [main] [                                                 ] o.s.cloud.commons.util.InetUtils         : Cannot determine local hostname
2026-09-17T11:08:49.672-03:00  INFO 6692 --- [notificacao-service] [main] [                                                 ] o.a.kafka.common.config.AbstractConfig   : ConsumerConfig values: 
	allow.auto.create.topics = true
	auto.commit.interval.ms = 5000
	auto.offset.reset = earliest
	bootstrap.servers = [localhost:9092]
	check.crcs = true
	client.dns.lookup = use_all_dns_ips
	client.id = consumer-notificacao-service-1
	client.rack = 
	config.providers = []
	connections.max.idle.ms = 540000
	default.api.timeout.ms = 60000
	enable.auto.commit = false
	enable.metrics.push = true
	exclude.internal.topics = true
	fetch.max.bytes = 52428800
	fetch.max.wait.ms = 500
	fetch.min.bytes = 1
	group.id = notificacao-service
	group.instance.id = null
	group.protocol = classic
	group.remote.assignor = null
	heartbeat.interval.ms = 3000
	interceptor.classes = []
	internal.throw.on.fetch.stable.offset.unsupported = false
	isolation.level = read_uncommitted
	key.deserializer = class org.apache.kafka.common.serialization.StringDeserializer
	max.partition.fetch.bytes = 1048576
	max.poll.interval.ms = 300000
	max.poll.records = 500
	metadata.max.age.ms = 300000
	metadata.recovery.rebootstrap.trigger.ms = 300000
	metadata.recovery.strategy = rebootstrap
	metric.reporters = [org.apache.kafka.common.metrics.JmxReporter]
	metrics.num.samples = 2
	metrics.recording.level = INFO
	metrics.sample.window.ms = 30000
	partition.assignment.strategy = [class org.apache.kafka.clients.consumer.RangeAssignor, class org.apache.kafka.clients.consumer.CooperativeStickyAssignor]
	receive.buffer.bytes = 65536
	reconnect.backoff.max.ms = 1000
	reconnect.backoff.ms = 50
	request.timeout.ms = 30000
	retry.backoff.max.ms = 1000
	retry.backoff.ms = 100
	sasl.client.callback.handler.class = null
	sasl.jaas.config = null
	sasl.kerberos.kinit.cmd = /usr/bin/kinit
	sasl.kerberos.min.time.before.relogin = 60000
	sasl.kerberos.service.name = null
	sasl.kerberos.ticket.renew.jitter = 0.05
	sasl.kerberos.ticket.renew.window.factor = 0.8
	sasl.login.callback.handler.class = null
	sasl.login.class = null
	sasl.login.connect.timeout.ms = null
	sasl.login.read.timeout.ms = null
	sasl.login.refresh.buffer.seconds = 300
	sasl.login.refresh.min.period.seconds = 60
	sasl.login.refresh.window.factor = 0.8
	sasl.login.refresh.window.jitter = 0.05
	sasl.login.retry.backoff.max.ms = 10000
	sasl.login.retry.backoff.ms = 100
	sasl.mechanism = GSSAPI
	sasl.oauthbearer.assertion.algorithm = RS256
	sasl.oauthbearer.assertion.claim.aud = null
	sasl.oauthbearer.assertion.claim.exp.seconds = 300
	sasl.oauthbearer.assertion.claim.iss = null
	sasl.oauthbearer.assertion.claim.jti.include = false
	sasl.oauthbearer.assertion.claim.nbf.seconds = 60
	sasl.oauthbearer.assertion.claim.sub = null
	sasl.oauthbearer.assertion.file = null
	sasl.oauthbearer.assertion.private.key.file = null
	sasl.oauthbearer.assertion.private.key.passphrase = null
	sasl.oauthbearer.assertion.template.file = null
	sasl.oauthbearer.client.credentials.client.id = null
	sasl.oauthbearer.client.credentials.client.secret = null
	sasl.oauthbearer.clock.skew.seconds = 30
	sasl.oauthbearer.expected.audience = []
	sasl.oauthbearer.expected.issuer = null
	sasl.oauthbearer.header.urlencode = false
	sasl.oauthbearer.jwks.endpoint.refresh.ms = 3600000
	sasl.oauthbearer.jwks.endpoint.retry.backoff.max.ms = 10000
	sasl.oauthbearer.jwks.endpoint.retry.backoff.ms = 100
	sasl.oauthbearer.jwks.endpoint.url = null
	sasl.oauthbearer.jwt.retriever.class = class org.apache.kafka.common.security.oauthbearer.DefaultJwtRetriever
	sasl.oauthbearer.jwt.validator.class = class org.apache.kafka.common.security.oauthbearer.DefaultJwtValidator
	sasl.oauthbearer.scope = null
	sasl.oauthbearer.scope.claim.name = scope
	sasl.oauthbearer.sub.claim.name = sub
	sasl.oauthbearer.token.endpoint.url = null
	security.protocol = PLAINTEXT
	security.providers = null
	send.buffer.bytes = 131072
	session.timeout.ms = 45000
	share.acknowledgement.mode = implicit
	share.acquire.mode = BATCH_OPTIMIZED
	socket.connection.setup.timeout.max.ms = 30000
	socket.connection.setup.timeout.ms = 10000
	ssl.cipher.suites = []
	ssl.enabled.protocols = [TLSv1.2, TLSv1.3]
	ssl.endpoint.identification.algorithm = https
	ssl.engine.factory.class = null
	ssl.key.password = null
	ssl.keymanager.algorithm = SunX509
	ssl.keystore.certificate.chain = null
	ssl.keystore.key = null
	ssl.keystore.location = null
	ssl.keystore.password = null
	ssl.keystore.type = JKS
	ssl.protocol = TLSv1.3
	ssl.provider = null
	ssl.secure.random.implementation = null
	ssl.trustmanager.algorithm = PKIX
	ssl.truststore.certificates = null
	ssl.truststore.location = null
	ssl.truststore.password = null
	ssl.truststore.type = JKS
	value.deserializer = class org.apache.kafka.common.serialization.StringDeserializer

2026-09-17T11:08:49.734-03:00  INFO 6692 --- [notificacao-service] [main] [                                                 ] o.a.k.c.t.i.KafkaMetricsCollector        : initializing Kafka metrics collector
2026-09-17T11:08:49.914-03:00  INFO 6692 --- [notificacao-service] [main] [                                                 ] o.a.kafka.common.utils.AppInfoParser     : Kafka version: 4.2.1
2026-09-17T11:08:49.915-03:00  INFO 6692 --- [notificacao-service] [main] [                                                 ] o.a.kafka.common.utils.AppInfoParser     : Kafka commitId: 92f61c44867f39dc
2026-09-17T11:08:49.915-03:00  INFO 6692 --- [notificacao-service] [main] [                                                 ] o.a.kafka.common.utils.AppInfoParser     : Kafka startTimeMs: 1789654129913
2026-09-17T11:08:49.927-03:00  INFO 6692 --- [notificacao-service] [main] [                                                 ] o.a.k.c.c.i.ClassicKafkaConsumer         : [Consumer clientId=consumer-notificacao-service-1, groupId=notificacao-service] Subscribed to topic(s): contrato-eventos
2026-09-17T11:08:49.945-03:00  INFO 6692 --- [notificacao-service] [main] [                                                 ] b.c.f.n.NotificacaoApplication           : Started NotificacaoApplication in 12.179 seconds (process running for 12.87)
2026-09-17T11:08:50.326-03:00  INFO 6692 --- [notificacao-service] [org.springframework.kafka.KafkaListenerEndpointContainer#0-0-C-1] [                                                 ] org.apache.kafka.clients.Metadata        : [Consumer clientId=consumer-notificacao-service-1, groupId=notificacao-service] Cluster ID: 5L6g3nShT-eMCtK--X86sw
2026-09-17T11:08:50.329-03:00  INFO 6692 --- [notificacao-service] [org.springframework.kafka.KafkaListenerEndpointContainer#0-0-C-1] [                                                 ] o.a.k.c.c.internals.ConsumerCoordinator  : [Consumer clientId=consumer-notificacao-service-1, groupId=notificacao-service] Discovered group coordinator localhost:9092 (id: 2147483646 rack: null isFenced: false)
2026-09-17T11:08:50.332-03:00  INFO 6692 --- [notificacao-service] [org.springframework.kafka.KafkaListenerEndpointContainer#0-0-C-1] [                                                 ] o.a.k.c.c.internals.ConsumerCoordinator  : [Consumer clientId=consumer-notificacao-service-1, groupId=notificacao-service] (Re-)joining group
2026-09-17T11:08:50.349-03:00  INFO 6692 --- [notificacao-service] [org.springframework.kafka.KafkaListenerEndpointContainer#0-0-C-1] [                                                 ] o.a.k.c.c.internals.ConsumerCoordinator  : [Consumer clientId=consumer-notificacao-service-1, groupId=notificacao-service] Request joining group due to: need to re-join with the given member-id: consumer-notificacao-service-1-69f2fabe-dc5b-4186-bd6f-e2588649cba1
2026-09-17T11:08:50.350-03:00  INFO 6692 --- [notificacao-service] [org.springframework.kafka.KafkaListenerEndpointContainer#0-0-C-1] [                                                 ] o.a.k.c.c.internals.ConsumerCoordinator  : [Consumer clientId=consumer-notificacao-service-1, groupId=notificacao-service] (Re-)joining group
2026-09-17T11:08:50.354-03:00  INFO 6692 --- [notificacao-service] [org.springframework.kafka.KafkaListenerEndpointContainer#0-0-C-1] [                                                 ] o.a.k.c.c.internals.ConsumerCoordinator  : [Consumer clientId=consumer-notificacao-service-1, groupId=notificacao-service] Successfully joined group with generation Generation{generationId=5, memberId='consumer-notificacao-service-1-69f2fabe-dc5b-4186-bd6f-e2588649cba1', protocol='range'}
2026-09-17T11:08:50.363-03:00  INFO 6692 --- [notificacao-service] [org.springframework.kafka.KafkaListenerEndpointContainer#0-0-C-1] [                                                 ] o.a.k.c.c.internals.ConsumerCoordinator  : [Consumer clientId=consumer-notificacao-service-1, groupId=notificacao-service] Finished assignment for group at generation 5: {consumer-notificacao-service-1-69f2fabe-dc5b-4186-bd6f-e2588649cba1=Assignment(partitions=[contrato-eventos-0])}
2026-09-17T11:08:50.370-03:00  INFO 6692 --- [notificacao-service] [org.springframework.kafka.KafkaListenerEndpointContainer#0-0-C-1] [                                                 ] o.a.k.c.c.internals.ConsumerCoordinator  : [Consumer clientId=consumer-notificacao-service-1, groupId=notificacao-service] Successfully synced group in generation Generation{generationId=5, memberId='consumer-notificacao-service-1-69f2fabe-dc5b-4186-bd6f-e2588649cba1', protocol='range'}
2026-09-17T11:08:50.372-03:00  INFO 6692 --- [notificacao-service] [org.springframework.kafka.KafkaListenerEndpointContainer#0-0-C-1] [                                                 ] o.a.k.c.c.internals.ConsumerCoordinator  : [Consumer clientId=consumer-notificacao-service-1, groupId=notificacao-service] Notifying assignor about the new Assignment(partitions=[contrato-eventos-0])
2026-09-17T11:08:50.374-03:00  INFO 6692 --- [notificacao-service] [org.springframework.kafka.KafkaListenerEndpointContainer#0-0-C-1] [                                                 ] k.c.c.i.ConsumerRebalanceListenerInvoker : [Consumer clientId=consumer-notificacao-service-1, groupId=notificacao-service] Adding newly assigned partitions: [contrato-eventos-0]
2026-09-17T11:08:50.385-03:00  INFO 6692 --- [notificacao-service] [org.springframework.kafka.KafkaListenerEndpointContainer#0-0-C-1] [                                                 ] o.a.k.c.c.internals.ConsumerUtils        : Setting offset for partition contrato-eventos-0 to the committed offset FetchPosition{offset=10, offsetEpoch=Optional.empty, currentLeader=LeaderAndEpoch{leader=Optional[localhost:9092 (id: 1 rack: null isFenced: false)], epoch=0}}
2026-09-17T11:08:50.388-03:00  INFO 6692 --- [notificacao-service] [org.springframework.kafka.KafkaListenerEndpointContainer#0-0-C-1] [                                                 ] o.s.k.l.KafkaMessageListenerContainer    : notificacao-service: partitions assigned: [contrato-eventos-0]
2026-09-17T11:13:48.273-03:00  INFO 6692 --- [notificacao-service] [AsyncResolver-bootstrap-executor-%d] [                                                 ] c.n.d.s.r.aws.ConfigClusterResolver      : Resolving eureka endpoints via configuration
2026-09-17T11:18:48.289-03:00  INFO 6692 --- [notificacao-service] [AsyncResolver-bootstrap-executor-%d] [                                                 ] c.n.d.s.r.aws.ConfigClusterResolver      : Resolving eureka endpoints via configuration
2026-09-17T11:23:48.301-03:00  INFO 6692 --- [notificacao-service] [AsyncResolver-bootstrap-executor-%d] [                                                 ] c.n.d.s.r.aws.ConfigClusterResolver      : Resolving eureka endpoints via configuration
2026-09-17T11:28:48.313-03:00  INFO 6692 --- [notificacao-service] [AsyncResolver-bootstrap-executor-%d] [                                                 ] c.n.d.s.r.aws.ConfigClusterResolver      : Resolving eureka endpoints via configuration
2026-09-17T11:30:13.814-03:00  INFO 6692 --- [notificacao-service] [SpringApplicationShutdownHook] [                                                 ] o.s.c.n.e.s.EurekaServiceRegistry        : Unregistering application NOTIFICACAO-SERVICE with eureka with status DOWN
2026-09-17T11:30:13.815-03:00  INFO 6692 --- [notificacao-service] [SpringApplicationShutdownHook] [                                                 ] com.netflix.discovery.DiscoveryClient    : Saw local status change event StatusChangeEvent [timestamp=1789655413815, current=DOWN, previous=UP]
2026-09-17T11:30:13.815-03:00  INFO 6692 --- [notificacao-service] [DiscoveryClient-InstanceInfoReplicator-%d] [                                                 ] com.netflix.discovery.DiscoveryClient    : DiscoveryClient_NOTIFICACAO-SERVICE/localhost:notificacao-service:8082: registering service...
2026-09-17T11:30:13.820-03:00  INFO 6692 --- [notificacao-service] [org.springframework.kafka.KafkaListenerEndpointContainer#0-0-C-1] [                                                 ] k.c.c.i.ConsumerRebalanceListenerInvoker : [Consumer clientId=consumer-notificacao-service-1, groupId=notificacao-service] Revoke previously assigned partitions [contrato-eventos-0]
2026-09-17T11:30:13.821-03:00  INFO 6692 --- [notificacao-service] [org.springframework.kafka.KafkaListenerEndpointContainer#0-0-C-1] [                                                 ] o.s.k.l.KafkaMessageListenerContainer    : notificacao-service: partitions revoked: [contrato-eventos-0]
2026-09-17T11:30:13.823-03:00  INFO 6692 --- [notificacao-service] [DiscoveryClient-InstanceInfoReplicator-%d] [                                                 ] com.netflix.discovery.DiscoveryClient    : DiscoveryClient_NOTIFICACAO-SERVICE/localhost:notificacao-service:8082 - registration status: 204
2026-09-17T11:30:13.823-03:00  INFO 6692 --- [notificacao-service] [org.springframework.kafka.KafkaListenerEndpointContainer#0-0-C-1] [                                                 ] o.a.k.c.c.internals.ConsumerCoordinator  : [Consumer clientId=consumer-notificacao-service-1, groupId=notificacao-service] Member consumer-notificacao-service-1-69f2fabe-dc5b-4186-bd6f-e2588649cba1 sending LeaveGroup request to coordinator localhost:9092 (id: 2147483646 rack: null isFenced: false) due to the consumer unsubscribed from all topics
2026-09-17T11:30:13.824-03:00  INFO 6692 --- [notificacao-service] [org.springframework.kafka.KafkaListenerEndpointContainer#0-0-C-1] [                                                 ] o.a.k.c.c.internals.ConsumerCoordinator  : [Consumer clientId=consumer-notificacao-service-1, groupId=notificacao-service] Resetting generation and member id due to: consumer pro-actively leaving the group
2026-09-17T11:30:13.824-03:00  INFO 6692 --- [notificacao-service] [org.springframework.kafka.KafkaListenerEndpointContainer#0-0-C-1] [                                                 ] o.a.k.c.c.internals.ConsumerCoordinator  : [Consumer clientId=consumer-notificacao-service-1, groupId=notificacao-service] Request joining group due to: consumer pro-actively leaving the group
2026-09-17T11:30:13.825-03:00  INFO 6692 --- [notificacao-service] [org.springframework.kafka.KafkaListenerEndpointContainer#0-0-C-1] [                                                 ] o.a.k.c.c.i.ClassicKafkaConsumer         : [Consumer clientId=consumer-notificacao-service-1, groupId=notificacao-service] Unsubscribed all topics or patterns and assigned partitions
2026-09-17T11:30:13.827-03:00  INFO 6692 --- [notificacao-service] [org.springframework.kafka.KafkaListenerEndpointContainer#0-0-C-1] [                                                 ] o.a.k.c.c.internals.ConsumerCoordinator  : [Consumer clientId=consumer-notificacao-service-1, groupId=notificacao-service] Resetting generation and member id due to: consumer pro-actively leaving the group
2026-09-17T11:30:13.827-03:00  INFO 6692 --- [notificacao-service] [org.springframework.kafka.KafkaListenerEndpointContainer#0-0-C-1] [                                                 ] o.a.k.c.c.internals.ConsumerCoordinator  : [Consumer clientId=consumer-notificacao-service-1, groupId=notificacao-service] Request joining group due to: consumer pro-actively leaving the group
2026-09-17T11:30:13.972-03:00  INFO 6692 --- [notificacao-service] [org.springframework.kafka.KafkaListenerEndpointContainer#0-0-C-1] [                                                 ] o.apache.kafka.common.metrics.Metrics    : Metrics scheduler closed
2026-09-17T11:30:13.972-03:00  INFO 6692 --- [notificacao-service] [org.springframework.kafka.KafkaListenerEndpointContainer#0-0-C-1] [                                                 ] o.apache.kafka.common.metrics.Metrics    : Closing reporter org.apache.kafka.common.metrics.JmxReporter
2026-09-17T11:30:13.973-03:00  INFO 6692 --- [notificacao-service] [org.springframework.kafka.KafkaListenerEndpointContainer#0-0-C-1] [                                                 ] o.apache.kafka.common.metrics.Metrics    : Closing reporter org.apache.kafka.common.telemetry.internals.ClientTelemetryReporter
2026-09-17T11:30:13.973-03:00  INFO 6692 --- [notificacao-service] [org.springframework.kafka.KafkaListenerEndpointContainer#0-0-C-1] [                                                 ] o.apache.kafka.common.metrics.Metrics    : Metrics reporters closed
2026-09-17T11:30:13.980-03:00  INFO 6692 --- [notificacao-service] [org.springframework.kafka.KafkaListenerEndpointContainer#0-0-C-1] [                                                 ] o.a.kafka.common.utils.AppInfoParser     : App info kafka.consumer for consumer-notificacao-service-1 unregistered
2026-09-17T11:30:13.981-03:00  INFO 6692 --- [notificacao-service] [org.springframework.kafka.KafkaListenerEndpointContainer#0-0-C-1] [                                                 ] o.s.k.l.KafkaMessageListenerContainer    : notificacao-service: Consumer stopped
2026-09-17T11:30:13.983-03:00  INFO 6692 --- [notificacao-service] [SpringApplicationShutdownHook] [                                                 ] o.s.boot.tomcat.GracefulShutdown         : Commencing graceful shutdown. Waiting for active requests to complete
2026-09-17T11:30:13.996-03:00  INFO 6692 --- [notificacao-service] [tomcat-shutdown] [                                                 ] o.s.boot.tomcat.GracefulShutdown         : Graceful shutdown complete
2026-09-17T11:30:14.004-03:00  INFO 6692 --- [notificacao-service] [SpringApplicationShutdownHook] [                                                 ] j.LocalContainerEntityManagerFactoryBean : Closing JPA EntityManagerFactory for persistence unit 'default'
2026-09-17T11:30:14.007-03:00  INFO 6692 --- [notificacao-service] [SpringApplicationShutdownHook] [                                                 ] com.zaxxer.hikari.HikariDataSource       : HikariPool-1 - Shutdown initiated...
2026-09-17T11:30:14.012-03:00  INFO 6692 --- [notificacao-service] [SpringApplicationShutdownHook] [                                                 ] com.zaxxer.hikari.HikariDataSource       : HikariPool-1 - Shutdown completed.
2026-09-17T11:30:15.019-03:00  INFO 6692 --- [notificacao-service] [SpringApplicationShutdownHook] [                                                 ] com.netflix.discovery.DiscoveryClient    : Shutting down DiscoveryClient ...
2026-09-17T11:30:18.024-03:00  INFO 6692 --- [notificacao-service] [SpringApplicationShutdownHook] [                                                 ] com.netflix.discovery.DiscoveryClient    : Unregistering ...
2026-09-17T11:30:18.042-03:00  INFO 6692 --- [notificacao-service] [SpringApplicationShutdownHook] [                                                 ] com.netflix.discovery.DiscoveryClient    : DiscoveryClient_NOTIFICACAO-SERVICE/localhost:notificacao-service:8082 - deregister  status: 200
2026-09-17T11:30:18.042-03:00  INFO 6692 --- [notificacao-service] [SpringApplicationShutdownHook] [                                                 ] com.netflix.discovery.DiscoveryClient    : Completed shut down of DiscoveryClient
2026-09-17 11:36:27.068 INFO  service=notificacao-service correlationId= thread=main logger=b.c.f.n.NotificacaoApplication - Starting NotificacaoApplication using Java 21.0.8 with PID 28388 (D:\Faculdade\TPs e ATs\8 semestre\Domain-Driven Design (DDD) e Arquitetura de Softwares Escaláveis com Java\AT\freela-marketplace-assessment\notificacao-service\target\classes started by diego in D:\Faculdade\TPs e ATs\8 semestre\Domain-Driven Design (DDD) e Arquitetura de Softwares Escaláveis com Java\AT\freela-marketplace-assessment\notificacao-service)
2026-09-17 11:36:27.072 INFO  service=notificacao-service correlationId= thread=main logger=b.c.f.n.NotificacaoApplication - No active profile set, falling back to 1 default profile: "default"
2026-09-17 11:36:27.927 INFO  service=notificacao-service correlationId= thread=main logger=o.s.d.r.c.RepositoryConfigurationDelegate - Bootstrapping Spring Data JPA repositories in DEFAULT mode.
2026-09-17 11:36:28.059 INFO  service=notificacao-service correlationId= thread=main logger=o.s.d.r.c.RepositoryConfigurationDelegate - Finished Spring Data repository scanning in 124 ms. Found 2 JPA repository interfaces.
2026-09-17 11:36:28.444 INFO  service=notificacao-service correlationId= thread=main logger=o.s.cloud.context.scope.GenericScope - BeanFactory id=8ce0cc9b-aceb-34f7-a229-94685c7ac481
2026-09-17 11:36:28.844 INFO  service=notificacao-service correlationId= thread=main logger=o.s.boot.tomcat.TomcatWebServer - Tomcat initialized with port 8082 (http)
2026-09-17 11:36:28.862 INFO  service=notificacao-service correlationId= thread=main logger=o.a.catalina.core.StandardService - Starting service [Tomcat]
2026-09-17 11:36:28.862 INFO  service=notificacao-service correlationId= thread=main logger=o.a.catalina.core.StandardEngine - Starting Servlet engine: [Apache Tomcat/11.0.22]
2026-09-17 11:36:28.950 INFO  service=notificacao-service correlationId= thread=main logger=o.s.b.w.c.s.WebApplicationContextInitializer - Root WebApplicationContext: initialization completed in 1829 ms
2026-09-17 11:36:29.537 INFO  service=notificacao-service correlationId= thread=main logger=org.hibernate.orm.jpa - HHH008540: Processing PersistenceUnitInfo [name: default]
2026-09-17 11:36:29.593 INFO  service=notificacao-service correlationId= thread=main logger=org.hibernate.orm.core - HHH000001: Hibernate ORM core version 7.4.1.Final
2026-09-17 11:36:30.045 INFO  service=notificacao-service correlationId= thread=main logger=o.s.o.j.p.SpringPersistenceUnitInfo - No LoadTimeWeaver setup: ignoring JPA class transformer
2026-09-17 11:36:30.083 INFO  service=notificacao-service correlationId= thread=main logger=com.zaxxer.hikari.HikariDataSource - HikariPool-1 - Starting...
2026-09-17 11:36:30.252 INFO  service=notificacao-service correlationId= thread=main logger=com.zaxxer.hikari.pool.HikariPool - HikariPool-1 - Added connection org.postgresql.jdbc.PgConnection@5d10df04
2026-09-17 11:36:30.253 INFO  service=notificacao-service correlationId= thread=main logger=com.zaxxer.hikari.HikariDataSource - HikariPool-1 - Start completed.
2026-09-17 11:36:30.332 INFO  service=notificacao-service correlationId= thread=main logger=o.hibernate.orm.connections.pooling - HHH10001005: Database info:
	Database JDBC URL [jdbc:postgresql://localhost:5432/notificacao_db]
	Database driver: PostgreSQL JDBC Driver
	Database dialect: PostgreSQLDialect
	Database version: 16.13
	Default catalog/schema: notificacao_db/public
	Autocommit mode: undefined/unknown
	Isolation level: READ_COMMITTED [default READ_COMMITTED]
	JDBC fetch size: none
	Pool: DataSourceConnectionProvider
	Minimum pool size: undefined/unknown
	Maximum pool size: undefined/unknown
2026-09-17 11:36:31.502 INFO  service=notificacao-service correlationId= thread=main logger=org.hibernate.orm.core - HHH000489: No JTA platform available (set 'hibernate.transaction.jta.platform' to enable JTA platform integration)
2026-09-17 11:36:31.565 INFO  service=notificacao-service correlationId= thread=main logger=o.s.o.j.LocalContainerEntityManagerFactoryBean - Initialized JPA EntityManagerFactory for persistence unit 'default'
2026-09-17 11:36:31.648 INFO  service=notificacao-service correlationId= thread=main logger=o.s.d.j.r.q.QueryEnhancerFactories - Hibernate is in classpath; If applicable, HQL parser will be used.
2026-09-17 11:36:33.441 INFO  service=notificacao-service correlationId= thread=main logger=o.s.cloud.commons.util.InetUtils - Cannot determine local hostname
2026-09-17 11:36:34.693 INFO  service=notificacao-service correlationId= thread=main logger=o.s.cloud.commons.util.InetUtils - Cannot determine local hostname
2026-09-17 11:36:34.724 INFO  service=notificacao-service correlationId= thread=main logger=o.s.c.n.e.c.DiscoveryClientOptionalArgsConfiguration - Eureka HTTP Client uses RestClient.
2026-09-17 11:36:34.785 WARN  service=notificacao-service correlationId= thread=main logger=o.s.c.l.c.LoadBalancerCacheAutoConfiguration$LoadBalancerCaffeineWarnLogger - Spring Cloud LoadBalancer is currently working with the default cache. While this cache implementation is useful for development and tests, it's recommended to use Caffeine cache in production.You can switch to using Caffeine cache, by adding it and org.springframework.cache.caffeine.CaffeineCacheManager to the classpath.
2026-09-17 11:36:34.795 INFO  service=notificacao-service correlationId= thread=main logger=o.s.b.a.e.web.EndpointLinksResolver - Exposing 3 endpoints beneath base path '/actuator'
2026-09-17 11:36:34.932 INFO  service=notificacao-service correlationId= thread=main logger=o.s.c.n.eureka.InstanceInfoFactory - Setting initial instance status as: STARTING
2026-09-17 11:36:34.974 INFO  service=notificacao-service correlationId= thread=main logger=c.netflix.discovery.DiscoveryClient - Initializing Eureka in region us-east-1
2026-09-17 11:36:34.980 INFO  service=notificacao-service correlationId= thread=main logger=c.n.d.s.r.aws.ConfigClusterResolver - Resolving eureka endpoints via configuration
2026-09-17 11:36:34.993 INFO  service=notificacao-service correlationId= thread=main logger=c.netflix.discovery.DiscoveryClient - Disable delta property : false
2026-09-17 11:36:34.994 INFO  service=notificacao-service correlationId= thread=main logger=c.netflix.discovery.DiscoveryClient - Single vip registry refresh property : null
2026-09-17 11:36:34.995 INFO  service=notificacao-service correlationId= thread=main logger=c.netflix.discovery.DiscoveryClient - Force full registry fetch : false
2026-09-17 11:36:34.996 INFO  service=notificacao-service correlationId= thread=main logger=c.netflix.discovery.DiscoveryClient - Application is null : false
2026-09-17 11:36:34.997 INFO  service=notificacao-service correlationId= thread=main logger=c.netflix.discovery.DiscoveryClient - Registered Applications size is zero : true
2026-09-17 11:36:34.997 INFO  service=notificacao-service correlationId= thread=main logger=c.netflix.discovery.DiscoveryClient - Application version is -1: true
2026-09-17 11:36:34.997 INFO  service=notificacao-service correlationId= thread=main logger=c.netflix.discovery.DiscoveryClient - Getting all instance registry info from the eureka server
2026-09-17 11:36:35.353 INFO  service=notificacao-service correlationId= thread=main logger=c.netflix.discovery.DiscoveryClient - The response status is 200
2026-09-17 11:36:35.356 INFO  service=notificacao-service correlationId= thread=main logger=c.netflix.discovery.DiscoveryClient - Starting heartbeat executor: renew interval is: 30
2026-09-17 11:36:35.358 INFO  service=notificacao-service correlationId= thread=main logger=c.n.discovery.InstanceInfoReplicator - InstanceInfoReplicator onDemand update allowed rate per min is 4
2026-09-17 11:36:35.361 INFO  service=notificacao-service correlationId= thread=main logger=c.netflix.discovery.DiscoveryClient - Discovery Client initialized at timestamp 1789655795360 with initial instances count: 3
2026-09-17 11:36:35.366 INFO  service=notificacao-service correlationId= thread=main logger=o.s.c.n.e.s.EurekaServiceRegistry - Registering application NOTIFICACAO-SERVICE with eureka with status UP
2026-09-17 11:36:35.367 INFO  service=notificacao-service correlationId= thread=main logger=c.netflix.discovery.DiscoveryClient - Saw local status change event StatusChangeEvent [timestamp=1789655795367, current=UP, previous=STARTING]
2026-09-17 11:36:35.369 INFO  service=notificacao-service correlationId= thread=DiscoveryClient-InstanceInfoReplicator-%d logger=c.netflix.discovery.DiscoveryClient - DiscoveryClient_NOTIFICACAO-SERVICE/localhost:notificacao-service:8082: registering service...
2026-09-17 11:36:35.381 INFO  service=notificacao-service correlationId= thread=main logger=o.s.boot.tomcat.TomcatWebServer - Tomcat started on port 8082 (http) with context path '/'
2026-09-17 11:36:35.382 INFO  service=notificacao-service correlationId= thread=main logger=o.s.c.n.e.s.EurekaAutoServiceRegistration - Updating port to 8082
2026-09-17 11:36:35.411 INFO  service=notificacao-service correlationId= thread=DiscoveryClient-InstanceInfoReplicator-%d logger=c.netflix.discovery.DiscoveryClient - DiscoveryClient_NOTIFICACAO-SERVICE/localhost:notificacao-service:8082 - registration status: 204
2026-09-17 11:36:36.395 INFO  service=notificacao-service correlationId= thread=main logger=o.s.cloud.commons.util.InetUtils - Cannot determine local hostname
2026-09-17 11:36:36.454 INFO  service=notificacao-service correlationId= thread=main logger=o.a.k.common.config.AbstractConfig - ConsumerConfig values: 
	allow.auto.create.topics = true
	auto.commit.interval.ms = 5000
	auto.offset.reset = earliest
	bootstrap.servers = [localhost:9092]
	check.crcs = true
	client.dns.lookup = use_all_dns_ips
	client.id = consumer-notificacao-service-1
	client.rack = 
	config.providers = []
	connections.max.idle.ms = 540000
	default.api.timeout.ms = 60000
	enable.auto.commit = false
	enable.metrics.push = true
	exclude.internal.topics = true
	fetch.max.bytes = 52428800
	fetch.max.wait.ms = 500
	fetch.min.bytes = 1
	group.id = notificacao-service
	group.instance.id = null
	group.protocol = classic
	group.remote.assignor = null
	heartbeat.interval.ms = 3000
	interceptor.classes = []
	internal.throw.on.fetch.stable.offset.unsupported = false
	isolation.level = read_uncommitted
	key.deserializer = class org.apache.kafka.common.serialization.StringDeserializer
	max.partition.fetch.bytes = 1048576
	max.poll.interval.ms = 300000
	max.poll.records = 500
	metadata.max.age.ms = 300000
	metadata.recovery.rebootstrap.trigger.ms = 300000
	metadata.recovery.strategy = rebootstrap
	metric.reporters = [org.apache.kafka.common.metrics.JmxReporter]
	metrics.num.samples = 2
	metrics.recording.level = INFO
	metrics.sample.window.ms = 30000
	partition.assignment.strategy = [class org.apache.kafka.clients.consumer.RangeAssignor, class org.apache.kafka.clients.consumer.CooperativeStickyAssignor]
	receive.buffer.bytes = 65536
	reconnect.backoff.max.ms = 1000
	reconnect.backoff.ms = 50
	request.timeout.ms = 30000
	retry.backoff.max.ms = 1000
	retry.backoff.ms = 100
	sasl.client.callback.handler.class = null
	sasl.jaas.config = null
	sasl.kerberos.kinit.cmd = /usr/bin/kinit
	sasl.kerberos.min.time.before.relogin = 60000
	sasl.kerberos.service.name = null
	sasl.kerberos.ticket.renew.jitter = 0.05
	sasl.kerberos.ticket.renew.window.factor = 0.8
	sasl.login.callback.handler.class = null
	sasl.login.class = null
	sasl.login.connect.timeout.ms = null
	sasl.login.read.timeout.ms = null
	sasl.login.refresh.buffer.seconds = 300
	sasl.login.refresh.min.period.seconds = 60
	sasl.login.refresh.window.factor = 0.8
	sasl.login.refresh.window.jitter = 0.05
	sasl.login.retry.backoff.max.ms = 10000
	sasl.login.retry.backoff.ms = 100
	sasl.mechanism = GSSAPI
	sasl.oauthbearer.assertion.algorithm = RS256
	sasl.oauthbearer.assertion.claim.aud = null
	sasl.oauthbearer.assertion.claim.exp.seconds = 300
	sasl.oauthbearer.assertion.claim.iss = null
	sasl.oauthbearer.assertion.claim.jti.include = false
	sasl.oauthbearer.assertion.claim.nbf.seconds = 60
	sasl.oauthbearer.assertion.claim.sub = null
	sasl.oauthbearer.assertion.file = null
	sasl.oauthbearer.assertion.private.key.file = null
	sasl.oauthbearer.assertion.private.key.passphrase = null
	sasl.oauthbearer.assertion.template.file = null
	sasl.oauthbearer.client.credentials.client.id = null
	sasl.oauthbearer.client.credentials.client.secret = null
	sasl.oauthbearer.clock.skew.seconds = 30
	sasl.oauthbearer.expected.audience = []
	sasl.oauthbearer.expected.issuer = null
	sasl.oauthbearer.header.urlencode = false
	sasl.oauthbearer.jwks.endpoint.refresh.ms = 3600000
	sasl.oauthbearer.jwks.endpoint.retry.backoff.max.ms = 10000
	sasl.oauthbearer.jwks.endpoint.retry.backoff.ms = 100
	sasl.oauthbearer.jwks.endpoint.url = null
	sasl.oauthbearer.jwt.retriever.class = class org.apache.kafka.common.security.oauthbearer.DefaultJwtRetriever
	sasl.oauthbearer.jwt.validator.class = class org.apache.kafka.common.security.oauthbearer.DefaultJwtValidator
	sasl.oauthbearer.scope = null
	sasl.oauthbearer.scope.claim.name = scope
	sasl.oauthbearer.sub.claim.name = sub
	sasl.oauthbearer.token.endpoint.url = null
	security.protocol = PLAINTEXT
	security.providers = null
	send.buffer.bytes = 131072
	session.timeout.ms = 45000
	share.acknowledgement.mode = implicit
	share.acquire.mode = BATCH_OPTIMIZED
	socket.connection.setup.timeout.max.ms = 30000
	socket.connection.setup.timeout.ms = 10000
	ssl.cipher.suites = []
	ssl.enabled.protocols = [TLSv1.2, TLSv1.3]
	ssl.endpoint.identification.algorithm = https
	ssl.engine.factory.class = null
	ssl.key.password = null
	ssl.keymanager.algorithm = SunX509
	ssl.keystore.certificate.chain = null
	ssl.keystore.key = null
	ssl.keystore.location = null
	ssl.keystore.password = null
	ssl.keystore.type = JKS
	ssl.protocol = TLSv1.3
	ssl.provider = null
	ssl.secure.random.implementation = null
	ssl.trustmanager.algorithm = PKIX
	ssl.truststore.certificates = null
	ssl.truststore.location = null
	ssl.truststore.password = null
	ssl.truststore.type = JKS
	value.deserializer = class org.apache.kafka.common.serialization.StringDeserializer

2026-09-17 11:36:36.517 INFO  service=notificacao-service correlationId= thread=main logger=o.a.k.c.t.i.KafkaMetricsCollector - initializing Kafka metrics collector
2026-09-17 11:36:36.702 INFO  service=notificacao-service correlationId= thread=main logger=o.a.kafka.common.utils.AppInfoParser - Kafka version: 4.2.1
2026-09-17 11:36:36.702 INFO  service=notificacao-service correlationId= thread=main logger=o.a.kafka.common.utils.AppInfoParser - Kafka commitId: 92f61c44867f39dc
2026-09-17 11:36:36.703 INFO  service=notificacao-service correlationId= thread=main logger=o.a.kafka.common.utils.AppInfoParser - Kafka startTimeMs: 1789655796699
2026-09-17 11:36:36.719 INFO  service=notificacao-service correlationId= thread=main logger=o.a.k.c.c.i.ClassicKafkaConsumer - [Consumer clientId=consumer-notificacao-service-1, groupId=notificacao-service] Subscribed to topic(s): contrato-eventos
2026-09-17 11:36:36.739 INFO  service=notificacao-service correlationId= thread=main logger=b.c.f.n.NotificacaoApplication - Started NotificacaoApplication in 11.288 seconds (process running for 11.99)
2026-09-17 11:36:37.320 INFO  service=notificacao-service correlationId= thread=org.springframework.kafka.KafkaListenerEndpointContainer#0-0-C-1 logger=org.apache.kafka.clients.Metadata - [Consumer clientId=consumer-notificacao-service-1, groupId=notificacao-service] Cluster ID: 5L6g3nShT-eMCtK--X86sw
2026-09-17 11:36:37.323 INFO  service=notificacao-service correlationId= thread=org.springframework.kafka.KafkaListenerEndpointContainer#0-0-C-1 logger=o.a.k.c.c.i.ConsumerCoordinator - [Consumer clientId=consumer-notificacao-service-1, groupId=notificacao-service] Discovered group coordinator localhost:9092 (id: 2147483646 rack: null isFenced: false)
2026-09-17 11:36:37.329 INFO  service=notificacao-service correlationId= thread=org.springframework.kafka.KafkaListenerEndpointContainer#0-0-C-1 logger=o.a.k.c.c.i.ConsumerCoordinator - [Consumer clientId=consumer-notificacao-service-1, groupId=notificacao-service] (Re-)joining group
2026-09-17 11:36:37.382 INFO  service=notificacao-service correlationId= thread=org.springframework.kafka.KafkaListenerEndpointContainer#0-0-C-1 logger=o.a.k.c.c.i.ConsumerCoordinator - [Consumer clientId=consumer-notificacao-service-1, groupId=notificacao-service] Request joining group due to: need to re-join with the given member-id: consumer-notificacao-service-1-c1b30872-8828-4e3e-98ad-cbb0f77b24d4
2026-09-17 11:36:37.382 INFO  service=notificacao-service correlationId= thread=org.springframework.kafka.KafkaListenerEndpointContainer#0-0-C-1 logger=o.a.k.c.c.i.ConsumerCoordinator - [Consumer clientId=consumer-notificacao-service-1, groupId=notificacao-service] (Re-)joining group
2026-09-17 11:36:37.397 INFO  service=notificacao-service correlationId= thread=org.springframework.kafka.KafkaListenerEndpointContainer#0-0-C-1 logger=o.a.k.c.c.i.ConsumerCoordinator - [Consumer clientId=consumer-notificacao-service-1, groupId=notificacao-service] Successfully joined group with generation Generation{generationId=7, memberId='consumer-notificacao-service-1-c1b30872-8828-4e3e-98ad-cbb0f77b24d4', protocol='range'}
2026-09-17 11:36:37.416 INFO  service=notificacao-service correlationId= thread=org.springframework.kafka.KafkaListenerEndpointContainer#0-0-C-1 logger=o.a.k.c.c.i.ConsumerCoordinator - [Consumer clientId=consumer-notificacao-service-1, groupId=notificacao-service] Finished assignment for group at generation 7: {consumer-notificacao-service-1-c1b30872-8828-4e3e-98ad-cbb0f77b24d4=Assignment(partitions=[contrato-eventos-0])}
2026-09-17 11:36:37.432 INFO  service=notificacao-service correlationId= thread=org.springframework.kafka.KafkaListenerEndpointContainer#0-0-C-1 logger=o.a.k.c.c.i.ConsumerCoordinator - [Consumer clientId=consumer-notificacao-service-1, groupId=notificacao-service] Successfully synced group in generation Generation{generationId=7, memberId='consumer-notificacao-service-1-c1b30872-8828-4e3e-98ad-cbb0f77b24d4', protocol='range'}
2026-09-17 11:36:37.433 INFO  service=notificacao-service correlationId= thread=org.springframework.kafka.KafkaListenerEndpointContainer#0-0-C-1 logger=o.a.k.c.c.i.ConsumerCoordinator - [Consumer clientId=consumer-notificacao-service-1, groupId=notificacao-service] Notifying assignor about the new Assignment(partitions=[contrato-eventos-0])
2026-09-17 11:36:37.436 INFO  service=notificacao-service correlationId= thread=org.springframework.kafka.KafkaListenerEndpointContainer#0-0-C-1 logger=o.a.k.c.c.i.ConsumerRebalanceListenerInvoker - [Consumer clientId=consumer-notificacao-service-1, groupId=notificacao-service] Adding newly assigned partitions: [contrato-eventos-0]
2026-09-17 11:36:37.452 INFO  service=notificacao-service correlationId= thread=org.springframework.kafka.KafkaListenerEndpointContainer#0-0-C-1 logger=o.a.k.c.c.internals.ConsumerUtils - Setting offset for partition contrato-eventos-0 to the committed offset FetchPosition{offset=10, offsetEpoch=Optional.empty, currentLeader=LeaderAndEpoch{leader=Optional[localhost:9092 (id: 1 rack: null isFenced: false)], epoch=0}}
2026-09-17 11:36:37.461 INFO  service=notificacao-service correlationId= thread=org.springframework.kafka.KafkaListenerEndpointContainer#0-0-C-1 logger=o.s.k.l.KafkaMessageListenerContainer - notificacao-service: partitions assigned: [contrato-eventos-0]
2026-09-17 11:38:18.058 INFO  service=notificacao-service correlationId= thread=org.springframework.kafka.KafkaListenerEndpointContainer#0-0-C-1 logger=o.a.k.common.config.AbstractConfig - AdminClientConfig values: 
	bootstrap.controllers = []
	bootstrap.servers = [localhost:9092]
	client.dns.lookup = use_all_dns_ips
	client.id = notificacao-service-admin-0
	config.providers = []
	connections.max.idle.ms = 300000
	default.api.timeout.ms = 60000
	enable.metrics.push = false
	metadata.max.age.ms = 300000
	metadata.recovery.rebootstrap.trigger.ms = 300000
	metadata.recovery.strategy = rebootstrap
	metric.reporters = [org.apache.kafka.common.metrics.JmxReporter]
	metrics.num.samples = 2
	metrics.recording.level = INFO
	metrics.sample.window.ms = 30000
	receive.buffer.bytes = 65536
	reconnect.backoff.max.ms = 1000
	reconnect.backoff.ms = 50
	request.timeout.ms = 30000
	retries = 2147483647
	retry.backoff.max.ms = 1000
	retry.backoff.ms = 100
	sasl.client.callback.handler.class = null
	sasl.jaas.config = null
	sasl.kerberos.kinit.cmd = /usr/bin/kinit
	sasl.kerberos.min.time.before.relogin = 60000
	sasl.kerberos.service.name = null
	sasl.kerberos.ticket.renew.jitter = 0.05
	sasl.kerberos.ticket.renew.window.factor = 0.8
	sasl.login.callback.handler.class = null
	sasl.login.class = null
	sasl.login.connect.timeout.ms = null
	sasl.login.read.timeout.ms = null
	sasl.login.refresh.buffer.seconds = 300
	sasl.login.refresh.min.period.seconds = 60
	sasl.login.refresh.window.factor = 0.8
	sasl.login.refresh.window.jitter = 0.05
	sasl.login.retry.backoff.max.ms = 10000
	sasl.login.retry.backoff.ms = 100
	sasl.mechanism = GSSAPI
	sasl.oauthbearer.assertion.algorithm = RS256
	sasl.oauthbearer.assertion.claim.aud = null
	sasl.oauthbearer.assertion.claim.exp.seconds = 300
	sasl.oauthbearer.assertion.claim.iss = null
	sasl.oauthbearer.assertion.claim.jti.include = false
	sasl.oauthbearer.assertion.claim.nbf.seconds = 60
	sasl.oauthbearer.assertion.claim.sub = null
	sasl.oauthbearer.assertion.file = null
	sasl.oauthbearer.assertion.private.key.file = null
	sasl.oauthbearer.assertion.private.key.passphrase = null
	sasl.oauthbearer.assertion.template.file = null
	sasl.oauthbearer.client.credentials.client.id = null
	sasl.oauthbearer.client.credentials.client.secret = null
	sasl.oauthbearer.clock.skew.seconds = 30
	sasl.oauthbearer.expected.audience = []
	sasl.oauthbearer.expected.issuer = null
	sasl.oauthbearer.header.urlencode = false
	sasl.oauthbearer.jwks.endpoint.refresh.ms = 3600000
	sasl.oauthbearer.jwks.endpoint.retry.backoff.max.ms = 10000
	sasl.oauthbearer.jwks.endpoint.retry.backoff.ms = 100
	sasl.oauthbearer.jwks.endpoint.url = null
	sasl.oauthbearer.jwt.retriever.class = class org.apache.kafka.common.security.oauthbearer.DefaultJwtRetriever
	sasl.oauthbearer.jwt.validator.class = class org.apache.kafka.common.security.oauthbearer.DefaultJwtValidator
	sasl.oauthbearer.scope = null
	sasl.oauthbearer.scope.claim.name = scope
	sasl.oauthbearer.sub.claim.name = sub
	sasl.oauthbearer.token.endpoint.url = null
	security.protocol = PLAINTEXT
	security.providers = null
	send.buffer.bytes = 131072
	socket.connection.setup.timeout.max.ms = 30000
	socket.connection.setup.timeout.ms = 10000
	ssl.cipher.suites = []
	ssl.enabled.protocols = [TLSv1.2, TLSv1.3]
	ssl.endpoint.identification.algorithm = https
	ssl.engine.factory.class = null
	ssl.key.password = null
	ssl.keymanager.algorithm = SunX509
	ssl.keystore.certificate.chain = null
	ssl.keystore.key = null
	ssl.keystore.location = null
	ssl.keystore.password = null
	ssl.keystore.type = JKS
	ssl.protocol = TLSv1.3
	ssl.provider = null
	ssl.secure.random.implementation = null
	ssl.trustmanager.algorithm = PKIX
	ssl.truststore.certificates = null
	ssl.truststore.location = null
	ssl.truststore.password = null
	ssl.truststore.type = JKS

2026-09-17 11:38:18.096 INFO  service=notificacao-service correlationId= thread=org.springframework.kafka.KafkaListenerEndpointContainer#0-0-C-1 logger=o.a.kafka.common.utils.AppInfoParser - Kafka version: 4.2.1
2026-09-17 11:38:18.097 INFO  service=notificacao-service correlationId= thread=org.springframework.kafka.KafkaListenerEndpointContainer#0-0-C-1 logger=o.a.kafka.common.utils.AppInfoParser - Kafka commitId: 92f61c44867f39dc
2026-09-17 11:38:18.097 INFO  service=notificacao-service correlationId= thread=org.springframework.kafka.KafkaListenerEndpointContainer#0-0-C-1 logger=o.a.kafka.common.utils.AppInfoParser - Kafka startTimeMs: 1789655898096
2026-09-17 11:38:18.123 INFO  service=notificacao-service correlationId= thread=org.springframework.kafka.KafkaListenerEndpointContainer#0-0-C-1 logger=o.a.kafka.common.metrics.Metrics - Metrics scheduler closed
2026-09-17 11:38:18.124 INFO  service=notificacao-service correlationId= thread=org.springframework.kafka.KafkaListenerEndpointContainer#0-0-C-1 logger=o.a.kafka.common.metrics.Metrics - Closing reporter org.apache.kafka.common.metrics.JmxReporter
2026-09-17 11:38:18.125 INFO  service=notificacao-service correlationId= thread=org.springframework.kafka.KafkaListenerEndpointContainer#0-0-C-1 logger=o.a.kafka.common.metrics.Metrics - Metrics reporters closed
2026-09-17 11:38:18.128 INFO  service=notificacao-service correlationId= thread=kafka-admin-client-thread | notificacao-service-admin-0 logger=o.a.kafka.common.utils.AppInfoParser - App info kafka.admin.client for notificacao-service-admin-0 unregistered
2026-09-17 11:38:18.135 INFO  service=notificacao-service correlationId= thread=kafka-admin-client-thread | notificacao-service-admin-0 logger=o.a.kafka.common.metrics.Metrics - Metrics scheduler closed
2026-09-17 11:38:18.135 INFO  service=notificacao-service correlationId= thread=kafka-admin-client-thread | notificacao-service-admin-0 logger=o.a.kafka.common.metrics.Metrics - Closing reporter org.apache.kafka.common.metrics.JmxReporter
2026-09-17 11:38:18.136 INFO  service=notificacao-service correlationId= thread=kafka-admin-client-thread | notificacao-service-admin-0 logger=o.a.kafka.common.metrics.Metrics - Metrics reporters closed
2026-09-17 11:38:18.719 INFO  service=notificacao-service correlationId=a121bb6c-a8ec-40c1-8ad2-4ba6c4a70d7d thread=org.springframework.kafka.KafkaListenerEndpointContainer#0-0-C-1 logger=b.c.f.n.ContratoEventoListener - notificacao.evento.recebido eventId=d4aaaa78-47e8-44aa-9aa6-64e44339555d contratoId=b4f03a59-b023-46df-9e6a-92e4460dc040 eventType=ContratoCriado
2026-09-17 11:38:18.720 INFO  service=notificacao-service correlationId=a121bb6c-a8ec-40c1-8ad2-4ba6c4a70d7d thread=org.springframework.kafka.KafkaListenerEndpointContainer#0-0-C-1 logger=b.c.f.notificacao.NotificacaoService - notificacao.registro.inicio contratoId=b4f03a59-b023-46df-9e6a-92e4460dc040 destinatarioId=99990000-9999-0000-9999-000099990000 tipo=ContratoCriado
2026-09-17 11:38:18.755 INFO  service=notificacao-service correlationId=a121bb6c-a8ec-40c1-8ad2-4ba6c4a70d7d thread=org.springframework.kafka.KafkaListenerEndpointContainer#0-0-C-1 logger=b.c.f.notificacao.NotificacaoService - notificacao.registro.sucesso notificacaoId=5e46bd68-1fd3-4d10-9d0b-d60aa32b870b contratoId=b4f03a59-b023-46df-9e6a-92e4460dc040 destinatarioId=99990000-9999-0000-9999-000099990000
2026-09-17 11:38:18.755 INFO  service=notificacao-service correlationId=a121bb6c-a8ec-40c1-8ad2-4ba6c4a70d7d thread=org.springframework.kafka.KafkaListenerEndpointContainer#0-0-C-1 logger=b.c.f.notificacao.NotificacaoService - notificacao.registro.inicio contratoId=b4f03a59-b023-46df-9e6a-92e4460dc040 destinatarioId=11112222-1111-2222-1111-222211112222 tipo=ContratoCriado
2026-09-17 11:38:18.758 INFO  service=notificacao-service correlationId=a121bb6c-a8ec-40c1-8ad2-4ba6c4a70d7d thread=org.springframework.kafka.KafkaListenerEndpointContainer#0-0-C-1 logger=b.c.f.notificacao.NotificacaoService - notificacao.registro.sucesso notificacaoId=6d1954c3-fef4-4fac-a4ec-358e4df47602 contratoId=b4f03a59-b023-46df-9e6a-92e4460dc040 destinatarioId=11112222-1111-2222-1111-222211112222
2026-09-17 11:38:18.763 INFO  service=notificacao-service correlationId=a121bb6c-a8ec-40c1-8ad2-4ba6c4a70d7d thread=org.springframework.kafka.KafkaListenerEndpointContainer#0-0-C-1 logger=b.c.f.n.ContratoEventoListener - notificacao.evento.processado eventId=d4aaaa78-47e8-44aa-9aa6-64e44339555d contratoId=b4f03a59-b023-46df-9e6a-92e4460dc040
2026-09-17 11:38:46.287 INFO  service=notificacao-service correlationId=d112bb8b-4974-4b67-a7b6-a853d576c6f4 thread=org.springframework.kafka.KafkaListenerEndpointContainer#0-0-C-1 logger=b.c.f.n.ContratoEventoListener - notificacao.evento.recebido eventId=f64fa30d-eabe-4abb-9a00-2db668b94711 contratoId=b4f03a59-b023-46df-9e6a-92e4460dc040 eventType=EntregaRegistrada
2026-09-17 11:38:46.288 INFO  service=notificacao-service correlationId=d112bb8b-4974-4b67-a7b6-a853d576c6f4 thread=org.springframework.kafka.KafkaListenerEndpointContainer#0-0-C-1 logger=b.c.f.notificacao.NotificacaoService - notificacao.registro.inicio contratoId=b4f03a59-b023-46df-9e6a-92e4460dc040 destinatarioId=99990000-9999-0000-9999-000099990000 tipo=EntregaRegistrada
2026-09-17 11:38:46.291 INFO  service=notificacao-service correlationId=d112bb8b-4974-4b67-a7b6-a853d576c6f4 thread=org.springframework.kafka.KafkaListenerEndpointContainer#0-0-C-1 logger=b.c.f.notificacao.NotificacaoService - notificacao.registro.sucesso notificacaoId=8ad97005-a501-49a8-85ac-bd22624408f2 contratoId=b4f03a59-b023-46df-9e6a-92e4460dc040 destinatarioId=99990000-9999-0000-9999-000099990000
2026-09-17 11:38:46.292 INFO  service=notificacao-service correlationId=d112bb8b-4974-4b67-a7b6-a853d576c6f4 thread=org.springframework.kafka.KafkaListenerEndpointContainer#0-0-C-1 logger=b.c.f.notificacao.NotificacaoService - notificacao.registro.inicio contratoId=b4f03a59-b023-46df-9e6a-92e4460dc040 destinatarioId=11112222-1111-2222-1111-222211112222 tipo=EntregaRegistrada
2026-09-17 11:38:46.295 INFO  service=notificacao-service correlationId=d112bb8b-4974-4b67-a7b6-a853d576c6f4 thread=org.springframework.kafka.KafkaListenerEndpointContainer#0-0-C-1 logger=b.c.f.notificacao.NotificacaoService - notificacao.registro.sucesso notificacaoId=c5a14fe7-1b51-451d-aad3-6c75f9691254 contratoId=b4f03a59-b023-46df-9e6a-92e4460dc040 destinatarioId=11112222-1111-2222-1111-222211112222
2026-09-17 11:38:46.298 INFO  service=notificacao-service correlationId=d112bb8b-4974-4b67-a7b6-a853d576c6f4 thread=org.springframework.kafka.KafkaListenerEndpointContainer#0-0-C-1 logger=b.c.f.n.ContratoEventoListener - notificacao.evento.processado eventId=f64fa30d-eabe-4abb-9a00-2db668b94711 contratoId=b4f03a59-b023-46df-9e6a-92e4460dc040
2026-09-17 11:39:02.415 INFO  service=notificacao-service correlationId=sem-correlation-id thread=org.springframework.kafka.KafkaListenerEndpointContainer#0-0-C-1 logger=b.c.f.n.ContratoEventoListener - notificacao.evento.recebido eventId=7517d56d-7509-4591-8b9d-da882cf7fce4 contratoId=b4f03a59-b023-46df-9e6a-92e4460dc040 eventType=ContratoConcluido
2026-09-17 11:39:02.415 INFO  service=notificacao-service correlationId=sem-correlation-id thread=org.springframework.kafka.KafkaListenerEndpointContainer#0-0-C-1 logger=b.c.f.notificacao.NotificacaoService - notificacao.registro.inicio contratoId=b4f03a59-b023-46df-9e6a-92e4460dc040 destinatarioId=99990000-9999-0000-9999-000099990000 tipo=ContratoConcluido
2026-09-17 11:39:02.418 INFO  service=notificacao-service correlationId=sem-correlation-id thread=org.springframework.kafka.KafkaListenerEndpointContainer#0-0-C-1 logger=b.c.f.notificacao.NotificacaoService - notificacao.registro.sucesso notificacaoId=f3f1164a-c57a-44dd-9df4-8646459097c3 contratoId=b4f03a59-b023-46df-9e6a-92e4460dc040 destinatarioId=99990000-9999-0000-9999-000099990000
2026-09-17 11:39:02.419 INFO  service=notificacao-service correlationId=sem-correlation-id thread=org.springframework.kafka.KafkaListenerEndpointContainer#0-0-C-1 logger=b.c.f.notificacao.NotificacaoService - notificacao.registro.inicio contratoId=b4f03a59-b023-46df-9e6a-92e4460dc040 destinatarioId=11112222-1111-2222-1111-222211112222 tipo=ContratoConcluido
2026-09-17 11:39:02.422 INFO  service=notificacao-service correlationId=sem-correlation-id thread=org.springframework.kafka.KafkaListenerEndpointContainer#0-0-C-1 logger=b.c.f.notificacao.NotificacaoService - notificacao.registro.sucesso notificacaoId=c80b8c36-46c9-4fde-864b-6e83968baa5e contratoId=b4f03a59-b023-46df-9e6a-92e4460dc040 destinatarioId=11112222-1111-2222-1111-222211112222
2026-09-17 11:39:02.426 INFO  service=notificacao-service correlationId=sem-correlation-id thread=org.springframework.kafka.KafkaListenerEndpointContainer#0-0-C-1 logger=b.c.f.n.ContratoEventoListener - notificacao.evento.processado eventId=7517d56d-7509-4591-8b9d-da882cf7fce4 contratoId=b4f03a59-b023-46df-9e6a-92e4460dc040
2026-09-17 11:41:35.010 INFO  service=notificacao-service correlationId= thread=AsyncResolver-bootstrap-executor-%d logger=c.n.d.s.r.aws.ConfigClusterResolver - Resolving eureka endpoints via configuration
2026-09-17 11:46:35.015 INFO  service=notificacao-service correlationId= thread=AsyncResolver-bootstrap-executor-%d logger=c.n.d.s.r.aws.ConfigClusterResolver - Resolving eureka endpoints via configuration
2026-09-17 11:46:45.544 INFO  service=notificacao-service correlationId=sem-correlation-id thread=org.springframework.kafka.KafkaListenerEndpointContainer#0-0-C-1 logger=b.c.f.n.ContratoEventoListener - notificacao.evento.recebido eventId=4591f927-0cee-465c-8214-e20415c3c07a contratoId=eb7e7dae-fb74-4c77-8921-d6395b467b60 eventType=ContratoCriado
2026-09-17 11:46:45.544 INFO  service=notificacao-service correlationId=sem-correlation-id thread=org.springframework.kafka.KafkaListenerEndpointContainer#0-0-C-1 logger=b.c.f.notificacao.NotificacaoService - notificacao.registro.inicio contratoId=eb7e7dae-fb74-4c77-8921-d6395b467b60 destinatarioId=55556666-5555-6666-5555-666655556666 tipo=ContratoCriado
2026-09-17 11:46:45.548 INFO  service=notificacao-service correlationId=sem-correlation-id thread=org.springframework.kafka.KafkaListenerEndpointContainer#0-0-C-1 logger=b.c.f.notificacao.NotificacaoService - notificacao.registro.sucesso notificacaoId=8739298d-dcea-4a81-90aa-4ecdc53675f5 contratoId=eb7e7dae-fb74-4c77-8921-d6395b467b60 destinatarioId=55556666-5555-6666-5555-666655556666
2026-09-17 11:46:45.549 INFO  service=notificacao-service correlationId=sem-correlation-id thread=org.springframework.kafka.KafkaListenerEndpointContainer#0-0-C-1 logger=b.c.f.notificacao.NotificacaoService - notificacao.registro.inicio contratoId=eb7e7dae-fb74-4c77-8921-d6395b467b60 destinatarioId=77778888-7777-8888-7777-888877778888 tipo=ContratoCriado
2026-09-17 11:46:45.553 INFO  service=notificacao-service correlationId=sem-correlation-id thread=org.springframework.kafka.KafkaListenerEndpointContainer#0-0-C-1 logger=b.c.f.notificacao.NotificacaoService - notificacao.registro.sucesso notificacaoId=35661000-c47c-49de-b858-89687dc7a2d8 contratoId=eb7e7dae-fb74-4c77-8921-d6395b467b60 destinatarioId=77778888-7777-8888-7777-888877778888
2026-09-17 11:46:45.556 INFO  service=notificacao-service correlationId=sem-correlation-id thread=org.springframework.kafka.KafkaListenerEndpointContainer#0-0-C-1 logger=b.c.f.n.ContratoEventoListener - notificacao.evento.processado eventId=4591f927-0cee-465c-8214-e20415c3c07a contratoId=eb7e7dae-fb74-4c77-8921-d6395b467b60
2026-09-17 11:51:35.017 INFO  service=notificacao-service correlationId= thread=AsyncResolver-bootstrap-executor-%d logger=c.n.d.s.r.aws.ConfigClusterResolver - Resolving eureka endpoints via configuration
2026-09-17 11:56:35.030 INFO  service=notificacao-service correlationId= thread=AsyncResolver-bootstrap-executor-%d logger=c.n.d.s.r.aws.ConfigClusterResolver - Resolving eureka endpoints via configuration
2026-09-17 11:56:47.521 INFO  service=notificacao-service correlationId=sem-correlation-id thread=org.springframework.kafka.KafkaListenerEndpointContainer#0-0-C-1 logger=b.c.f.n.ContratoEventoListener - notificacao.evento.recebido eventId=be153710-9b88-4769-83f7-c96c50d81595 contratoId=33ac23b3-a6e3-4d59-8054-9547b35d26f5 eventType=ContratoCriado
2026-09-17 11:56:47.522 INFO  service=notificacao-service correlationId=sem-correlation-id thread=org.springframework.kafka.KafkaListenerEndpointContainer#0-0-C-1 logger=b.c.f.notificacao.NotificacaoService - notificacao.registro.inicio contratoId=33ac23b3-a6e3-4d59-8054-9547b35d26f5 destinatarioId=55556666-5555-6666-5555-666655556666 tipo=ContratoCriado
2026-09-17 11:56:47.524 INFO  service=notificacao-service correlationId=sem-correlation-id thread=org.springframework.kafka.KafkaListenerEndpointContainer#0-0-C-1 logger=b.c.f.notificacao.NotificacaoService - notificacao.registro.sucesso notificacaoId=49166922-e76d-4824-bcb8-b5b5a390aba9 contratoId=33ac23b3-a6e3-4d59-8054-9547b35d26f5 destinatarioId=55556666-5555-6666-5555-666655556666
2026-09-17 11:56:47.525 INFO  service=notificacao-service correlationId=sem-correlation-id thread=org.springframework.kafka.KafkaListenerEndpointContainer#0-0-C-1 logger=b.c.f.notificacao.NotificacaoService - notificacao.registro.inicio contratoId=33ac23b3-a6e3-4d59-8054-9547b35d26f5 destinatarioId=77778888-7777-8888-7777-888877778888 tipo=ContratoCriado
2026-09-17 11:56:47.528 INFO  service=notificacao-service correlationId=sem-correlation-id thread=org.springframework.kafka.KafkaListenerEndpointContainer#0-0-C-1 logger=b.c.f.notificacao.NotificacaoService - notificacao.registro.sucesso notificacaoId=a2e08a64-42fd-4f99-8e04-144084ebc53b contratoId=33ac23b3-a6e3-4d59-8054-9547b35d26f5 destinatarioId=77778888-7777-8888-7777-888877778888
2026-09-17 11:56:47.531 INFO  service=notificacao-service correlationId=sem-correlation-id thread=org.springframework.kafka.KafkaListenerEndpointContainer#0-0-C-1 logger=b.c.f.n.ContratoEventoListener - notificacao.evento.processado eventId=be153710-9b88-4769-83f7-c96c50d81595 contratoId=33ac23b3-a6e3-4d59-8054-9547b35d26f5
2026-09-17 12:01:35.045 INFO  service=notificacao-service correlationId= thread=AsyncResolver-bootstrap-executor-%d logger=c.n.d.s.r.aws.ConfigClusterResolver - Resolving eureka endpoints via configuration
2026-09-17 12:06:35.046 INFO  service=notificacao-service correlationId= thread=AsyncResolver-bootstrap-executor-%d logger=c.n.d.s.r.aws.ConfigClusterResolver - Resolving eureka endpoints via configuration
2026-09-17 12:11:35.058 INFO  service=notificacao-service correlationId= thread=AsyncResolver-bootstrap-executor-%d logger=c.n.d.s.r.aws.ConfigClusterResolver - Resolving eureka endpoints via configuration
2026-09-17 12:15:15.476 WARN  service=notificacao-service correlationId= thread=HikariPool-1:housekeeper logger=com.zaxxer.hikari.pool.PoolBase - HikariPool-1 - Failed to validate connection org.postgresql.jdbc.PgConnection@84ca06f (This connection has been closed.). Possibly consider using a shorter maxLifetime value.
2026-09-17 12:15:16.488 INFO  service=notificacao-service correlationId= thread=org.springframework.kafka.KafkaListenerEndpointContainer#0-0-C-1 logger=o.apache.kafka.clients.NetworkClient - [Consumer clientId=consumer-notificacao-service-1, groupId=notificacao-service] Node 1 disconnected.
2026-09-17 12:15:16.488 INFO  service=notificacao-service correlationId= thread=org.springframework.kafka.KafkaListenerEndpointContainer#0-0-C-1 logger=o.apache.kafka.clients.NetworkClient - [Consumer clientId=consumer-notificacao-service-1, groupId=notificacao-service] Cancelled in-flight FETCH request with correlation id 5409 due to node 1 being disconnected (elapsed time since creation: 217ms, elapsed time since send: 217ms, throttle time: 0ms, request timeout: 30000ms)
2026-09-17 12:15:16.489 INFO  service=notificacao-service correlationId= thread=kafka-coordinator-heartbeat-thread | notificacao-service logger=org.apache.kafka.clients.Metadata - [Consumer clientId=consumer-notificacao-service-1, groupId=notificacao-service] Rebootstrapping with [localhost/127.0.0.1:9092]
2026-09-17 12:15:16.489 INFO  service=notificacao-service correlationId= thread=org.springframework.kafka.KafkaListenerEndpointContainer#0-0-C-1 logger=o.a.k.clients.FetchSessionHandler - [Consumer clientId=consumer-notificacao-service-1, groupId=notificacao-service] Error sending fetch request (sessionId=869524390, epoch=4617) to node 1:
org.apache.kafka.common.errors.DisconnectException
2026-09-17 12:15:16.497 INFO  service=notificacao-service correlationId= thread=org.springframework.kafka.KafkaListenerEndpointContainer#0-0-C-1 logger=o.a.k.c.c.i.ConsumerCoordinator - [Consumer clientId=consumer-notificacao-service-1, groupId=notificacao-service] Request joining group due to: cached metadata has changed from (version2: {contrato-eventos=[NO_RACKS]}) at the beginning of the rebalance to (version10: {contrato-eventos=[]})
2026-09-17 12:15:16.498 INFO  service=notificacao-service correlationId= thread=org.springframework.kafka.KafkaListenerEndpointContainer#0-0-C-1 logger=o.a.k.c.c.i.ConsumerRebalanceListenerInvoker - [Consumer clientId=consumer-notificacao-service-1, groupId=notificacao-service] Revoke previously assigned partitions [contrato-eventos-0]
2026-09-17 12:15:16.500 INFO  service=notificacao-service correlationId= thread=org.springframework.kafka.KafkaListenerEndpointContainer#0-0-C-1 logger=o.s.k.l.KafkaMessageListenerContainer - notificacao-service: partitions revoked: [contrato-eventos-0]
2026-09-17 12:15:16.514 INFO  service=notificacao-service correlationId= thread=org.springframework.kafka.KafkaListenerEndpointContainer#0-0-C-1 logger=o.a.k.c.c.i.ConsumerCoordinator - [Consumer clientId=consumer-notificacao-service-1, groupId=notificacao-service] (Re-)joining group
2026-09-17 12:15:16.516 INFO  service=notificacao-service correlationId= thread=org.springframework.kafka.KafkaListenerEndpointContainer#0-0-C-1 logger=o.apache.kafka.clients.NetworkClient - [Consumer clientId=consumer-notificacao-service-1, groupId=notificacao-service] Node -1 disconnected.
2026-09-17 12:15:16.519 INFO  service=notificacao-service correlationId= thread=org.springframework.kafka.KafkaListenerEndpointContainer#0-0-C-1 logger=o.apache.kafka.clients.NetworkClient - [Consumer clientId=consumer-notificacao-service-1, groupId=notificacao-service] Cancelled in-flight API_VERSIONS request with correlation id 5410 due to node -1 being disconnected (elapsed time since creation: 25ms, elapsed time since send: 25ms, throttle time: 0ms, request timeout: 30000ms)
2026-09-17 12:15:16.534 WARN  service=notificacao-service correlationId= thread=org.springframework.kafka.KafkaListenerEndpointContainer#0-0-C-1 logger=o.apache.kafka.clients.NetworkClient - [Consumer clientId=consumer-notificacao-service-1, groupId=notificacao-service] Bootstrap broker localhost:9092 (id: -1 rack: null isFenced: false) disconnected
2026-09-17 12:15:16.535 INFO  service=notificacao-service correlationId= thread=org.springframework.kafka.KafkaListenerEndpointContainer#0-0-C-1 logger=o.apache.kafka.clients.NetworkClient - [Consumer clientId=consumer-notificacao-service-1, groupId=notificacao-service] Node 2147483646 disconnected.
2026-09-17 12:15:16.535 INFO  service=notificacao-service correlationId= thread=org.springframework.kafka.KafkaListenerEndpointContainer#0-0-C-1 logger=o.a.k.c.c.i.ConsumerCoordinator - [Consumer clientId=consumer-notificacao-service-1, groupId=notificacao-service] Group coordinator localhost:9092 (id: 2147483646 rack: null isFenced: false) is unavailable or invalid due to cause: null. isDisconnected: true. Rediscovery will be attempted.
2026-09-17 12:15:16.536 INFO  service=notificacao-service correlationId= thread=org.springframework.kafka.KafkaListenerEndpointContainer#0-0-C-1 logger=o.a.k.c.c.i.ConsumerCoordinator - [Consumer clientId=consumer-notificacao-service-1, groupId=notificacao-service] Request joining group due to: rebalance failed due to 'null' (DisconnectException)
2026-09-17 12:15:16.649 INFO  service=notificacao-service correlationId= thread=org.springframework.kafka.KafkaListenerEndpointContainer#0-0-C-1 logger=o.apache.kafka.clients.NetworkClient - [Consumer clientId=consumer-notificacao-service-1, groupId=notificacao-service] Node -1 disconnected.
2026-09-17 12:15:16.651 INFO  service=notificacao-service correlationId= thread=org.springframework.kafka.KafkaListenerEndpointContainer#0-0-C-1 logger=o.apache.kafka.clients.NetworkClient - [Consumer clientId=consumer-notificacao-service-1, groupId=notificacao-service] Cancelled in-flight API_VERSIONS request with correlation id 5412 due to node -1 being disconnected (elapsed time since creation: 2ms, elapsed time since send: 2ms, throttle time: 0ms, request timeout: 30000ms)
2026-09-17 12:15:16.652 WARN  service=notificacao-service correlationId= thread=org.springframework.kafka.KafkaListenerEndpointContainer#0-0-C-1 logger=o.apache.kafka.clients.NetworkClient - [Consumer clientId=consumer-notificacao-service-1, groupId=notificacao-service] Bootstrap broker localhost:9092 (id: -1 rack: null isFenced: false) disconnected
2026-09-17 12:15:16.850 INFO  service=notificacao-service correlationId= thread=org.springframework.kafka.KafkaListenerEndpointContainer#0-0-C-1 logger=o.apache.kafka.clients.NetworkClient - [Consumer clientId=consumer-notificacao-service-1, groupId=notificacao-service] Node -1 disconnected.
2026-09-17 12:15:16.851 INFO  service=notificacao-service correlationId= thread=org.springframework.kafka.KafkaListenerEndpointContainer#0-0-C-1 logger=o.apache.kafka.clients.NetworkClient - [Consumer clientId=consumer-notificacao-service-1, groupId=notificacao-service] Cancelled in-flight API_VERSIONS request with correlation id 5413 due to node -1 being disconnected (elapsed time since creation: 1ms, elapsed time since send: 1ms, throttle time: 0ms, request timeout: 30000ms)
2026-09-17 12:15:16.851 WARN  service=notificacao-service correlationId= thread=org.springframework.kafka.KafkaListenerEndpointContainer#0-0-C-1 logger=o.apache.kafka.clients.NetworkClient - [Consumer clientId=consumer-notificacao-service-1, groupId=notificacao-service] Bootstrap broker localhost:9092 (id: -1 rack: null isFenced: false) disconnected
2026-09-17 12:15:17.263 INFO  service=notificacao-service correlationId= thread=org.springframework.kafka.KafkaListenerEndpointContainer#0-0-C-1 logger=org.apache.kafka.clients.Metadata - [Consumer clientId=consumer-notificacao-service-1, groupId=notificacao-service] Rebootstrapping with [localhost/127.0.0.1:9092]
2026-09-17 12:15:17.326 INFO  service=notificacao-service correlationId= thread=org.springframework.kafka.KafkaListenerEndpointContainer#0-0-C-1 logger=o.apache.kafka.clients.NetworkClient - [Consumer clientId=consumer-notificacao-service-1, groupId=notificacao-service] Node -1 disconnected.
2026-09-17 12:15:17.327 INFO  service=notificacao-service correlationId= thread=org.springframework.kafka.KafkaListenerEndpointContainer#0-0-C-1 logger=o.apache.kafka.clients.NetworkClient - [Consumer clientId=consumer-notificacao-service-1, groupId=notificacao-service] Cancelled in-flight API_VERSIONS request with correlation id 5415 due to node -1 being disconnected (elapsed time since creation: 1ms, elapsed time since send: 1ms, throttle time: 0ms, request timeout: 30000ms)
2026-09-17 12:15:17.327 WARN  service=notificacao-service correlationId= thread=org.springframework.kafka.KafkaListenerEndpointContainer#0-0-C-1 logger=o.apache.kafka.clients.NetworkClient - [Consumer clientId=consumer-notificacao-service-1, groupId=notificacao-service] Bootstrap broker localhost:9092 (id: -1 rack: null isFenced: false) disconnected
2026-09-17 12:15:18.163 INFO  service=notificacao-service correlationId= thread=org.springframework.kafka.KafkaListenerEndpointContainer#0-0-C-1 logger=o.apache.kafka.clients.NetworkClient - [Consumer clientId=consumer-notificacao-service-1, groupId=notificacao-service] Node -1 disconnected.
2026-09-17 12:15:18.163 WARN  service=notificacao-service correlationId= thread=org.springframework.kafka.KafkaListenerEndpointContainer#0-0-C-1 logger=o.apache.kafka.clients.NetworkClient - [Consumer clientId=consumer-notificacao-service-1, groupId=notificacao-service] Connection to node -1 (localhost/127.0.0.1:9092) could not be established. Node may not be available.
2026-09-17 12:15:18.163 WARN  service=notificacao-service correlationId= thread=org.springframework.kafka.KafkaListenerEndpointContainer#0-0-C-1 logger=o.apache.kafka.clients.NetworkClient - [Consumer clientId=consumer-notificacao-service-1, groupId=notificacao-service] Bootstrap broker localhost:9092 (id: -1 rack: null isFenced: false) disconnected
2026-09-17 12:15:19.005 INFO  service=notificacao-service correlationId= thread=org.springframework.kafka.KafkaListenerEndpointContainer#0-0-C-1 logger=org.apache.kafka.clients.Metadata - [Consumer clientId=consumer-notificacao-service-1, groupId=notificacao-service] Rebootstrapping with [localhost/127.0.0.1:9092]
2026-09-17 12:15:19.067 INFO  service=notificacao-service correlationId= thread=org.springframework.kafka.KafkaListenerEndpointContainer#0-0-C-1 logger=org.apache.kafka.clients.Metadata - [Consumer clientId=consumer-notificacao-service-1, groupId=notificacao-service] Rebootstrapping with [localhost/127.0.0.1:9092]
2026-09-17 12:15:19.243 INFO  service=notificacao-service correlationId= thread=org.springframework.kafka.KafkaListenerEndpointContainer#0-0-C-1 logger=o.apache.kafka.clients.NetworkClient - [Consumer clientId=consumer-notificacao-service-1, groupId=notificacao-service] Node -1 disconnected.
2026-09-17 12:15:19.244 WARN  service=notificacao-service correlationId= thread=org.springframework.kafka.KafkaListenerEndpointContainer#0-0-C-1 logger=o.apache.kafka.clients.NetworkClient - [Consumer clientId=consumer-notificacao-service-1, groupId=notificacao-service] Connection to node -1 (localhost/127.0.0.1:9092) could not be established. Node may not be available.
2026-09-17 12:15:19.244 WARN  service=notificacao-service correlationId= thread=org.springframework.kafka.KafkaListenerEndpointContainer#0-0-C-1 logger=o.apache.kafka.clients.NetworkClient - [Consumer clientId=consumer-notificacao-service-1, groupId=notificacao-service] Bootstrap broker localhost:9092 (id: -1 rack: null isFenced: false) disconnected
2026-09-17 12:15:20.209 INFO  service=notificacao-service correlationId= thread=org.springframework.kafka.KafkaListenerEndpointContainer#0-0-C-1 logger=org.apache.kafka.clients.Metadata - [Consumer clientId=consumer-notificacao-service-1, groupId=notificacao-service] Rebootstrapping with [localhost/127.0.0.1:9092]
2026-09-17 12:15:20.273 INFO  service=notificacao-service correlationId= thread=org.springframework.kafka.KafkaListenerEndpointContainer#0-0-C-1 logger=o.apache.kafka.clients.NetworkClient - [Consumer clientId=consumer-notificacao-service-1, groupId=notificacao-service] Node -1 disconnected.
2026-09-17 12:15:20.273 WARN  service=notificacao-service correlationId= thread=org.springframework.kafka.KafkaListenerEndpointContainer#0-0-C-1 logger=o.apache.kafka.clients.NetworkClient - [Consumer clientId=consumer-notificacao-service-1, groupId=notificacao-service] Connection to node -1 (localhost/127.0.0.1:9092) could not be established. Node may not be available.
2026-09-17 12:15:20.273 WARN  service=notificacao-service correlationId= thread=org.springframework.kafka.KafkaListenerEndpointContainer#0-0-C-1 logger=o.apache.kafka.clients.NetworkClient - [Consumer clientId=consumer-notificacao-service-1, groupId=notificacao-service] Bootstrap broker localhost:9092 (id: -1 rack: null isFenced: false) disconnected
2026-09-17 12:15:20.863 WARN  service=notificacao-service correlationId= thread=HikariPool-1:housekeeper logger=com.zaxxer.hikari.pool.PoolBase - HikariPool-1 - Failed to validate connection org.postgresql.jdbc.PgConnection@6d43aab0 (This connection has been closed.). Possibly consider using a shorter maxLifetime value.
2026-09-17 12:15:21.237 INFO  service=notificacao-service correlationId= thread=org.springframework.kafka.KafkaListenerEndpointContainer#0-0-C-1 logger=org.apache.kafka.clients.Metadata - [Consumer clientId=consumer-notificacao-service-1, groupId=notificacao-service] Rebootstrapping with [localhost/127.0.0.1:9092]
2026-09-17 12:15:21.300 INFO  service=notificacao-service correlationId= thread=org.springframework.kafka.KafkaListenerEndpointContainer#0-0-C-1 logger=o.apache.kafka.clients.NetworkClient - [Consumer clientId=consumer-notificacao-service-1, groupId=notificacao-service] Node -1 disconnected.
2026-09-17 12:15:21.300 WARN  service=notificacao-service correlationId= thread=org.springframework.kafka.KafkaListenerEndpointContainer#0-0-C-1 logger=o.apache.kafka.clients.NetworkClient - [Consumer clientId=consumer-notificacao-service-1, groupId=notificacao-service] Connection to node -1 (localhost/127.0.0.1:9092) could not be established. Node may not be available.
2026-09-17 12:15:21.300 WARN  service=notificacao-service correlationId= thread=org.springframework.kafka.KafkaListenerEndpointContainer#0-0-C-1 logger=o.apache.kafka.clients.NetworkClient - [Consumer clientId=consumer-notificacao-service-1, groupId=notificacao-service] Bootstrap broker localhost:9092 (id: -1 rack: null isFenced: false) disconnected
2026-09-17 12:15:22.300 INFO  service=notificacao-service correlationId= thread=org.springframework.kafka.KafkaListenerEndpointContainer#0-0-C-1 logger=o.apache.kafka.clients.NetworkClient - [Consumer clientId=consumer-notificacao-service-1, groupId=notificacao-service] Node -1 disconnected.
2026-09-17 12:15:22.300 WARN  service=notificacao-service correlationId= thread=org.springframework.kafka.KafkaListenerEndpointContainer#0-0-C-1 logger=o.apache.kafka.clients.NetworkClient - [Consumer clientId=consumer-notificacao-service-1, groupId=notificacao-service] Connection to node -1 (localhost/127.0.0.1:9092) could not be established. Node may not be available.
2026-09-17 12:15:22.300 WARN  service=notificacao-service correlationId= thread=org.springframework.kafka.KafkaListenerEndpointContainer#0-0-C-1 logger=o.apache.kafka.clients.NetworkClient - [Consumer clientId=consumer-notificacao-service-1, groupId=notificacao-service] Bootstrap broker localhost:9092 (id: -1 rack: null isFenced: false) disconnected
2026-09-17 12:15:23.287 INFO  service=notificacao-service correlationId= thread=org.springframework.kafka.KafkaListenerEndpointContainer#0-0-C-1 logger=org.apache.kafka.clients.Metadata - [Consumer clientId=consumer-notificacao-service-1, groupId=notificacao-service] Rebootstrapping with [localhost/127.0.0.1:9092]
2026-09-17 12:15:23.350 INFO  service=notificacao-service correlationId= thread=org.springframework.kafka.KafkaListenerEndpointContainer#0-0-C-1 logger=o.apache.kafka.clients.NetworkClient - [Consumer clientId=consumer-notificacao-service-1, groupId=notificacao-service] Node -1 disconnected.
2026-09-17 12:15:23.351 WARN  service=notificacao-service correlationId= thread=org.springframework.kafka.KafkaListenerEndpointContainer#0-0-C-1 logger=o.apache.kafka.clients.NetworkClient - [Consumer clientId=consumer-notificacao-service-1, groupId=notificacao-service] Connection to node -1 (localhost/127.0.0.1:9092) could not be established. Node may not be available.
2026-09-17 12:15:23.351 WARN  service=notificacao-service correlationId= thread=org.springframework.kafka.KafkaListenerEndpointContainer#0-0-C-1 logger=o.apache.kafka.clients.NetworkClient - [Consumer clientId=consumer-notificacao-service-1, groupId=notificacao-service] Bootstrap broker localhost:9092 (id: -1 rack: null isFenced: false) disconnected
2026-09-17 12:15:24.351 INFO  service=notificacao-service correlationId= thread=org.springframework.kafka.KafkaListenerEndpointContainer#0-0-C-1 logger=o.apache.kafka.clients.NetworkClient - [Consumer clientId=consumer-notificacao-service-1, groupId=notificacao-service] Node -1 disconnected.
2026-09-17 12:15:24.352 WARN  service=notificacao-service correlationId= thread=org.springframework.kafka.KafkaListenerEndpointContainer#0-0-C-1 logger=o.apache.kafka.clients.NetworkClient - [Consumer clientId=consumer-notificacao-service-1, groupId=notificacao-service] Connection to node -1 (localhost/127.0.0.1:9092) could not be established. Node may not be available.
2026-09-17 12:15:24.353 WARN  service=notificacao-service correlationId= thread=org.springframework.kafka.KafkaListenerEndpointContainer#0-0-C-1 logger=o.apache.kafka.clients.NetworkClient - [Consumer clientId=consumer-notificacao-service-1, groupId=notificacao-service] Bootstrap broker localhost:9092 (id: -1 rack: null isFenced: false) disconnected
2026-09-17 12:15:25.363 INFO  service=notificacao-service correlationId= thread=org.springframework.kafka.KafkaListenerEndpointContainer#0-0-C-1 logger=o.apache.kafka.clients.NetworkClient - [Consumer clientId=consumer-notificacao-service-1, groupId=notificacao-service] Node -1 disconnected.
2026-09-17 12:15:25.363 WARN  service=notificacao-service correlationId= thread=org.springframework.kafka.KafkaListenerEndpointContainer#0-0-C-1 logger=o.apache.kafka.clients.NetworkClient - [Consumer clientId=consumer-notificacao-service-1, groupId=notificacao-service] Connection to node -1 (localhost/127.0.0.1:9092) could not be established. Node may not be available.
2026-09-17 12:15:25.363 WARN  service=notificacao-service correlationId= thread=org.springframework.kafka.KafkaListenerEndpointContainer#0-0-C-1 logger=o.apache.kafka.clients.NetworkClient - [Consumer clientId=consumer-notificacao-service-1, groupId=notificacao-service] Bootstrap broker localhost:9092 (id: -1 rack: null isFenced: false) disconnected
2026-09-17 12:15:26.347 INFO  service=notificacao-service correlationId= thread=org.springframework.kafka.KafkaListenerEndpointContainer#0-0-C-1 logger=o.apache.kafka.clients.NetworkClient - [Consumer clientId=consumer-notificacao-service-1, groupId=notificacao-service] Node -1 disconnected.
2026-09-17 12:15:26.347 WARN  service=notificacao-service correlationId= thread=org.springframework.kafka.KafkaListenerEndpointContainer#0-0-C-1 logger=o.apache.kafka.clients.NetworkClient - [Consumer clientId=consumer-notificacao-service-1, groupId=notificacao-service] Connection to node -1 (localhost/127.0.0.1:9092) could not be established. Node may not be available.
2026-09-17 12:15:26.347 WARN  service=notificacao-service correlationId= thread=org.springframework.kafka.KafkaListenerEndpointContainer#0-0-C-1 logger=o.apache.kafka.clients.NetworkClient - [Consumer clientId=consumer-notificacao-service-1, groupId=notificacao-service] Bootstrap broker localhost:9092 (id: -1 rack: null isFenced: false) disconnected
2026-09-17 12:15:27.359 INFO  service=notificacao-service correlationId= thread=org.springframework.kafka.KafkaListenerEndpointContainer#0-0-C-1 logger=o.apache.kafka.clients.NetworkClient - [Consumer clientId=consumer-notificacao-service-1, groupId=notificacao-service] Node -1 disconnected.
2026-09-17 12:15:27.360 WARN  service=notificacao-service correlationId= thread=org.springframework.kafka.KafkaListenerEndpointContainer#0-0-C-1 logger=o.apache.kafka.clients.NetworkClient - [Consumer clientId=consumer-notificacao-service-1, groupId=notificacao-service] Connection to node -1 (localhost/127.0.0.1:9092) could not be established. Node may not be available.
2026-09-17 12:15:27.360 WARN  service=notificacao-service correlationId= thread=org.springframework.kafka.KafkaListenerEndpointContainer#0-0-C-1 logger=o.apache.kafka.clients.NetworkClient - [Consumer clientId=consumer-notificacao-service-1, groupId=notificacao-service] Bootstrap broker localhost:9092 (id: -1 rack: null isFenced: false) disconnected
2026-09-17 12:15:28.341 INFO  service=notificacao-service correlationId= thread=org.springframework.kafka.KafkaListenerEndpointContainer#0-0-C-1 logger=org.apache.kafka.clients.Metadata - [Consumer clientId=consumer-notificacao-service-1, groupId=notificacao-service] Rebootstrapping with [localhost/127.0.0.1:9092]
2026-09-17 12:15:28.405 INFO  service=notificacao-service correlationId= thread=org.springframework.kafka.KafkaListenerEndpointContainer#0-0-C-1 logger=o.apache.kafka.clients.NetworkClient - [Consumer clientId=consumer-notificacao-service-1, groupId=notificacao-service] Node -1 disconnected.
2026-09-17 12:15:28.405 WARN  service=notificacao-service correlationId= thread=org.springframework.kafka.KafkaListenerEndpointContainer#0-0-C-1 logger=o.apache.kafka.clients.NetworkClient - [Consumer clientId=consumer-notificacao-service-1, groupId=notificacao-service] Connection to node -1 (localhost/127.0.0.1:9092) could not be established. Node may not be available.
2026-09-17 12:15:28.405 WARN  service=notificacao-service correlationId= thread=org.springframework.kafka.KafkaListenerEndpointContainer#0-0-C-1 logger=o.apache.kafka.clients.NetworkClient - [Consumer clientId=consumer-notificacao-service-1, groupId=notificacao-service] Bootstrap broker localhost:9092 (id: -1 rack: null isFenced: false) disconnected
2026-09-17 12:15:29.263 INFO  service=notificacao-service correlationId= thread=org.springframework.kafka.KafkaListenerEndpointContainer#0-0-C-1 logger=org.apache.kafka.clients.Metadata - [Consumer clientId=consumer-notificacao-service-1, groupId=notificacao-service] Rebootstrapping with [localhost/127.0.0.1:9092]
2026-09-17 12:15:29.417 INFO  service=notificacao-service correlationId= thread=org.springframework.kafka.KafkaListenerEndpointContainer#0-0-C-1 logger=o.apache.kafka.clients.NetworkClient - [Consumer clientId=consumer-notificacao-service-1, groupId=notificacao-service] Node -1 disconnected.
2026-09-17 12:15:29.417 WARN  service=notificacao-service correlationId= thread=org.springframework.kafka.KafkaListenerEndpointContainer#0-0-C-1 logger=o.apache.kafka.clients.NetworkClient - [Consumer clientId=consumer-notificacao-service-1, groupId=notificacao-service] Connection to node -1 (localhost/127.0.0.1:9092) could not be established. Node may not be available.
2026-09-17 12:15:29.418 WARN  service=notificacao-service correlationId= thread=org.springframework.kafka.KafkaListenerEndpointContainer#0-0-C-1 logger=o.apache.kafka.clients.NetworkClient - [Consumer clientId=consumer-notificacao-service-1, groupId=notificacao-service] Bootstrap broker localhost:9092 (id: -1 rack: null isFenced: false) disconnected
2026-09-17 12:15:30.403 INFO  service=notificacao-service correlationId= thread=org.springframework.kafka.KafkaListenerEndpointContainer#0-0-C-1 logger=o.apache.kafka.clients.NetworkClient - [Consumer clientId=consumer-notificacao-service-1, groupId=notificacao-service] Node -1 disconnected.
2026-09-17 12:15:30.404 WARN  service=notificacao-service correlationId= thread=org.springframework.kafka.KafkaListenerEndpointContainer#0-0-C-1 logger=o.apache.kafka.clients.NetworkClient - [Consumer clientId=consumer-notificacao-service-1, groupId=notificacao-service] Connection to node -1 (localhost/127.0.0.1:9092) could not be established. Node may not be available.
2026-09-17 12:15:30.404 WARN  service=notificacao-service correlationId= thread=org.springframework.kafka.KafkaListenerEndpointContainer#0-0-C-1 logger=o.apache.kafka.clients.NetworkClient - [Consumer clientId=consumer-notificacao-service-1, groupId=notificacao-service] Bootstrap broker localhost:9092 (id: -1 rack: null isFenced: false) disconnected
2026-09-17 12:15:30.404 INFO  service=notificacao-service correlationId= thread=org.springframework.kafka.KafkaListenerEndpointContainer#0-0-C-1 logger=org.apache.kafka.clients.Metadata - [Consumer clientId=consumer-notificacao-service-1, groupId=notificacao-service] Rebootstrapping with [localhost/127.0.0.1:9092]
2026-09-17 12:15:30.464 INFO  service=notificacao-service correlationId= thread=org.springframework.kafka.KafkaListenerEndpointContainer#0-0-C-1 logger=org.apache.kafka.clients.Metadata - [Consumer clientId=consumer-notificacao-service-1, groupId=notificacao-service] Rebootstrapping with [localhost/127.0.0.1:9092]
2026-09-17 12:15:30.667 INFO  service=notificacao-service correlationId= thread=org.springframework.kafka.KafkaListenerEndpointContainer#0-0-C-1 logger=org.apache.kafka.clients.Metadata - [Consumer clientId=consumer-notificacao-service-1, groupId=notificacao-service] Rebootstrapping with [localhost/127.0.0.1:9092]
2026-09-17 12:15:30.729 INFO  service=notificacao-service correlationId= thread=org.springframework.kafka.KafkaListenerEndpointContainer#0-0-C-1 logger=org.apache.kafka.clients.Metadata - [Consumer clientId=consumer-notificacao-service-1, groupId=notificacao-service] Rebootstrapping with [localhost/127.0.0.1:9092]
2026-09-17 12:15:31.113 INFO  service=notificacao-service correlationId= thread=org.springframework.kafka.KafkaListenerEndpointContainer#0-0-C-1 logger=org.apache.kafka.clients.Metadata - [Consumer clientId=consumer-notificacao-service-1, groupId=notificacao-service] Rebootstrapping with [localhost/127.0.0.1:9092]
2026-09-17 12:15:31.165 INFO  service=notificacao-service correlationId= thread=org.springframework.kafka.KafkaListenerEndpointContainer#0-0-C-1 logger=org.apache.kafka.clients.Metadata - [Consumer clientId=consumer-notificacao-service-1, groupId=notificacao-service] Rebootstrapping with [localhost/127.0.0.1:9092]
2026-09-17 12:15:31.518 WARN  service=notificacao-service correlationId= thread=HikariPool-1:housekeeper logger=com.zaxxer.hikari.pool.PoolBase - HikariPool-1 - Failed to validate connection org.postgresql.jdbc.PgConnection@59974457 (This connection has been closed.). Possibly consider using a shorter maxLifetime value.
2026-09-17 12:15:31.718 WARN  service=notificacao-service correlationId= thread=HikariPool-1:housekeeper logger=com.zaxxer.hikari.pool.PoolBase - HikariPool-1 - Failed to validate connection org.postgresql.jdbc.PgConnection@59684256 (This connection has been closed.). Possibly consider using a shorter maxLifetime value.
2026-09-17 12:15:31.869 INFO  service=notificacao-service correlationId= thread=org.springframework.kafka.KafkaListenerEndpointContainer#0-0-C-1 logger=o.apache.kafka.clients.NetworkClient - [Consumer clientId=consumer-notificacao-service-1, groupId=notificacao-service] Node -1 disconnected.
2026-09-17 12:15:31.870 WARN  service=notificacao-service correlationId= thread=org.springframework.kafka.KafkaListenerEndpointContainer#0-0-C-1 logger=o.apache.kafka.clients.NetworkClient - [Consumer clientId=consumer-notificacao-service-1, groupId=notificacao-service] Connection to node -1 (localhost/127.0.0.1:9092) could not be established. Node may not be available.
2026-09-17 12:15:31.870 WARN  service=notificacao-service correlationId= thread=org.springframework.kafka.KafkaListenerEndpointContainer#0-0-C-1 logger=o.apache.kafka.clients.NetworkClient - [Consumer clientId=consumer-notificacao-service-1, groupId=notificacao-service] Bootstrap broker localhost:9092 (id: -1 rack: null isFenced: false) disconnected
2026-09-17 12:15:32.848 INFO  service=notificacao-service correlationId= thread=org.springframework.kafka.KafkaListenerEndpointContainer#0-0-C-1 logger=o.apache.kafka.clients.NetworkClient - [Consumer clientId=consumer-notificacao-service-1, groupId=notificacao-service] Node -1 disconnected.
2026-09-17 12:15:32.849 WARN  service=notificacao-service correlationId= thread=org.springframework.kafka.KafkaListenerEndpointContainer#0-0-C-1 logger=o.apache.kafka.clients.NetworkClient - [Consumer clientId=consumer-notificacao-service-1, groupId=notificacao-service] Connection to node -1 (localhost/127.0.0.1:9092) could not be established. Node may not be available.
2026-09-17 12:15:32.849 WARN  service=notificacao-service correlationId= thread=org.springframework.kafka.KafkaListenerEndpointContainer#0-0-C-1 logger=o.apache.kafka.clients.NetworkClient - [Consumer clientId=consumer-notificacao-service-1, groupId=notificacao-service] Bootstrap broker localhost:9092 (id: -1 rack: null isFenced: false) disconnected
2026-09-17 12:15:32.849 INFO  service=notificacao-service correlationId= thread=org.springframework.kafka.KafkaListenerEndpointContainer#0-0-C-1 logger=org.apache.kafka.clients.Metadata - [Consumer clientId=consumer-notificacao-service-1, groupId=notificacao-service] Rebootstrapping with [localhost/127.0.0.1:9092]
2026-09-17 12:15:32.910 INFO  service=notificacao-service correlationId= thread=org.springframework.kafka.KafkaListenerEndpointContainer#0-0-C-1 logger=org.apache.kafka.clients.Metadata - [Consumer clientId=consumer-notificacao-service-1, groupId=notificacao-service] Rebootstrapping with [localhost/127.0.0.1:9092]
2026-09-17 12:15:33.824 INFO  service=notificacao-service correlationId= thread=org.springframework.kafka.KafkaListenerEndpointContainer#0-0-C-1 logger=org.apache.kafka.clients.Metadata - [Consumer clientId=consumer-notificacao-service-1, groupId=notificacao-service] Rebootstrapping with [localhost/127.0.0.1:9092]
2026-09-17 12:15:33.878 INFO  service=notificacao-service correlationId= thread=org.springframework.kafka.KafkaListenerEndpointContainer#0-0-C-1 logger=o.apache.kafka.clients.NetworkClient - [Consumer clientId=consumer-notificacao-service-1, groupId=notificacao-service] Node -1 disconnected.
2026-09-17 12:15:33.878 WARN  service=notificacao-service correlationId= thread=org.springframework.kafka.KafkaListenerEndpointContainer#0-0-C-1 logger=o.apache.kafka.clients.NetworkClient - [Consumer clientId=consumer-notificacao-service-1, groupId=notificacao-service] Connection to node -1 (localhost/127.0.0.1:9092) could not be established. Node may not be available.
2026-09-17 12:15:33.878 WARN  service=notificacao-service correlationId= thread=org.springframework.kafka.KafkaListenerEndpointContainer#0-0-C-1 logger=o.apache.kafka.clients.NetworkClient - [Consumer clientId=consumer-notificacao-service-1, groupId=notificacao-service] Bootstrap broker localhost:9092 (id: -1 rack: null isFenced: false) disconnected
2026-09-17 12:15:34.799 INFO  service=notificacao-service correlationId= thread=org.springframework.kafka.KafkaListenerEndpointContainer#0-0-C-1 logger=org.apache.kafka.clients.Metadata - [Consumer clientId=consumer-notificacao-service-1, groupId=notificacao-service] Rebootstrapping with [localhost/127.0.0.1:9092]
2026-09-17 12:15:35.034 INFO  service=notificacao-service correlationId= thread=org.springframework.kafka.KafkaListenerEndpointContainer#0-0-C-1 logger=o.apache.kafka.clients.NetworkClient - [Consumer clientId=consumer-notificacao-service-1, groupId=notificacao-service] Node -1 disconnected.
2026-09-17 12:15:35.035 WARN  service=notificacao-service correlationId= thread=org.springframework.kafka.KafkaListenerEndpointContainer#0-0-C-1 logger=o.apache.kafka.clients.NetworkClient - [Consumer clientId=consumer-notificacao-service-1, groupId=notificacao-service] Connection to node -1 (localhost/127.0.0.1:9092) could not be established. Node may not be available.
2026-09-17 12:15:35.035 WARN  service=notificacao-service correlationId= thread=org.springframework.kafka.KafkaListenerEndpointContainer#0-0-C-1 logger=o.apache.kafka.clients.NetworkClient - [Consumer clientId=consumer-notificacao-service-1, groupId=notificacao-service] Bootstrap broker localhost:9092 (id: -1 rack: null isFenced: false) disconnected
2026-09-17 12:15:36.045 INFO  service=notificacao-service correlationId= thread=org.springframework.kafka.KafkaListenerEndpointContainer#0-0-C-1 logger=o.apache.kafka.clients.NetworkClient - [Consumer clientId=consumer-notificacao-service-1, groupId=notificacao-service] Node -1 disconnected.
2026-09-17 12:15:36.045 WARN  service=notificacao-service correlationId= thread=org.springframework.kafka.KafkaListenerEndpointContainer#0-0-C-1 logger=o.apache.kafka.clients.NetworkClient - [Consumer clientId=consumer-notificacao-service-1, groupId=notificacao-service] Connection to node -1 (localhost/127.0.0.1:9092) could not be established. Node may not be available.
2026-09-17 12:15:36.045 WARN  service=notificacao-service correlationId= thread=org.springframework.kafka.KafkaListenerEndpointContainer#0-0-C-1 logger=o.apache.kafka.clients.NetworkClient - [Consumer clientId=consumer-notificacao-service-1, groupId=notificacao-service] Bootstrap broker localhost:9092 (id: -1 rack: null isFenced: false) disconnected
2026-09-17 12:15:37.061 INFO  service=notificacao-service correlationId= thread=org.springframework.kafka.KafkaListenerEndpointContainer#0-0-C-1 logger=o.apache.kafka.clients.NetworkClient - [Consumer clientId=consumer-notificacao-service-1, groupId=notificacao-service] Node -1 disconnected.
2026-09-17 12:15:37.061 WARN  service=notificacao-service correlationId= thread=org.springframework.kafka.KafkaListenerEndpointContainer#0-0-C-1 logger=o.apache.kafka.clients.NetworkClient - [Consumer clientId=consumer-notificacao-service-1, groupId=notificacao-service] Connection to node -1 (localhost/127.0.0.1:9092) could not be established. Node may not be available.
2026-09-17 12:15:37.061 WARN  service=notificacao-service correlationId= thread=org.springframework.kafka.KafkaListenerEndpointContainer#0-0-C-1 logger=o.apache.kafka.clients.NetworkClient - [Consumer clientId=consumer-notificacao-service-1, groupId=notificacao-service] Bootstrap broker localhost:9092 (id: -1 rack: null isFenced: false) disconnected
2026-09-17 12:15:37.413 INFO  service=notificacao-service correlationId= thread=DiscoveryClient-HeartbeatExecutor-%d logger=c.n.d.s.t.d.RedirectingEurekaHttpClient - Request execution error. endpoint=DefaultEndpoint{ serviceUrl='http://localhost:8761/eureka/} exception=I/O error on PUT request for "http://localhost:8761/eureka/apps/NOTIFICACAO-SERVICE/localhost:notificacao-service:8082": Connect to http://localhost:8761 failed: Connection refused: getsockopt
org.springframework.web.client.ResourceAccessException: I/O error on PUT request for "http://localhost:8761/eureka/apps/NOTIFICACAO-SERVICE/localhost:notificacao-service:8082": Connect to http://localhost:8761 failed: Connection refused: getsockopt
	at org.springframework.web.client.DefaultRestClient$DefaultRequestBodyUriSpec.createResourceAccessException(DefaultRestClient.java:779)
	at org.springframework.web.client.DefaultRestClient$DefaultRequestBodyUriSpec.exchangeInternal(DefaultRestClient.java:624)
	at org.springframework.web.client.DefaultRestClient$DefaultRequestBodyUriSpec.exchange(DefaultRestClient.java:572)
	at org.springframework.web.client.RestClient$RequestHeadersSpec.exchange(RestClient.java:747)
	at org.springframework.web.client.DefaultRestClient$DefaultResponseSpec.executeAndExtract(DefaultRestClient.java:924)
	at org.springframework.web.client.DefaultRestClient$DefaultResponseSpec.toEntityInternal(DefaultRestClient.java:870)
	at org.springframework.web.client.DefaultRestClient$DefaultResponseSpec.toEntity(DefaultRestClient.java:859)
	at org.springframework.cloud.netflix.eureka.http.RestClientEurekaHttpClient.sendHeartBeat(RestClientEurekaHttpClient.java:91)
	at com.netflix.discovery.shared.transport.decorator.EurekaHttpClientDecorator$3.execute(EurekaHttpClientDecorator.java:92)
	at com.netflix.discovery.shared.transport.decorator.RedirectingEurekaHttpClient.execute(RedirectingEurekaHttpClient.java:90)
	at com.netflix.discovery.shared.transport.decorator.EurekaHttpClientDecorator.sendHeartBeat(EurekaHttpClientDecorator.java:89)
	at com.netflix.discovery.shared.transport.decorator.EurekaHttpClientDecorator$3.execute(EurekaHttpClientDecorator.java:92)
	at com.netflix.discovery.shared.transport.decorator.RetryableEurekaHttpClient.execute(RetryableEurekaHttpClient.java:120)
	at com.netflix.discovery.shared.transport.decorator.EurekaHttpClientDecorator.sendHeartBeat(EurekaHttpClientDecorator.java:89)
	at com.netflix.discovery.shared.transport.decorator.EurekaHttpClientDecorator$3.execute(EurekaHttpClientDecorator.java:92)
	at com.netflix.discovery.shared.transport.decorator.SessionedEurekaHttpClient.execute(SessionedEurekaHttpClient.java:76)
	at com.netflix.discovery.shared.transport.decorator.EurekaHttpClientDecorator.sendHeartBeat(EurekaHttpClientDecorator.java:89)
	at com.netflix.discovery.DiscoveryClient.renew(DiscoveryClient.java:860)
	at com.netflix.discovery.DiscoveryClient$HeartbeatThread.run(DiscoveryClient.java:1418)
	at java.base/java.util.concurrent.Executors$RunnableAdapter.call(Executors.java:572)
	at java.base/java.util.concurrent.FutureTask.run(FutureTask.java:317)
	at java.base/java.util.concurrent.ThreadPoolExecutor.runWorker(ThreadPoolExecutor.java:1144)
	at java.base/java.util.concurrent.ThreadPoolExecutor$Worker.run(ThreadPoolExecutor.java:642)
	at java.base/java.lang.Thread.run(Thread.java:1583)
Caused by: org.apache.hc.client5.http.HttpHostConnectException: Connect to http://localhost:8761 failed: Connection refused: getsockopt
	at java.base/sun.nio.ch.Net.pollConnect(Native Method)
	at java.base/sun.nio.ch.Net.pollConnectNow(Net.java:682)
	at java.base/sun.nio.ch.NioSocketImpl.timedFinishConnect(NioSocketImpl.java:542)
	at java.base/sun.nio.ch.NioSocketImpl.connect(NioSocketImpl.java:592)
	at java.base/java.net.SocksSocketImpl.connect(SocksSocketImpl.java:327)
	at java.base/java.net.Socket.connect(Socket.java:751)
	at org.apache.hc.client5.http.impl.io.DefaultHttpClientConnectionOperator.connect(DefaultHttpClientConnectionOperator.java:219)
	at org.apache.hc.client5.http.impl.io.PoolingHttpClientConnectionManager.connect(PoolingHttpClientConnectionManager.java:547)
	at org.apache.hc.client5.http.impl.classic.InternalExecRuntime.connectEndpoint(InternalExecRuntime.java:164)
	at org.apache.hc.client5.http.impl.classic.InternalExecRuntime.connectEndpoint(InternalExecRuntime.java:174)
	at org.apache.hc.client5.http.impl.classic.ConnectExec.execute(ConnectExec.java:144)
	at org.apache.hc.client5.http.impl.classic.ExecChainElement.execute(ExecChainElement.java:51)
	at org.apache.hc.client5.http.impl.classic.ProtocolExec.execute(ProtocolExec.java:192)
	at org.apache.hc.client5.http.impl.classic.ExecChainElement.execute(ExecChainElement.java:51)
	at org.apache.hc.client5.http.impl.classic.ContentCompressionExec.execute(ContentCompressionExec.java:138)
	at org.apache.hc.client5.http.impl.classic.ExecChainElement.execute(ExecChainElement.java:51)
	at org.apache.hc.client5.http.impl.classic.HttpRequestRetryExec.execute(HttpRequestRetryExec.java:112)
	at org.apache.hc.client5.http.impl.classic.ExecChainElement.execute(ExecChainElement.java:51)
	at org.apache.hc.client5.http.impl.classic.RedirectExec.execute(RedirectExec.java:110)
	at org.apache.hc.client5.http.impl.classic.ExecChainElement.execute(ExecChainElement.java:51)
	at org.apache.hc.client5.http.impl.classic.InternalHttpClient.doExecute(InternalHttpClient.java:185)
	at org.apache.hc.client5.http.impl.classic.CloseableHttpClient.execute(CloseableHttpClient.java:87)
	at org.apache.hc.client5.http.impl.classic.CloseableHttpClient.execute(CloseableHttpClient.java:55)
	at org.apache.hc.client5.http.classic.HttpClient.executeOpen(HttpClient.java:183)
	at org.springframework.http.client.HttpComponentsClientHttpRequest.executeInternal(HttpComponentsClientHttpRequest.java:99)
	at org.springframework.http.client.AbstractStreamingClientHttpRequest.executeInternal(AbstractStreamingClientHttpRequest.java:87)
	at org.springframework.http.client.AbstractClientHttpRequest.execute(AbstractClientHttpRequest.java:80)
	at org.springframework.http.client.AbstractBufferingClientHttpRequest.executeWithRequestAndBody(AbstractBufferingClientHttpRequest.java:89)
	at org.springframework.http.client.InterceptingClientHttpRequest$EndOfChainRequestExecution.execute(InterceptingClientHttpRequest.java:102)
	at org.springframework.cloud.netflix.eureka.http.RestClientTransportClientFactory.lambda$newClient$2(RestClientTransportClientFactory.java:98)
	at org.springframework.http.client.ClientHttpRequestInterceptor.lambda$apply$0(ClientHttpRequestInterceptor.java:89)
	at org.springframework.http.client.InterceptingClientHttpRequest.executeInternal(InterceptingClientHttpRequest.java:73)
	at org.springframework.http.client.AbstractBufferingClientHttpRequest.executeInternal(AbstractBufferingClientHttpRequest.java:50)
	at org.springframework.http.client.AbstractClientHttpRequest.execute(AbstractClientHttpRequest.java:80)
	at org.springframework.web.client.DefaultRestClient$DefaultRequestBodyUriSpec.exchangeInternal(DefaultRestClient.java:614)
	... 22 common frames omitted
2026-09-17 12:15:37.417 WARN  service=notificacao-service correlationId= thread=DiscoveryClient-HeartbeatExecutor-%d logger=c.n.d.s.t.d.RetryableEurekaHttpClient - Request execution failed with message: I/O error on PUT request for "http://localhost:8761/eureka/apps/NOTIFICACAO-SERVICE/localhost:notificacao-service:8082": Connect to http://localhost:8761 failed: Connection refused: getsockopt
2026-09-17 12:15:37.422 INFO  service=notificacao-service correlationId= thread=DiscoveryClient-HeartbeatExecutor-%d logger=c.n.d.s.t.d.RedirectingEurekaHttpClient - Request execution error. endpoint=DefaultEndpoint{ serviceUrl='http://localhost:8761/eureka/}, exception=I/O error on PUT request for "http://localhost:8761/eureka/apps/NOTIFICACAO-SERVICE/localhost:notificacao-service:8082": Connect to http://localhost:8761 failed: Connection refused: getsockopt
org.springframework.web.client.ResourceAccessException: I/O error on PUT request for "http://localhost:8761/eureka/apps/NOTIFICACAO-SERVICE/localhost:notificacao-service:8082": Connect to http://localhost:8761 failed: Connection refused: getsockopt
	at org.springframework.web.client.DefaultRestClient$DefaultRequestBodyUriSpec.createResourceAccessException(DefaultRestClient.java:779)
	at org.springframework.web.client.DefaultRestClient$DefaultRequestBodyUriSpec.exchangeInternal(DefaultRestClient.java:624)
	at org.springframework.web.client.DefaultRestClient$DefaultRequestBodyUriSpec.exchange(DefaultRestClient.java:572)
	at org.springframework.web.client.RestClient$RequestHeadersSpec.exchange(RestClient.java:747)
	at org.springframework.web.client.DefaultRestClient$DefaultResponseSpec.executeAndExtract(DefaultRestClient.java:924)
	at org.springframework.web.client.DefaultRestClient$DefaultResponseSpec.toEntityInternal(DefaultRestClient.java:870)
	at org.springframework.web.client.DefaultRestClient$DefaultResponseSpec.toEntity(DefaultRestClient.java:859)
	at org.springframework.cloud.netflix.eureka.http.RestClientEurekaHttpClient.sendHeartBeat(RestClientEurekaHttpClient.java:91)
	at com.netflix.discovery.shared.transport.decorator.EurekaHttpClientDecorator$3.execute(EurekaHttpClientDecorator.java:92)
	at com.netflix.discovery.shared.transport.decorator.RedirectingEurekaHttpClient.executeOnNewServer(RedirectingEurekaHttpClient.java:120)
	at com.netflix.discovery.shared.transport.decorator.RedirectingEurekaHttpClient.execute(RedirectingEurekaHttpClient.java:79)
	at com.netflix.discovery.shared.transport.decorator.EurekaHttpClientDecorator.sendHeartBeat(EurekaHttpClientDecorator.java:89)
	at com.netflix.discovery.shared.transport.decorator.EurekaHttpClientDecorator$3.execute(EurekaHttpClientDecorator.java:92)
	at com.netflix.discovery.shared.transport.decorator.RetryableEurekaHttpClient.execute(RetryableEurekaHttpClient.java:120)
	at com.netflix.discovery.shared.transport.decorator.EurekaHttpClientDecorator.sendHeartBeat(EurekaHttpClientDecorator.java:89)
	at com.netflix.discovery.shared.transport.decorator.EurekaHttpClientDecorator$3.execute(EurekaHttpClientDecorator.java:92)
	at com.netflix.discovery.shared.transport.decorator.SessionedEurekaHttpClient.execute(SessionedEurekaHttpClient.java:76)
	at com.netflix.discovery.shared.transport.decorator.EurekaHttpClientDecorator.sendHeartBeat(EurekaHttpClientDecorator.java:89)
	at com.netflix.discovery.DiscoveryClient.renew(DiscoveryClient.java:860)
	at com.netflix.discovery.DiscoveryClient$HeartbeatThread.run(DiscoveryClient.java:1418)
	at java.base/java.util.concurrent.Executors$RunnableAdapter.call(Executors.java:572)
	at java.base/java.util.concurrent.FutureTask.run(FutureTask.java:317)
	at java.base/java.util.concurrent.ThreadPoolExecutor.runWorker(ThreadPoolExecutor.java:1144)
	at java.base/java.util.concurrent.ThreadPoolExecutor$Worker.run(ThreadPoolExecutor.java:642)
	at java.base/java.lang.Thread.run(Thread.java:1583)
Caused by: org.apache.hc.client5.http.HttpHostConnectException: Connect to http://localhost:8761 failed: Connection refused: getsockopt
	at java.base/sun.nio.ch.Net.pollConnect(Native Method)
	at java.base/sun.nio.ch.Net.pollConnectNow(Net.java:682)
	at java.base/sun.nio.ch.NioSocketImpl.timedFinishConnect(NioSocketImpl.java:542)
	at java.base/sun.nio.ch.NioSocketImpl.connect(NioSocketImpl.java:592)
	at java.base/java.net.SocksSocketImpl.connect(SocksSocketImpl.java:327)
	at java.base/java.net.Socket.connect(Socket.java:751)
	at org.apache.hc.client5.http.impl.io.DefaultHttpClientConnectionOperator.connect(DefaultHttpClientConnectionOperator.java:219)
	at org.apache.hc.client5.http.impl.io.PoolingHttpClientConnectionManager.connect(PoolingHttpClientConnectionManager.java:547)
	at org.apache.hc.client5.http.impl.classic.InternalExecRuntime.connectEndpoint(InternalExecRuntime.java:164)
	at org.apache.hc.client5.http.impl.classic.InternalExecRuntime.connectEndpoint(InternalExecRuntime.java:174)
	at org.apache.hc.client5.http.impl.classic.ConnectExec.execute(ConnectExec.java:144)
	at org.apache.hc.client5.http.impl.classic.ExecChainElement.execute(ExecChainElement.java:51)
	at org.apache.hc.client5.http.impl.classic.ProtocolExec.execute(ProtocolExec.java:192)
	at org.apache.hc.client5.http.impl.classic.ExecChainElement.execute(ExecChainElement.java:51)
	at org.apache.hc.client5.http.impl.classic.ContentCompressionExec.execute(ContentCompressionExec.java:138)
	at org.apache.hc.client5.http.impl.classic.ExecChainElement.execute(ExecChainElement.java:51)
	at org.apache.hc.client5.http.impl.classic.HttpRequestRetryExec.execute(HttpRequestRetryExec.java:112)
	at org.apache.hc.client5.http.impl.classic.ExecChainElement.execute(ExecChainElement.java:51)
	at org.apache.hc.client5.http.impl.classic.RedirectExec.execute(RedirectExec.java:110)
	at org.apache.hc.client5.http.impl.classic.ExecChainElement.execute(ExecChainElement.java:51)
	at org.apache.hc.client5.http.impl.classic.InternalHttpClient.doExecute(InternalHttpClient.java:185)
	at org.apache.hc.client5.http.impl.classic.CloseableHttpClient.execute(CloseableHttpClient.java:87)
	at org.apache.hc.client5.http.impl.classic.CloseableHttpClient.execute(CloseableHttpClient.java:55)
	at org.apache.hc.client5.http.classic.HttpClient.executeOpen(HttpClient.java:183)
	at org.springframework.http.client.HttpComponentsClientHttpRequest.executeInternal(HttpComponentsClientHttpRequest.java:99)
	at org.springframework.http.client.AbstractStreamingClientHttpRequest.executeInternal(AbstractStreamingClientHttpRequest.java:87)
	at org.springframework.http.client.AbstractClientHttpRequest.execute(AbstractClientHttpRequest.java:80)
	at org.springframework.http.client.AbstractBufferingClientHttpRequest.executeWithRequestAndBody(AbstractBufferingClientHttpRequest.java:89)
	at org.springframework.http.client.InterceptingClientHttpRequest$EndOfChainRequestExecution.execute(InterceptingClientHttpRequest.java:102)
	at org.springframework.cloud.netflix.eureka.http.RestClientTransportClientFactory.lambda$newClient$2(RestClientTransportClientFactory.java:98)
	at org.springframework.http.client.ClientHttpRequestInterceptor.lambda$apply$0(ClientHttpRequestInterceptor.java:89)
	at org.springframework.http.client.InterceptingClientHttpRequest.executeInternal(InterceptingClientHttpRequest.java:73)
	at org.springframework.http.client.AbstractBufferingClientHttpRequest.executeInternal(AbstractBufferingClientHttpRequest.java:50)
	at org.springframework.http.client.AbstractClientHttpRequest.execute(AbstractClientHttpRequest.java:80)
	at org.springframework.web.client.DefaultRestClient$DefaultRequestBodyUriSpec.exchangeInternal(DefaultRestClient.java:614)
	... 23 common frames omitted
2026-09-17 12:15:37.423 WARN  service=notificacao-service correlationId= thread=DiscoveryClient-HeartbeatExecutor-%d logger=c.n.d.s.t.d.RetryableEurekaHttpClient - Request execution failed with message: I/O error on PUT request for "http://localhost:8761/eureka/apps/NOTIFICACAO-SERVICE/localhost:notificacao-service:8082": Connect to http://localhost:8761 failed: Connection refused: getsockopt
2026-09-17 12:15:37.423 ERROR service=notificacao-service correlationId= thread=DiscoveryClient-HeartbeatExecutor-%d logger=c.netflix.discovery.DiscoveryClient - DiscoveryClient_NOTIFICACAO-SERVICE/localhost:notificacao-service:8082 - was unable to send heartbeat!
com.netflix.discovery.shared.transport.TransportException: Cannot execute request on any known server
	at com.netflix.discovery.shared.transport.decorator.RetryableEurekaHttpClient.execute(RetryableEurekaHttpClient.java:112)
	at com.netflix.discovery.shared.transport.decorator.EurekaHttpClientDecorator.sendHeartBeat(EurekaHttpClientDecorator.java:89)
	at com.netflix.discovery.shared.transport.decorator.EurekaHttpClientDecorator$3.execute(EurekaHttpClientDecorator.java:92)
	at com.netflix.discovery.shared.transport.decorator.SessionedEurekaHttpClient.execute(SessionedEurekaHttpClient.java:76)
	at com.netflix.discovery.shared.transport.decorator.EurekaHttpClientDecorator.sendHeartBeat(EurekaHttpClientDecorator.java:89)
	at com.netflix.discovery.DiscoveryClient.renew(DiscoveryClient.java:860)
	at com.netflix.discovery.DiscoveryClient$HeartbeatThread.run(DiscoveryClient.java:1418)
	at java.base/java.util.concurrent.Executors$RunnableAdapter.call(Executors.java:572)
	at java.base/java.util.concurrent.FutureTask.run(FutureTask.java:317)
	at java.base/java.util.concurrent.ThreadPoolExecutor.runWorker(ThreadPoolExecutor.java:1144)
	at java.base/java.util.concurrent.ThreadPoolExecutor$Worker.run(ThreadPoolExecutor.java:642)
	at java.base/java.lang.Thread.run(Thread.java:1583)
2026-09-17 12:15:37.436 INFO  service=notificacao-service correlationId= thread=DiscoveryClient-CacheRefreshExecutor-%d logger=c.n.d.s.t.d.RedirectingEurekaHttpClient - Request execution error. endpoint=DefaultEndpoint{ serviceUrl='http://localhost:8761/eureka/} exception=I/O error on GET request for "http://localhost:8761/eureka/apps/delta": Connect to http://localhost:8761 failed: Connection refused: getsockopt
org.springframework.web.client.ResourceAccessException: I/O error on GET request for "http://localhost:8761/eureka/apps/delta": Connect to http://localhost:8761 failed: Connection refused: getsockopt
	at org.springframework.web.client.DefaultRestClient$DefaultRequestBodyUriSpec.createResourceAccessException(DefaultRestClient.java:779)
	at org.springframework.web.client.DefaultRestClient$DefaultRequestBodyUriSpec.exchangeInternal(DefaultRestClient.java:624)
	at org.springframework.web.client.DefaultRestClient$DefaultRequestBodyUriSpec.exchange(DefaultRestClient.java:572)
	at org.springframework.web.client.RestClient$RequestHeadersSpec.exchange(RestClient.java:747)
	at org.springframework.web.client.DefaultRestClient$DefaultResponseSpec.executeAndExtract(DefaultRestClient.java:924)
	at org.springframework.web.client.DefaultRestClient$DefaultResponseSpec.toEntityInternal(DefaultRestClient.java:870)
	at org.springframework.web.client.DefaultRestClient$DefaultResponseSpec.toEntity(DefaultRestClient.java:859)
	at org.springframework.cloud.netflix.eureka.http.RestClientEurekaHttpClient.getApplicationsInternal(RestClientEurekaHttpClient.java:201)
	at org.springframework.cloud.netflix.eureka.http.RestClientEurekaHttpClient.getDelta(RestClientEurekaHttpClient.java:142)
	at com.netflix.discovery.shared.transport.decorator.EurekaHttpClientDecorator$7.execute(EurekaHttpClientDecorator.java:152)
	at com.netflix.discovery.shared.transport.decorator.RedirectingEurekaHttpClient.execute(RedirectingEurekaHttpClient.java:90)
	at com.netflix.discovery.shared.transport.decorator.EurekaHttpClientDecorator.getDelta(EurekaHttpClientDecorator.java:149)
	at com.netflix.discovery.shared.transport.decorator.EurekaHttpClientDecorator$7.execute(EurekaHttpClientDecorator.java:152)
	at com.netflix.discovery.shared.transport.decorator.RetryableEurekaHttpClient.execute(RetryableEurekaHttpClient.java:120)
	at com.netflix.discovery.shared.transport.decorator.EurekaHttpClientDecorator.getDelta(EurekaHttpClientDecorator.java:149)
	at com.netflix.discovery.shared.transport.decorator.EurekaHttpClientDecorator$7.execute(EurekaHttpClientDecorator.java:152)
	at com.netflix.discovery.shared.transport.decorator.SessionedEurekaHttpClient.execute(SessionedEurekaHttpClient.java:76)
	at com.netflix.discovery.shared.transport.decorator.EurekaHttpClientDecorator.getDelta(EurekaHttpClientDecorator.java:149)
	at com.netflix.discovery.DiscoveryClient.getAndUpdateDelta(DiscoveryClient.java:1095)
	at com.netflix.discovery.DiscoveryClient.fetchRegistry(DiscoveryClient.java:978)
	at com.netflix.discovery.DiscoveryClient.refreshRegistry(DiscoveryClient.java:1489)
	at com.netflix.discovery.DiscoveryClient$CacheRefreshThread.run(DiscoveryClient.java:1457)
	at java.base/java.util.concurrent.Executors$RunnableAdapter.call(Executors.java:572)
	at java.base/java.util.concurrent.FutureTask.run(FutureTask.java:317)
	at java.base/java.util.concurrent.ThreadPoolExecutor.runWorker(ThreadPoolExecutor.java:1144)
	at java.base/java.util.concurrent.ThreadPoolExecutor$Worker.run(ThreadPoolExecutor.java:642)
	at java.base/java.lang.Thread.run(Thread.java:1583)
Caused by: org.apache.hc.client5.http.HttpHostConnectException: Connect to http://localhost:8761 failed: Connection refused: getsockopt
	at java.base/sun.nio.ch.Net.pollConnect(Native Method)
	at java.base/sun.nio.ch.Net.pollConnectNow(Net.java:682)
	at java.base/sun.nio.ch.NioSocketImpl.timedFinishConnect(NioSocketImpl.java:542)
	at java.base/sun.nio.ch.NioSocketImpl.connect(NioSocketImpl.java:592)
	at java.base/java.net.SocksSocketImpl.connect(SocksSocketImpl.java:327)
	at java.base/java.net.Socket.connect(Socket.java:751)
	at org.apache.hc.client5.http.impl.io.DefaultHttpClientConnectionOperator.connect(DefaultHttpClientConnectionOperator.java:219)
	at org.apache.hc.client5.http.impl.io.PoolingHttpClientConnectionManager.connect(PoolingHttpClientConnectionManager.java:547)
	at org.apache.hc.client5.http.impl.classic.InternalExecRuntime.connectEndpoint(InternalExecRuntime.java:164)
	at org.apache.hc.client5.http.impl.classic.InternalExecRuntime.connectEndpoint(InternalExecRuntime.java:174)
	at org.apache.hc.client5.http.impl.classic.ConnectExec.execute(ConnectExec.java:144)
	at org.apache.hc.client5.http.impl.classic.ExecChainElement.execute(ExecChainElement.java:51)
	at org.apache.hc.client5.http.impl.classic.ProtocolExec.execute(ProtocolExec.java:192)
	at org.apache.hc.client5.http.impl.classic.ExecChainElement.execute(ExecChainElement.java:51)
	at org.apache.hc.client5.http.impl.classic.ContentCompressionExec.execute(ContentCompressionExec.java:138)
	at org.apache.hc.client5.http.impl.classic.ExecChainElement.execute(ExecChainElement.java:51)
	at org.apache.hc.client5.http.impl.classic.HttpRequestRetryExec.execute(HttpRequestRetryExec.java:112)
	at org.apache.hc.client5.http.impl.classic.ExecChainElement.execute(ExecChainElement.java:51)
	at org.apache.hc.client5.http.impl.classic.RedirectExec.execute(RedirectExec.java:110)
	at org.apache.hc.client5.http.impl.classic.ExecChainElement.execute(ExecChainElement.java:51)
	at org.apache.hc.client5.http.impl.classic.InternalHttpClient.doExecute(InternalHttpClient.java:185)
	at org.apache.hc.client5.http.impl.classic.CloseableHttpClient.execute(CloseableHttpClient.java:87)
	at org.apache.hc.client5.http.impl.classic.CloseableHttpClient.execute(CloseableHttpClient.java:55)
	at org.apache.hc.client5.http.classic.HttpClient.executeOpen(HttpClient.java:183)
	at org.springframework.http.client.HttpComponentsClientHttpRequest.executeInternal(HttpComponentsClientHttpRequest.java:99)
	at org.springframework.http.client.AbstractStreamingClientHttpRequest.executeInternal(AbstractStreamingClientHttpRequest.java:87)
	at org.springframework.http.client.AbstractClientHttpRequest.execute(AbstractClientHttpRequest.java:80)
	at org.springframework.http.client.AbstractBufferingClientHttpRequest.executeWithRequestAndBody(AbstractBufferingClientHttpRequest.java:89)
	at org.springframework.http.client.InterceptingClientHttpRequest$EndOfChainRequestExecution.execute(InterceptingClientHttpRequest.java:102)
	at org.springframework.cloud.netflix.eureka.http.RestClientTransportClientFactory.lambda$newClient$2(RestClientTransportClientFactory.java:98)
	at org.springframework.http.client.ClientHttpRequestInterceptor.lambda$apply$0(ClientHttpRequestInterceptor.java:89)
	at org.springframework.http.client.InterceptingClientHttpRequest.executeInternal(InterceptingClientHttpRequest.java:73)
	at org.springframework.http.client.AbstractBufferingClientHttpRequest.executeInternal(AbstractBufferingClientHttpRequest.java:50)
	at org.springframework.http.client.AbstractClientHttpRequest.execute(AbstractClientHttpRequest.java:80)
	at org.springframework.web.client.DefaultRestClient$DefaultRequestBodyUriSpec.exchangeInternal(DefaultRestClient.java:614)
	... 25 common frames omitted
2026-09-17 12:15:37.439 WARN  service=notificacao-service correlationId= thread=DiscoveryClient-CacheRefreshExecutor-%d logger=c.n.d.s.t.d.RetryableEurekaHttpClient - Request execution failed with message: I/O error on GET request for "http://localhost:8761/eureka/apps/delta": Connect to http://localhost:8761 failed: Connection refused: getsockopt
2026-09-17 12:15:37.443 INFO  service=notificacao-service correlationId= thread=DiscoveryClient-CacheRefreshExecutor-%d logger=c.n.d.s.t.d.RedirectingEurekaHttpClient - Request execution error. endpoint=DefaultEndpoint{ serviceUrl='http://localhost:8761/eureka/}, exception=I/O error on GET request for "http://localhost:8761/eureka/apps/delta": Connect to http://localhost:8761 failed: Connection refused: getsockopt
org.springframework.web.client.ResourceAccessException: I/O error on GET request for "http://localhost:8761/eureka/apps/delta": Connect to http://localhost:8761 failed: Connection refused: getsockopt
	at org.springframework.web.client.DefaultRestClient$DefaultRequestBodyUriSpec.createResourceAccessException(DefaultRestClient.java:779)
	at org.springframework.web.client.DefaultRestClient$DefaultRequestBodyUriSpec.exchangeInternal(DefaultRestClient.java:624)
	at org.springframework.web.client.DefaultRestClient$DefaultRequestBodyUriSpec.exchange(DefaultRestClient.java:572)
	at org.springframework.web.client.RestClient$RequestHeadersSpec.exchange(RestClient.java:747)
	at org.springframework.web.client.DefaultRestClient$DefaultResponseSpec.executeAndExtract(DefaultRestClient.java:924)
	at org.springframework.web.client.DefaultRestClient$DefaultResponseSpec.toEntityInternal(DefaultRestClient.java:870)
	at org.springframework.web.client.DefaultRestClient$DefaultResponseSpec.toEntity(DefaultRestClient.java:859)
	at org.springframework.cloud.netflix.eureka.http.RestClientEurekaHttpClient.getApplicationsInternal(RestClientEurekaHttpClient.java:201)
	at org.springframework.cloud.netflix.eureka.http.RestClientEurekaHttpClient.getDelta(RestClientEurekaHttpClient.java:142)
	at com.netflix.discovery.shared.transport.decorator.EurekaHttpClientDecorator$7.execute(EurekaHttpClientDecorator.java:152)
	at com.netflix.discovery.shared.transport.decorator.RedirectingEurekaHttpClient.executeOnNewServer(RedirectingEurekaHttpClient.java:120)
	at com.netflix.discovery.shared.transport.decorator.RedirectingEurekaHttpClient.execute(RedirectingEurekaHttpClient.java:79)
	at com.netflix.discovery.shared.transport.decorator.EurekaHttpClientDecorator.getDelta(EurekaHttpClientDecorator.java:149)
	at com.netflix.discovery.shared.transport.decorator.EurekaHttpClientDecorator$7.execute(EurekaHttpClientDecorator.java:152)
	at com.netflix.discovery.shared.transport.decorator.RetryableEurekaHttpClient.execute(RetryableEurekaHttpClient.java:120)
	at com.netflix.discovery.shared.transport.decorator.EurekaHttpClientDecorator.getDelta(EurekaHttpClientDecorator.java:149)
	at com.netflix.discovery.shared.transport.decorator.EurekaHttpClientDecorator$7.execute(EurekaHttpClientDecorator.java:152)
	at com.netflix.discovery.shared.transport.decorator.SessionedEurekaHttpClient.execute(SessionedEurekaHttpClient.java:76)
	at com.netflix.discovery.shared.transport.decorator.EurekaHttpClientDecorator.getDelta(EurekaHttpClientDecorator.java:149)
	at com.netflix.discovery.DiscoveryClient.getAndUpdateDelta(DiscoveryClient.java:1095)
	at com.netflix.discovery.DiscoveryClient.fetchRegistry(DiscoveryClient.java:978)
	at com.netflix.discovery.DiscoveryClient.refreshRegistry(DiscoveryClient.java:1489)
	at com.netflix.discovery.DiscoveryClient$CacheRefreshThread.run(DiscoveryClient.java:1457)
	at java.base/java.util.concurrent.Executors$RunnableAdapter.call(Executors.java:572)
	at java.base/java.util.concurrent.FutureTask.run(FutureTask.java:317)
	at java.base/java.util.concurrent.ThreadPoolExecutor.runWorker(ThreadPoolExecutor.java:1144)
	at java.base/java.util.concurrent.ThreadPoolExecutor$Worker.run(ThreadPoolExecutor.java:642)
	at java.base/java.lang.Thread.run(Thread.java:1583)
Caused by: org.apache.hc.client5.http.HttpHostConnectException: Connect to http://localhost:8761 failed: Connection refused: getsockopt
	at java.base/sun.nio.ch.Net.pollConnect(Native Method)
	at java.base/sun.nio.ch.Net.pollConnectNow(Net.java:682)
	at java.base/sun.nio.ch.NioSocketImpl.timedFinishConnect(NioSocketImpl.java:542)
	at java.base/sun.nio.ch.NioSocketImpl.connect(NioSocketImpl.java:592)
	at java.base/java.net.SocksSocketImpl.connect(SocksSocketImpl.java:327)
	at java.base/java.net.Socket.connect(Socket.java:751)
	at org.apache.hc.client5.http.impl.io.DefaultHttpClientConnectionOperator.connect(DefaultHttpClientConnectionOperator.java:219)
	at org.apache.hc.client5.http.impl.io.PoolingHttpClientConnectionManager.connect(PoolingHttpClientConnectionManager.java:547)
	at org.apache.hc.client5.http.impl.classic.InternalExecRuntime.connectEndpoint(InternalExecRuntime.java:164)
	at org.apache.hc.client5.http.impl.classic.InternalExecRuntime.connectEndpoint(InternalExecRuntime.java:174)
	at org.apache.hc.client5.http.impl.classic.ConnectExec.execute(ConnectExec.java:144)
	at org.apache.hc.client5.http.impl.classic.ExecChainElement.execute(ExecChainElement.java:51)
	at org.apache.hc.client5.http.impl.classic.ProtocolExec.execute(ProtocolExec.java:192)
	at org.apache.hc.client5.http.impl.classic.ExecChainElement.execute(ExecChainElement.java:51)
	at org.apache.hc.client5.http.impl.classic.ContentCompressionExec.execute(ContentCompressionExec.java:138)
	at org.apache.hc.client5.http.impl.classic.ExecChainElement.execute(ExecChainElement.java:51)
	at org.apache.hc.client5.http.impl.classic.HttpRequestRetryExec.execute(HttpRequestRetryExec.java:112)
	at org.apache.hc.client5.http.impl.classic.ExecChainElement.execute(ExecChainElement.java:51)
	at org.apache.hc.client5.http.impl.classic.RedirectExec.execute(RedirectExec.java:110)
	at org.apache.hc.client5.http.impl.classic.ExecChainElement.execute(ExecChainElement.java:51)
	at org.apache.hc.client5.http.impl.classic.InternalHttpClient.doExecute(InternalHttpClient.java:185)
	at org.apache.hc.client5.http.impl.classic.CloseableHttpClient.execute(CloseableHttpClient.java:87)
	at org.apache.hc.client5.http.impl.classic.CloseableHttpClient.execute(CloseableHttpClient.java:55)
	at org.apache.hc.client5.http.classic.HttpClient.executeOpen(HttpClient.java:183)
	at org.springframework.http.client.HttpComponentsClientHttpRequest.executeInternal(HttpComponentsClientHttpRequest.java:99)
	at org.springframework.http.client.AbstractStreamingClientHttpRequest.executeInternal(AbstractStreamingClientHttpRequest.java:87)
	at org.springframework.http.client.AbstractClientHttpRequest.execute(AbstractClientHttpRequest.java:80)
	at org.springframework.http.client.AbstractBufferingClientHttpRequest.executeWithRequestAndBody(AbstractBufferingClientHttpRequest.java:89)
	at org.springframework.http.client.InterceptingClientHttpRequest$EndOfChainRequestExecution.execute(InterceptingClientHttpRequest.java:102)
	at org.springframework.cloud.netflix.eureka.http.RestClientTransportClientFactory.lambda$newClient$2(RestClientTransportClientFactory.java:98)
	at org.springframework.http.client.ClientHttpRequestInterceptor.lambda$apply$0(ClientHttpRequestInterceptor.java:89)
	at org.springframework.http.client.InterceptingClientHttpRequest.executeInternal(InterceptingClientHttpRequest.java:73)
	at org.springframework.http.client.AbstractBufferingClientHttpRequest.executeInternal(AbstractBufferingClientHttpRequest.java:50)
	at org.springframework.http.client.AbstractClientHttpRequest.execute(AbstractClientHttpRequest.java:80)
	at org.springframework.web.client.DefaultRestClient$DefaultRequestBodyUriSpec.exchangeInternal(DefaultRestClient.java:614)
	... 26 common frames omitted
2026-09-17 12:15:37.444 WARN  service=notificacao-service correlationId= thread=DiscoveryClient-CacheRefreshExecutor-%d logger=c.n.d.s.t.d.RetryableEurekaHttpClient - Request execution failed with message: I/O error on GET request for "http://localhost:8761/eureka/apps/delta": Connect to http://localhost:8761 failed: Connection refused: getsockopt
2026-09-17 12:15:37.444 INFO  service=notificacao-service correlationId= thread=DiscoveryClient-CacheRefreshExecutor-%d logger=c.netflix.discovery.DiscoveryClient - DiscoveryClient_NOTIFICACAO-SERVICE/localhost:notificacao-service:8082 - was unable to refresh its cache! This periodic background refresh will be retried in 30 seconds. status = Cannot execute request on any known server
com.netflix.discovery.shared.transport.TransportException: Cannot execute request on any known server
	at com.netflix.discovery.shared.transport.decorator.RetryableEurekaHttpClient.execute(RetryableEurekaHttpClient.java:112)
	at com.netflix.discovery.shared.transport.decorator.EurekaHttpClientDecorator.getDelta(EurekaHttpClientDecorator.java:149)
	at com.netflix.discovery.shared.transport.decorator.EurekaHttpClientDecorator$7.execute(EurekaHttpClientDecorator.java:152)
	at com.netflix.discovery.shared.transport.decorator.SessionedEurekaHttpClient.execute(SessionedEurekaHttpClient.java:76)
	at com.netflix.discovery.shared.transport.decorator.EurekaHttpClientDecorator.getDelta(EurekaHttpClientDecorator.java:149)
	at com.netflix.discovery.DiscoveryClient.getAndUpdateDelta(DiscoveryClient.java:1095)
	at com.netflix.discovery.DiscoveryClient.fetchRegistry(DiscoveryClient.java:978)
	at com.netflix.discovery.DiscoveryClient.refreshRegistry(DiscoveryClient.java:1489)
	at com.netflix.discovery.DiscoveryClient$CacheRefreshThread.run(DiscoveryClient.java:1457)
	at java.base/java.util.concurrent.Executors$RunnableAdapter.call(Executors.java:572)
	at java.base/java.util.concurrent.FutureTask.run(FutureTask.java:317)
	at java.base/java.util.concurrent.ThreadPoolExecutor.runWorker(ThreadPoolExecutor.java:1144)
	at java.base/java.util.concurrent.ThreadPoolExecutor$Worker.run(ThreadPoolExecutor.java:642)
	at java.base/java.lang.Thread.run(Thread.java:1583)
2026-09-17 12:15:37.763 WARN  service=notificacao-service correlationId= thread=HikariPool-1:housekeeper logger=com.zaxxer.hikari.pool.PoolBase - HikariPool-1 - Failed to validate connection org.postgresql.jdbc.PgConnection@43ec3268 (This connection has been closed.). Possibly consider using a shorter maxLifetime value.
2026-09-17 12:15:38.073 INFO  service=notificacao-service correlationId= thread=org.springframework.kafka.KafkaListenerEndpointContainer#0-0-C-1 logger=o.apache.kafka.clients.NetworkClient - [Consumer clientId=consumer-notificacao-service-1, groupId=notificacao-service] Node -1 disconnected.
2026-09-17 12:15:38.073 WARN  service=notificacao-service correlationId= thread=org.springframework.kafka.KafkaListenerEndpointContainer#0-0-C-1 logger=o.apache.kafka.clients.NetworkClient - [Consumer clientId=consumer-notificacao-service-1, groupId=notificacao-service] Connection to node -1 (localhost/127.0.0.1:9092) could not be established. Node may not be available.
2026-09-17 12:15:38.073 WARN  service=notificacao-service correlationId= thread=org.springframework.kafka.KafkaListenerEndpointContainer#0-0-C-1 logger=o.apache.kafka.clients.NetworkClient - [Consumer clientId=consumer-notificacao-service-1, groupId=notificacao-service] Bootstrap broker localhost:9092 (id: -1 rack: null isFenced: false) disconnected
2026-09-17 12:15:39.053 INFO  service=notificacao-service correlationId= thread=org.springframework.kafka.KafkaListenerEndpointContainer#0-0-C-1 logger=org.apache.kafka.clients.Metadata - [Consumer clientId=consumer-notificacao-service-1, groupId=notificacao-service] Rebootstrapping with [localhost/127.0.0.1:9092]
2026-09-17 12:15:39.118 INFO  service=notificacao-service correlationId= thread=org.springframework.kafka.KafkaListenerEndpointContainer#0-0-C-1 logger=o.apache.kafka.clients.NetworkClient - [Consumer clientId=consumer-notificacao-service-1, groupId=notificacao-service] Node -1 disconnected.
2026-09-17 12:15:39.118 WARN  service=notificacao-service correlationId= thread=org.springframework.kafka.KafkaListenerEndpointContainer#0-0-C-1 logger=o.apache.kafka.clients.NetworkClient - [Consumer clientId=consumer-notificacao-service-1, groupId=notificacao-service] Connection to node -1 (localhost/127.0.0.1:9092) could not be established. Node may not be available.
2026-09-17 12:15:39.118 WARN  service=notificacao-service correlationId= thread=org.springframework.kafka.KafkaListenerEndpointContainer#0-0-C-1 logger=o.apache.kafka.clients.NetworkClient - [Consumer clientId=consumer-notificacao-service-1, groupId=notificacao-service] Bootstrap broker localhost:9092 (id: -1 rack: null isFenced: false) disconnected
2026-09-17 12:15:40.130 INFO  service=notificacao-service correlationId= thread=org.springframework.kafka.KafkaListenerEndpointContainer#0-0-C-1 logger=o.apache.kafka.clients.NetworkClient - [Consumer clientId=consumer-notificacao-service-1, groupId=notificacao-service] Node -1 disconnected.
2026-09-17 12:15:40.131 WARN  service=notificacao-service correlationId= thread=org.springframework.kafka.KafkaListenerEndpointContainer#0-0-C-1 logger=o.apache.kafka.clients.NetworkClient - [Consumer clientId=consumer-notificacao-service-1, groupId=notificacao-service] Connection to node -1 (localhost/127.0.0.1:9092) could not be established. Node may not be available.
2026-09-17 12:15:40.131 WARN  service=notificacao-service correlationId= thread=org.springframework.kafka.KafkaListenerEndpointContainer#0-0-C-1 logger=o.apache.kafka.clients.NetworkClient - [Consumer clientId=consumer-notificacao-service-1, groupId=notificacao-service] Bootstrap broker localhost:9092 (id: -1 rack: null isFenced: false) disconnected
2026-09-17 12:15:41.106 INFO  service=notificacao-service correlationId= thread=org.springframework.kafka.KafkaListenerEndpointContainer#0-0-C-1 logger=o.apache.kafka.clients.NetworkClient - [Consumer clientId=consumer-notificacao-service-1, groupId=notificacao-service] Node -1 disconnected.
2026-09-17 12:15:41.107 WARN  service=notificacao-service correlationId= thread=org.springframework.kafka.KafkaListenerEndpointContainer#0-0-C-1 logger=o.apache.kafka.clients.NetworkClient - [Consumer clientId=consumer-notificacao-service-1, groupId=notificacao-service] Connection to node -1 (localhost/127.0.0.1:9092) could not be established. Node may not be available.
2026-09-17 12:15:41.107 WARN  service=notificacao-service correlationId= thread=org.springframework.kafka.KafkaListenerEndpointContainer#0-0-C-1 logger=o.apache.kafka.clients.NetworkClient - [Consumer clientId=consumer-notificacao-service-1, groupId=notificacao-service] Bootstrap broker localhost:9092 (id: -1 rack: null isFenced: false) disconnected
2026-09-17 12:15:42.107 INFO  service=notificacao-service correlationId= thread=org.springframework.kafka.KafkaListenerEndpointContainer#0-0-C-1 logger=o.apache.kafka.clients.NetworkClient - [Consumer clientId=consumer-notificacao-service-1, groupId=notificacao-service] Node -1 disconnected.
2026-09-17 12:15:42.108 WARN  service=notificacao-service correlationId= thread=org.springframework.kafka.KafkaListenerEndpointContainer#0-0-C-1 logger=o.apache.kafka.clients.NetworkClient - [Consumer clientId=consumer-notificacao-service-1, groupId=notificacao-service] Connection to node -1 (localhost/127.0.0.1:9092) could not be established. Node may not be available.
2026-09-17 12:15:42.108 WARN  service=notificacao-service correlationId= thread=org.springframework.kafka.KafkaListenerEndpointContainer#0-0-C-1 logger=o.apache.kafka.clients.NetworkClient - [Consumer clientId=consumer-notificacao-service-1, groupId=notificacao-service] Bootstrap broker localhost:9092 (id: -1 rack: null isFenced: false) disconnected
2026-09-17 12:15:43.121 INFO  service=notificacao-service correlationId= thread=org.springframework.kafka.KafkaListenerEndpointContainer#0-0-C-1 logger=o.apache.kafka.clients.NetworkClient - [Consumer clientId=consumer-notificacao-service-1, groupId=notificacao-service] Node -1 disconnected.
2026-09-17 12:15:43.122 WARN  service=notificacao-service correlationId= thread=org.springframework.kafka.KafkaListenerEndpointContainer#0-0-C-1 logger=o.apache.kafka.clients.NetworkClient - [Consumer clientId=consumer-notificacao-service-1, groupId=notificacao-service] Connection to node -1 (localhost/127.0.0.1:9092) could not be established. Node may not be available.
2026-09-17 12:15:43.122 WARN  service=notificacao-service correlationId= thread=org.springframework.kafka.KafkaListenerEndpointContainer#0-0-C-1 logger=o.apache.kafka.clients.NetworkClient - [Consumer clientId=consumer-notificacao-service-1, groupId=notificacao-service] Bootstrap broker localhost:9092 (id: -1 rack: null isFenced: false) disconnected
2026-09-17 12:15:44.134 INFO  service=notificacao-service correlationId= thread=org.springframework.kafka.KafkaListenerEndpointContainer#0-0-C-1 logger=o.apache.kafka.clients.NetworkClient - [Consumer clientId=consumer-notificacao-service-1, groupId=notificacao-service] Node -1 disconnected.
2026-09-17 12:15:44.135 WARN  service=notificacao-service correlationId= thread=org.springframework.kafka.KafkaListenerEndpointContainer#0-0-C-1 logger=o.apache.kafka.clients.NetworkClient - [Consumer clientId=consumer-notificacao-service-1, groupId=notificacao-service] Connection to node -1 (localhost/127.0.0.1:9092) could not be established. Node may not be available.
2026-09-17 12:15:44.135 WARN  service=notificacao-service correlationId= thread=org.springframework.kafka.KafkaListenerEndpointContainer#0-0-C-1 logger=o.apache.kafka.clients.NetworkClient - [Consumer clientId=consumer-notificacao-service-1, groupId=notificacao-service] Bootstrap broker localhost:9092 (id: -1 rack: null isFenced: false) disconnected
2026-09-17 12:15:45.148 INFO  service=notificacao-service correlationId= thread=org.springframework.kafka.KafkaListenerEndpointContainer#0-0-C-1 logger=o.apache.kafka.clients.NetworkClient - [Consumer clientId=consumer-notificacao-service-1, groupId=notificacao-service] Node -1 disconnected.
2026-09-17 12:15:45.148 WARN  service=notificacao-service correlationId= thread=org.springframework.kafka.KafkaListenerEndpointContainer#0-0-C-1 logger=o.apache.kafka.clients.NetworkClient - [Consumer clientId=consumer-notificacao-service-1, groupId=notificacao-service] Connection to node -1 (localhost/127.0.0.1:9092) could not be established. Node may not be available.
2026-09-17 12:15:45.148 WARN  service=notificacao-service correlationId= thread=org.springframework.kafka.KafkaListenerEndpointContainer#0-0-C-1 logger=o.apache.kafka.clients.NetworkClient - [Consumer clientId=consumer-notificacao-service-1, groupId=notificacao-service] Bootstrap broker localhost:9092 (id: -1 rack: null isFenced: false) disconnected
2026-09-17 12:15:46.160 INFO  service=notificacao-service correlationId= thread=org.springframework.kafka.KafkaListenerEndpointContainer#0-0-C-1 logger=o.apache.kafka.clients.NetworkClient - [Consumer clientId=consumer-notificacao-service-1, groupId=notificacao-service] Node -1 disconnected.
2026-09-17 12:15:46.160 WARN  service=notificacao-service correlationId= thread=org.springframework.kafka.KafkaListenerEndpointContainer#0-0-C-1 logger=o.apache.kafka.clients.NetworkClient - [Consumer clientId=consumer-notificacao-service-1, groupId=notificacao-service] Connection to node -1 (localhost/127.0.0.1:9092) could not be established. Node may not be available.
2026-09-17 12:15:46.160 WARN  service=notificacao-service correlationId= thread=org.springframework.kafka.KafkaListenerEndpointContainer#0-0-C-1 logger=o.apache.kafka.clients.NetworkClient - [Consumer clientId=consumer-notificacao-service-1, groupId=notificacao-service] Bootstrap broker localhost:9092 (id: -1 rack: null isFenced: false) disconnected
2026-09-17 12:15:47.148 INFO  service=notificacao-service correlationId= thread=org.springframework.kafka.KafkaListenerEndpointContainer#0-0-C-1 logger=o.apache.kafka.clients.NetworkClient - [Consumer clientId=consumer-notificacao-service-1, groupId=notificacao-service] Node -1 disconnected.
2026-09-17 12:15:47.148 WARN  service=notificacao-service correlationId= thread=org.springframework.kafka.KafkaListenerEndpointContainer#0-0-C-1 logger=o.apache.kafka.clients.NetworkClient - [Consumer clientId=consumer-notificacao-service-1, groupId=notificacao-service] Connection to node -1 (localhost/127.0.0.1:9092) could not be established. Node may not be available.
2026-09-17 12:15:47.148 WARN  service=notificacao-service correlationId= thread=org.springframework.kafka.KafkaListenerEndpointContainer#0-0-C-1 logger=o.apache.kafka.clients.NetworkClient - [Consumer clientId=consumer-notificacao-service-1, groupId=notificacao-service] Bootstrap broker localhost:9092 (id: -1 rack: null isFenced: false) disconnected
2026-09-17 12:15:47.148 INFO  service=notificacao-service correlationId= thread=org.springframework.kafka.KafkaListenerEndpointContainer#0-0-C-1 logger=org.apache.kafka.clients.Metadata - [Consumer clientId=consumer-notificacao-service-1, groupId=notificacao-service] Rebootstrapping with [localhost/127.0.0.1:9092]
2026-09-17 12:15:47.210 INFO  service=notificacao-service correlationId= thread=org.springframework.kafka.KafkaListenerEndpointContainer#0-0-C-1 logger=org.apache.kafka.clients.Metadata - [Consumer clientId=consumer-notificacao-service-1, groupId=notificacao-service] Rebootstrapping with [localhost/127.0.0.1:9092]
2026-09-17 12:15:47.417 INFO  service=notificacao-service correlationId= thread=org.springframework.kafka.KafkaListenerEndpointContainer#0-0-C-1 logger=org.apache.kafka.clients.Metadata - [Consumer clientId=consumer-notificacao-service-1, groupId=notificacao-service] Rebootstrapping with [localhost/127.0.0.1:9092]
2026-09-17 12:15:47.476 INFO  service=notificacao-service correlationId= thread=org.springframework.kafka.KafkaListenerEndpointContainer#0-0-C-1 logger=org.apache.kafka.clients.Metadata - [Consumer clientId=consumer-notificacao-service-1, groupId=notificacao-service] Rebootstrapping with [localhost/127.0.0.1:9092]
2026-09-17 12:15:47.855 INFO  service=notificacao-service correlationId= thread=org.springframework.kafka.KafkaListenerEndpointContainer#0-0-C-1 logger=org.apache.kafka.clients.Metadata - [Consumer clientId=consumer-notificacao-service-1, groupId=notificacao-service] Rebootstrapping with [localhost/127.0.0.1:9092]
2026-09-17 12:15:47.913 INFO  service=notificacao-service correlationId= thread=org.springframework.kafka.KafkaListenerEndpointContainer#0-0-C-1 logger=org.apache.kafka.clients.Metadata - [Consumer clientId=consumer-notificacao-service-1, groupId=notificacao-service] Rebootstrapping with [localhost/127.0.0.1:9092]
2026-09-17 12:15:48.618 INFO  service=notificacao-service correlationId= thread=org.springframework.kafka.KafkaListenerEndpointContainer#0-0-C-1 logger=o.apache.kafka.clients.NetworkClient - [Consumer clientId=consumer-notificacao-service-1, groupId=notificacao-service] Node -1 disconnected.
2026-09-17 12:15:48.619 WARN  service=notificacao-service correlationId= thread=org.springframework.kafka.KafkaListenerEndpointContainer#0-0-C-1 logger=o.apache.kafka.clients.NetworkClient - [Consumer clientId=consumer-notificacao-service-1, groupId=notificacao-service] Connection to node -1 (localhost/127.0.0.1:9092) could not be established. Node may not be available.
2026-09-17 12:15:48.619 WARN  service=notificacao-service correlationId= thread=org.springframework.kafka.KafkaListenerEndpointContainer#0-0-C-1 logger=o.apache.kafka.clients.NetworkClient - [Consumer clientId=consumer-notificacao-service-1, groupId=notificacao-service] Bootstrap broker localhost:9092 (id: -1 rack: null isFenced: false) disconnected
2026-09-17 12:15:49.592 INFO  service=notificacao-service correlationId= thread=org.springframework.kafka.KafkaListenerEndpointContainer#0-0-C-1 logger=o.apache.kafka.clients.NetworkClient - [Consumer clientId=consumer-notificacao-service-1, groupId=notificacao-service] Node -1 disconnected.
2026-09-17 12:15:49.592 WARN  service=notificacao-service correlationId= thread=org.springframework.kafka.KafkaListenerEndpointContainer#0-0-C-1 logger=o.apache.kafka.clients.NetworkClient - [Consumer clientId=consumer-notificacao-service-1, groupId=notificacao-service] Connection to node -1 (localhost/127.0.0.1:9092) could not be established. Node may not be available.
2026-09-17 12:15:49.592 WARN  service=notificacao-service correlationId= thread=org.springframework.kafka.KafkaListenerEndpointContainer#0-0-C-1 logger=o.apache.kafka.clients.NetworkClient - [Consumer clientId=consumer-notificacao-service-1, groupId=notificacao-service] Bootstrap broker localhost:9092 (id: -1 rack: null isFenced: false) disconnected
2026-09-17 12:15:50.576 INFO  service=notificacao-service correlationId= thread=org.springframework.kafka.KafkaListenerEndpointContainer#0-0-C-1 logger=o.apache.kafka.clients.NetworkClient - [Consumer clientId=consumer-notificacao-service-1, groupId=notificacao-service] Node -1 disconnected.
2026-09-17 12:15:50.577 WARN  service=notificacao-service correlationId= thread=org.springframework.kafka.KafkaListenerEndpointContainer#0-0-C-1 logger=o.apache.kafka.clients.NetworkClient - [Consumer clientId=consumer-notificacao-service-1, groupId=notificacao-service] Connection to node -1 (localhost/127.0.0.1:9092) could not be established. Node may not be available.
2026-09-17 12:15:50.577 WARN  service=notificacao-service correlationId= thread=org.springframework.kafka.KafkaListenerEndpointContainer#0-0-C-1 logger=o.apache.kafka.clients.NetworkClient - [Consumer clientId=consumer-notificacao-service-1, groupId=notificacao-service] Bootstrap broker localhost:9092 (id: -1 rack: null isFenced: false) disconnected
2026-09-17 12:15:51.579 INFO  service=notificacao-service correlationId= thread=org.springframework.kafka.KafkaListenerEndpointContainer#0-0-C-1 logger=o.apache.kafka.clients.NetworkClient - [Consumer clientId=consumer-notificacao-service-1, groupId=notificacao-service] Node -1 disconnected.
2026-09-17 12:15:51.580 WARN  service=notificacao-service correlationId= thread=org.springframework.kafka.KafkaListenerEndpointContainer#0-0-C-1 logger=o.apache.kafka.clients.NetworkClient - [Consumer clientId=consumer-notificacao-service-1, groupId=notificacao-service] Connection to node -1 (localhost/127.0.0.1:9092) could not be established. Node may not be available.
2026-09-17 12:15:51.580 WARN  service=notificacao-service correlationId= thread=org.springframework.kafka.KafkaListenerEndpointContainer#0-0-C-1 logger=o.apache.kafka.clients.NetworkClient - [Consumer clientId=consumer-notificacao-service-1, groupId=notificacao-service] Bootstrap broker localhost:9092 (id: -1 rack: null isFenced: false) disconnected
2026-09-17 12:15:52.583 INFO  service=notificacao-service correlationId= thread=org.springframework.kafka.KafkaListenerEndpointContainer#0-0-C-1 logger=o.apache.kafka.clients.NetworkClient - [Consumer clientId=consumer-notificacao-service-1, groupId=notificacao-service] Node -1 disconnected.
2026-09-17 12:15:52.583 WARN  service=notificacao-service correlationId= thread=org.springframework.kafka.KafkaListenerEndpointContainer#0-0-C-1 logger=o.apache.kafka.clients.NetworkClient - [Consumer clientId=consumer-notificacao-service-1, groupId=notificacao-service] Connection to node -1 (localhost/127.0.0.1:9092) could not be established. Node may not be available.
2026-09-17 12:15:52.583 WARN  service=notificacao-service correlationId= thread=org.springframework.kafka.KafkaListenerEndpointContainer#0-0-C-1 logger=o.apache.kafka.clients.NetworkClient - [Consumer clientId=consumer-notificacao-service-1, groupId=notificacao-service] Bootstrap broker localhost:9092 (id: -1 rack: null isFenced: false) disconnected
2026-09-17 12:15:53.306 WARN  service=notificacao-service correlationId= thread=HikariPool-1:housekeeper logger=com.zaxxer.hikari.pool.PoolBase - HikariPool-1 - Failed to validate connection org.postgresql.jdbc.PgConnection@7ab135d7 (This connection has been closed.). Possibly consider using a shorter maxLifetime value.
2026-09-17 12:15:53.587 INFO  service=notificacao-service correlationId= thread=org.springframework.kafka.KafkaListenerEndpointContainer#0-0-C-1 logger=o.apache.kafka.clients.NetworkClient - [Consumer clientId=consumer-notificacao-service-1, groupId=notificacao-service] Node -1 disconnected.
2026-09-17 12:15:53.587 WARN  service=notificacao-service correlationId= thread=org.springframework.kafka.KafkaListenerEndpointContainer#0-0-C-1 logger=o.apache.kafka.clients.NetworkClient - [Consumer clientId=consumer-notificacao-service-1, groupId=notificacao-service] Connection to node -1 (localhost/127.0.0.1:9092) could not be established. Node may not be available.
2026-09-17 12:15:53.587 WARN  service=notificacao-service correlationId= thread=org.springframework.kafka.KafkaListenerEndpointContainer#0-0-C-1 logger=o.apache.kafka.clients.NetworkClient - [Consumer clientId=consumer-notificacao-service-1, groupId=notificacao-service] Bootstrap broker localhost:9092 (id: -1 rack: null isFenced: false) disconnected
2026-09-17 12:15:54.602 INFO  service=notificacao-service correlationId= thread=org.springframework.kafka.KafkaListenerEndpointContainer#0-0-C-1 logger=o.apache.kafka.clients.NetworkClient - [Consumer clientId=consumer-notificacao-service-1, groupId=notificacao-service] Node -1 disconnected.
2026-09-17 12:15:54.603 WARN  service=notificacao-service correlationId= thread=org.springframework.kafka.KafkaListenerEndpointContainer#0-0-C-1 logger=o.apache.kafka.clients.NetworkClient - [Consumer clientId=consumer-notificacao-service-1, groupId=notificacao-service] Connection to node -1 (localhost/127.0.0.1:9092) could not be established. Node may not be available.
2026-09-17 12:15:54.603 WARN  service=notificacao-service correlationId= thread=org.springframework.kafka.KafkaListenerEndpointContainer#0-0-C-1 logger=o.apache.kafka.clients.NetworkClient - [Consumer clientId=consumer-notificacao-service-1, groupId=notificacao-service] Bootstrap broker localhost:9092 (id: -1 rack: null isFenced: false) disconnected
2026-09-17 12:15:55.605 INFO  service=notificacao-service correlationId= thread=org.springframework.kafka.KafkaListenerEndpointContainer#0-0-C-1 logger=o.apache.kafka.clients.NetworkClient - [Consumer clientId=consumer-notificacao-service-1, groupId=notificacao-service] Node -1 disconnected.
2026-09-17 12:15:55.605 WARN  service=notificacao-service correlationId= thread=org.springframework.kafka.KafkaListenerEndpointContainer#0-0-C-1 logger=o.apache.kafka.clients.NetworkClient - [Consumer clientId=consumer-notificacao-service-1, groupId=notificacao-service] Connection to node -1 (localhost/127.0.0.1:9092) could not be established. Node may not be available.
2026-09-17 12:15:55.605 WARN  service=notificacao-service correlationId= thread=org.springframework.kafka.KafkaListenerEndpointContainer#0-0-C-1 logger=o.apache.kafka.clients.NetworkClient - [Consumer clientId=consumer-notificacao-service-1, groupId=notificacao-service] Bootstrap broker localhost:9092 (id: -1 rack: null isFenced: false) disconnected
2026-09-17 12:15:56.588 INFO  service=notificacao-service correlationId= thread=org.springframework.kafka.KafkaListenerEndpointContainer#0-0-C-1 logger=org.apache.kafka.clients.Metadata - [Consumer clientId=consumer-notificacao-service-1, groupId=notificacao-service] Rebootstrapping with [localhost/127.0.0.1:9092]
2026-09-17 12:15:56.651 INFO  service=notificacao-service correlationId= thread=org.springframework.kafka.KafkaListenerEndpointContainer#0-0-C-1 logger=o.apache.kafka.clients.NetworkClient - [Consumer clientId=consumer-notificacao-service-1, groupId=notificacao-service] Node -1 disconnected.
2026-09-17 12:15:56.651 WARN  service=notificacao-service correlationId= thread=org.springframework.kafka.KafkaListenerEndpointContainer#0-0-C-1 logger=o.apache.kafka.clients.NetworkClient - [Consumer clientId=consumer-notificacao-service-1, groupId=notificacao-service] Connection to node -1 (localhost/127.0.0.1:9092) could not be established. Node may not be available.
2026-09-17 12:15:56.651 WARN  service=notificacao-service correlationId= thread=org.springframework.kafka.KafkaListenerEndpointContainer#0-0-C-1 logger=o.apache.kafka.clients.NetworkClient - [Consumer clientId=consumer-notificacao-service-1, groupId=notificacao-service] Bootstrap broker localhost:9092 (id: -1 rack: null isFenced: false) disconnected
2026-09-17 12:15:57.635 INFO  service=notificacao-service correlationId= thread=org.springframework.kafka.KafkaListenerEndpointContainer#0-0-C-1 logger=o.apache.kafka.clients.NetworkClient - [Consumer clientId=consumer-notificacao-service-1, groupId=notificacao-service] Node -1 disconnected.
2026-09-17 12:15:57.636 WARN  service=notificacao-service correlationId= thread=org.springframework.kafka.KafkaListenerEndpointContainer#0-0-C-1 logger=o.apache.kafka.clients.NetworkClient - [Consumer clientId=consumer-notificacao-service-1, groupId=notificacao-service] Connection to node -1 (localhost/127.0.0.1:9092) could not be established. Node may not be available.
2026-09-17 12:15:57.636 WARN  service=notificacao-service correlationId= thread=org.springframework.kafka.KafkaListenerEndpointContainer#0-0-C-1 logger=o.apache.kafka.clients.NetworkClient - [Consumer clientId=consumer-notificacao-service-1, groupId=notificacao-service] Bootstrap broker localhost:9092 (id: -1 rack: null isFenced: false) disconnected
2026-09-17 12:15:57.651 INFO  service=notificacao-service correlationId= thread=org.springframework.kafka.KafkaListenerEndpointContainer#0-0-C-1 logger=org.apache.kafka.clients.Metadata - [Consumer clientId=consumer-notificacao-service-1, groupId=notificacao-service] Rebootstrapping with [localhost/127.0.0.1:9092]
2026-09-17 12:15:57.713 INFO  service=notificacao-service correlationId= thread=org.springframework.kafka.KafkaListenerEndpointContainer#0-0-C-1 logger=org.apache.kafka.clients.Metadata - [Consumer clientId=consumer-notificacao-service-1, groupId=notificacao-service] Rebootstrapping with [localhost/127.0.0.1:9092]
2026-09-17 12:15:58.141 INFO  service=notificacao-service correlationId= thread=org.springframework.kafka.KafkaListenerEndpointContainer#0-0-C-1 logger=org.apache.kafka.clients.Metadata - [Consumer clientId=consumer-notificacao-service-1, groupId=notificacao-service] Rebootstrapping with [localhost/127.0.0.1:9092]
2026-09-17 12:15:58.154 INFO  service=notificacao-service correlationId= thread=SpringApplicationShutdownHook logger=o.s.c.n.e.s.EurekaServiceRegistry - Unregistering application NOTIFICACAO-SERVICE with eureka with status DOWN
2026-09-17 12:15:58.154 INFO  service=notificacao-service correlationId= thread=SpringApplicationShutdownHook logger=c.netflix.discovery.DiscoveryClient - Saw local status change event StatusChangeEvent [timestamp=1789658158154, current=DOWN, previous=UP]
2026-09-17 12:15:58.154 INFO  service=notificacao-service correlationId= thread=DiscoveryClient-InstanceInfoReplicator-%d logger=c.netflix.discovery.DiscoveryClient - DiscoveryClient_NOTIFICACAO-SERVICE/localhost:notificacao-service:8082: registering service...
2026-09-17 12:15:58.160 INFO  service=notificacao-service correlationId= thread=org.springframework.kafka.KafkaListenerEndpointContainer#0-0-C-1 logger=o.a.k.c.c.i.ConsumerCoordinator - [Consumer clientId=consumer-notificacao-service-1, groupId=notificacao-service] Resetting generation and member id due to: consumer pro-actively leaving the group
2026-09-17 12:15:58.161 INFO  service=notificacao-service correlationId= thread=org.springframework.kafka.KafkaListenerEndpointContainer#0-0-C-1 logger=o.a.k.c.c.i.ConsumerCoordinator - [Consumer clientId=consumer-notificacao-service-1, groupId=notificacao-service] Request joining group due to: consumer pro-actively leaving the group
2026-09-17 12:15:58.161 INFO  service=notificacao-service correlationId= thread=org.springframework.kafka.KafkaListenerEndpointContainer#0-0-C-1 logger=o.a.k.c.c.i.ClassicKafkaConsumer - [Consumer clientId=consumer-notificacao-service-1, groupId=notificacao-service] Unsubscribed all topics or patterns and assigned partitions
2026-09-17 12:15:58.164 INFO  service=notificacao-service correlationId= thread=org.springframework.kafka.KafkaListenerEndpointContainer#0-0-C-1 logger=o.a.k.c.c.i.ConsumerCoordinator - [Consumer clientId=consumer-notificacao-service-1, groupId=notificacao-service] Resetting generation and member id due to: consumer pro-actively leaving the group
2026-09-17 12:15:58.164 INFO  service=notificacao-service correlationId= thread=org.springframework.kafka.KafkaListenerEndpointContainer#0-0-C-1 logger=o.a.k.c.c.i.ConsumerCoordinator - [Consumer clientId=consumer-notificacao-service-1, groupId=notificacao-service] Request joining group due to: consumer pro-actively leaving the group
2026-09-17 12:15:58.167 INFO  service=notificacao-service correlationId= thread=org.springframework.kafka.KafkaListenerEndpointContainer#0-0-C-1 logger=o.a.kafka.common.metrics.Metrics - Metrics scheduler closed
2026-09-17 12:15:58.167 INFO  service=notificacao-service correlationId= thread=org.springframework.kafka.KafkaListenerEndpointContainer#0-0-C-1 logger=o.a.kafka.common.metrics.Metrics - Closing reporter org.apache.kafka.common.metrics.JmxReporter
2026-09-17 12:15:58.167 INFO  service=notificacao-service correlationId= thread=DiscoveryClient-InstanceInfoReplicator-%d logger=c.n.d.s.t.d.RedirectingEurekaHttpClient - Request execution error. endpoint=DefaultEndpoint{ serviceUrl='http://localhost:8761/eureka/}, exception=I/O error on POST request for "http://localhost:8761/eureka/apps/NOTIFICACAO-SERVICE": Connect to http://localhost:8761 failed: Connection refused: getsockopt
org.springframework.web.client.ResourceAccessException: I/O error on POST request for "http://localhost:8761/eureka/apps/NOTIFICACAO-SERVICE": Connect to http://localhost:8761 failed: Connection refused: getsockopt
	at org.springframework.web.client.DefaultRestClient$DefaultRequestBodyUriSpec.createResourceAccessException(DefaultRestClient.java:779)
	at org.springframework.web.client.DefaultRestClient$DefaultRequestBodyUriSpec.exchangeInternal(DefaultRestClient.java:624)
	at org.springframework.web.client.DefaultRestClient$DefaultRequestBodyUriSpec.exchange(DefaultRestClient.java:572)
	at org.springframework.web.client.RestClient$RequestHeadersSpec.exchange(RestClient.java:747)
	at org.springframework.web.client.DefaultRestClient$DefaultResponseSpec.executeAndExtract(DefaultRestClient.java:924)
	at org.springframework.web.client.DefaultRestClient$DefaultResponseSpec.toBodilessEntity(DefaultRestClient.java:888)
	at org.springframework.cloud.netflix.eureka.http.RestClientEurekaHttpClient.register(RestClientEurekaHttpClient.java:64)
	at com.netflix.discovery.shared.transport.decorator.EurekaHttpClientDecorator$1.execute(EurekaHttpClientDecorator.java:59)
	at com.netflix.discovery.shared.transport.decorator.RedirectingEurekaHttpClient.executeOnNewServer(RedirectingEurekaHttpClient.java:120)
	at com.netflix.discovery.shared.transport.decorator.RedirectingEurekaHttpClient.execute(RedirectingEurekaHttpClient.java:79)
	at com.netflix.discovery.shared.transport.decorator.EurekaHttpClientDecorator.register(EurekaHttpClientDecorator.java:56)
	at com.netflix.discovery.shared.transport.decorator.EurekaHttpClientDecorator$1.execute(EurekaHttpClientDecorator.java:59)
	at com.netflix.discovery.shared.transport.decorator.RetryableEurekaHttpClient.execute(RetryableEurekaHttpClient.java:120)
	at com.netflix.discovery.shared.transport.decorator.EurekaHttpClientDecorator.register(EurekaHttpClientDecorator.java:56)
	at com.netflix.discovery.shared.transport.decorator.EurekaHttpClientDecorator$1.execute(EurekaHttpClientDecorator.java:59)
	at com.netflix.discovery.shared.transport.decorator.SessionedEurekaHttpClient.execute(SessionedEurekaHttpClient.java:76)
	at com.netflix.discovery.shared.transport.decorator.EurekaHttpClientDecorator.register(EurekaHttpClientDecorator.java:56)
	at com.netflix.discovery.DiscoveryClient.register(DiscoveryClient.java:843)
	at com.netflix.discovery.InstanceInfoReplicator.run(InstanceInfoReplicator.java:125)
	at com.netflix.discovery.InstanceInfoReplicator$2.run(InstanceInfoReplicator.java:105)
	at java.base/java.util.concurrent.Executors$RunnableAdapter.call(Executors.java:572)
	at java.base/java.util.concurrent.FutureTask.run(FutureTask.java:317)
	at java.base/java.util.concurrent.ScheduledThreadPoolExecutor$ScheduledFutureTask.run(ScheduledThreadPoolExecutor.java:304)
	at java.base/java.util.concurrent.ThreadPoolExecutor.runWorker(ThreadPoolExecutor.java:1144)
	at java.base/java.util.concurrent.ThreadPoolExecutor$Worker.run(ThreadPoolExecutor.java:642)
	at java.base/java.lang.Thread.run(Thread.java:1583)
Caused by: org.apache.hc.client5.http.HttpHostConnectException: Connect to http://localhost:8761 failed: Connection refused: getsockopt
	at java.base/sun.nio.ch.Net.pollConnect(Native Method)
	at java.base/sun.nio.ch.Net.pollConnectNow(Net.java:682)
	at java.base/sun.nio.ch.NioSocketImpl.timedFinishConnect(NioSocketImpl.java:542)
	at java.base/sun.nio.ch.NioSocketImpl.connect(NioSocketImpl.java:592)
	at java.base/java.net.SocksSocketImpl.connect(SocksSocketImpl.java:327)
	at java.base/java.net.Socket.connect(Socket.java:751)
	at org.apache.hc.client5.http.impl.io.DefaultHttpClientConnectionOperator.connect(DefaultHttpClientConnectionOperator.java:219)
	at org.apache.hc.client5.http.impl.io.PoolingHttpClientConnectionManager.connect(PoolingHttpClientConnectionManager.java:547)
	at org.apache.hc.client5.http.impl.classic.InternalExecRuntime.connectEndpoint(InternalExecRuntime.java:164)
	at org.apache.hc.client5.http.impl.classic.InternalExecRuntime.connectEndpoint(InternalExecRuntime.java:174)
	at org.apache.hc.client5.http.impl.classic.ConnectExec.execute(ConnectExec.java:144)
	at org.apache.hc.client5.http.impl.classic.ExecChainElement.execute(ExecChainElement.java:51)
	at org.apache.hc.client5.http.impl.classic.ProtocolExec.execute(ProtocolExec.java:192)
	at org.apache.hc.client5.http.impl.classic.ExecChainElement.execute(ExecChainElement.java:51)
	at org.apache.hc.client5.http.impl.classic.ContentCompressionExec.execute(ContentCompressionExec.java:138)
	at org.apache.hc.client5.http.impl.classic.ExecChainElement.execute(ExecChainElement.java:51)
	at org.apache.hc.client5.http.impl.classic.HttpRequestRetryExec.execute(HttpRequestRetryExec.java:112)
	at org.apache.hc.client5.http.impl.classic.ExecChainElement.execute(ExecChainElement.java:51)
	at org.apache.hc.client5.http.impl.classic.RedirectExec.execute(RedirectExec.java:110)
	at org.apache.hc.client5.http.impl.classic.ExecChainElement.execute(ExecChainElement.java:51)
	at org.apache.hc.client5.http.impl.classic.InternalHttpClient.doExecute(InternalHttpClient.java:185)
	at org.apache.hc.client5.http.impl.classic.CloseableHttpClient.execute(CloseableHttpClient.java:87)
	at org.apache.hc.client5.http.impl.classic.CloseableHttpClient.execute(CloseableHttpClient.java:55)
	at org.apache.hc.client5.http.classic.HttpClient.executeOpen(HttpClient.java:183)
	at org.springframework.http.client.HttpComponentsClientHttpRequest.executeInternal(HttpComponentsClientHttpRequest.java:99)
	at org.springframework.http.client.AbstractStreamingClientHttpRequest.executeInternal(AbstractStreamingClientHttpRequest.java:87)
	at org.springframework.http.client.AbstractClientHttpRequest.execute(AbstractClientHttpRequest.java:80)
	at org.springframework.http.client.AbstractBufferingClientHttpRequest.executeWithRequestAndBody(AbstractBufferingClientHttpRequest.java:89)
	at org.springframework.http.client.InterceptingClientHttpRequest$EndOfChainRequestExecution.execute(InterceptingClientHttpRequest.java:102)
	at org.springframework.cloud.netflix.eureka.http.RestClientTransportClientFactory.lambda$newClient$2(RestClientTransportClientFactory.java:98)
	at org.springframework.http.client.ClientHttpRequestInterceptor.lambda$apply$0(ClientHttpRequestInterceptor.java:89)
	at org.springframework.http.client.InterceptingClientHttpRequest.executeInternal(InterceptingClientHttpRequest.java:73)
	at org.springframework.http.client.AbstractBufferingClientHttpRequest.executeInternal(AbstractBufferingClientHttpRequest.java:50)
	at org.springframework.http.client.AbstractClientHttpRequest.execute(AbstractClientHttpRequest.java:80)
	at org.springframework.web.client.DefaultRestClient$DefaultRequestBodyUriSpec.exchangeInternal(DefaultRestClient.java:614)
	... 24 common frames omitted
2026-09-17 12:15:58.167 INFO  service=notificacao-service correlationId= thread=org.springframework.kafka.KafkaListenerEndpointContainer#0-0-C-1 logger=o.a.kafka.common.metrics.Metrics - Closing reporter org.apache.kafka.common.telemetry.internals.ClientTelemetryReporter
2026-09-17 12:15:58.168 WARN  service=notificacao-service correlationId= thread=DiscoveryClient-InstanceInfoReplicator-%d logger=c.n.d.s.t.d.RetryableEurekaHttpClient - Request execution failed with message: I/O error on POST request for "http://localhost:8761/eureka/apps/NOTIFICACAO-SERVICE": Connect to http://localhost:8761 failed: Connection refused: getsockopt
2026-09-17 12:15:58.168 INFO  service=notificacao-service correlationId= thread=org.springframework.kafka.KafkaListenerEndpointContainer#0-0-C-1 logger=o.a.kafka.common.metrics.Metrics - Metrics reporters closed
2026-09-17 12:15:58.168 WARN  service=notificacao-service correlationId= thread=DiscoveryClient-InstanceInfoReplicator-%d logger=c.netflix.discovery.DiscoveryClient - DiscoveryClient_NOTIFICACAO-SERVICE/localhost:notificacao-service:8082 - registration failed Cannot execute request on any known server
com.netflix.discovery.shared.transport.TransportException: Cannot execute request on any known server
	at com.netflix.discovery.shared.transport.decorator.RetryableEurekaHttpClient.execute(RetryableEurekaHttpClient.java:112)
	at com.netflix.discovery.shared.transport.decorator.EurekaHttpClientDecorator.register(EurekaHttpClientDecorator.java:56)
	at com.netflix.discovery.shared.transport.decorator.EurekaHttpClientDecorator$1.execute(EurekaHttpClientDecorator.java:59)
	at com.netflix.discovery.shared.transport.decorator.SessionedEurekaHttpClient.execute(SessionedEurekaHttpClient.java:76)
	at com.netflix.discovery.shared.transport.decorator.EurekaHttpClientDecorator.register(EurekaHttpClientDecorator.java:56)
	at com.netflix.discovery.DiscoveryClient.register(DiscoveryClient.java:843)
	at com.netflix.discovery.InstanceInfoReplicator.run(InstanceInfoReplicator.java:125)
	at com.netflix.discovery.InstanceInfoReplicator$2.run(InstanceInfoReplicator.java:105)
	at java.base/java.util.concurrent.Executors$RunnableAdapter.call(Executors.java:572)
	at java.base/java.util.concurrent.FutureTask.run(FutureTask.java:317)
	at java.base/java.util.concurrent.ScheduledThreadPoolExecutor$ScheduledFutureTask.run(ScheduledThreadPoolExecutor.java:304)
	at java.base/java.util.concurrent.ThreadPoolExecutor.runWorker(ThreadPoolExecutor.java:1144)
	at java.base/java.util.concurrent.ThreadPoolExecutor$Worker.run(ThreadPoolExecutor.java:642)
	at java.base/java.lang.Thread.run(Thread.java:1583)
2026-09-17 12:15:58.168 WARN  service=notificacao-service correlationId= thread=DiscoveryClient-InstanceInfoReplicator-%d logger=c.n.discovery.InstanceInfoReplicator - There was a problem with the instance info replicator
com.netflix.discovery.shared.transport.TransportException: Cannot execute request on any known server
	at com.netflix.discovery.shared.transport.decorator.RetryableEurekaHttpClient.execute(RetryableEurekaHttpClient.java:112)
	at com.netflix.discovery.shared.transport.decorator.EurekaHttpClientDecorator.register(EurekaHttpClientDecorator.java:56)
	at com.netflix.discovery.shared.transport.decorator.EurekaHttpClientDecorator$1.execute(EurekaHttpClientDecorator.java:59)
	at com.netflix.discovery.shared.transport.decorator.SessionedEurekaHttpClient.execute(SessionedEurekaHttpClient.java:76)
	at com.netflix.discovery.shared.transport.decorator.EurekaHttpClientDecorator.register(EurekaHttpClientDecorator.java:56)
	at com.netflix.discovery.DiscoveryClient.register(DiscoveryClient.java:843)
	at com.netflix.discovery.InstanceInfoReplicator.run(InstanceInfoReplicator.java:125)
	at com.netflix.discovery.InstanceInfoReplicator$2.run(InstanceInfoReplicator.java:105)
	at java.base/java.util.concurrent.Executors$RunnableAdapter.call(Executors.java:572)
	at java.base/java.util.concurrent.FutureTask.run(FutureTask.java:317)
	at java.base/java.util.concurrent.ScheduledThreadPoolExecutor$ScheduledFutureTask.run(ScheduledThreadPoolExecutor.java:304)
	at java.base/java.util.concurrent.ThreadPoolExecutor.runWorker(ThreadPoolExecutor.java:1144)
	at java.base/java.util.concurrent.ThreadPoolExecutor$Worker.run(ThreadPoolExecutor.java:642)
	at java.base/java.lang.Thread.run(Thread.java:1583)
2026-09-17 12:15:58.173 INFO  service=notificacao-service correlationId= thread=org.springframework.kafka.KafkaListenerEndpointContainer#0-0-C-1 logger=o.a.kafka.common.utils.AppInfoParser - App info kafka.consumer for consumer-notificacao-service-1 unregistered
2026-09-17 12:15:58.174 INFO  service=notificacao-service correlationId= thread=org.springframework.kafka.KafkaListenerEndpointContainer#0-0-C-1 logger=o.s.k.l.KafkaMessageListenerContainer - notificacao-service: Consumer stopped
2026-09-17 12:15:58.176 INFO  service=notificacao-service correlationId= thread=SpringApplicationShutdownHook logger=o.s.boot.tomcat.GracefulShutdown - Commencing graceful shutdown. Waiting for active requests to complete
2026-09-17 12:15:58.191 INFO  service=notificacao-service correlationId= thread=tomcat-shutdown logger=o.s.boot.tomcat.GracefulShutdown - Graceful shutdown complete
2026-09-17 12:15:58.200 INFO  service=notificacao-service correlationId= thread=SpringApplicationShutdownHook logger=o.s.o.j.LocalContainerEntityManagerFactoryBean - Closing JPA EntityManagerFactory for persistence unit 'default'
2026-09-17 12:15:58.203 INFO  service=notificacao-service correlationId= thread=SpringApplicationShutdownHook logger=com.zaxxer.hikari.HikariDataSource - HikariPool-1 - Shutdown initiated...
2026-09-17 12:16:00.734 INFO  service=notificacao-service correlationId= thread=SpringApplicationShutdownHook logger=com.zaxxer.hikari.HikariDataSource - HikariPool-1 - Shutdown completed.
2026-09-17 12:16:01.381 INFO  service=notificacao-service correlationId= thread=SpringApplicationShutdownHook logger=c.netflix.discovery.DiscoveryClient - Shutting down DiscoveryClient ...
